panel,model_year,engine_family,carryover_family,lineage_root,lineage_depth
nonroad,2011,BLGCL02.5S4Q,4LGCL02.5S4Q,BLGCL02.5S4Q,0
nonroad,2011,BJDXL02.9139,3JDXL02.9050,BJDXL02.9139,0
nonroad,2011,BJCGL0.42D1N,AJCGL0.42D1N,BJCGL0.42D1N,0
nonroad,2012,CYDXL2.09K4N,BYDXL2.09K4N,CYDXL2.09K4N,0
nonroad,2011,BFDUL0.2918D,AFDUL0.2918D,BFDUL0.2918D,0
nonroad,2011,BTLEL3.994TA,8TLEL3.994TA,BTLEL3.994TA,0
nonroad,2011,BSHLL1.36LDE,,BSHLL1.36LDE,0
nonroad,2011,BSHLL1.53DDD,,BSHLL1.53DDD,0
nonroad,2011,BSHLL2.16DDD,,BSHLL2.16DDD,0
nonroad,2011,BCEXL019.AAD,ACEXL019.AAD,BCEXL019.AAD,0
nonroad,2011,BYNDL2.55AAA,,BYNDL2.55AAA,0
nonroad,2012,CCEXL030.AAD,BCEXL030.AAD,CCEXL030.AAD,0
nonroad,2012,CCEXL0540AAB,BCEXL0540AAB,CCEXL0540AAB,0
nonroad,2012,CJDXL09.0140,,CJDXL09.0140,0
nonroad,2012,CVPXL16.1ACB,BVPXL16.1ACB,CVPXL16.1ACB,0
nonroad,2012,CCEXL11.9AAA,,CCEXL11.9AAA,0
nonroad,2012,CSZXL02.2UXA,8SZXL02.2UXA,CSZXL02.2UXA,0
nonroad,2012,CSZXL02.2VNA,8SZXL02.2VNA,CSZXL02.2VNA,0
nonroad,2012,CMMLL01.8C35,BMMLL01.8C35,CMMLL01.8C35,0
nonroad,2012,CKBXL03.6BCD,BKBXL03.6BCD,CKBXL03.6BCD,0
nonroad,2012,CH3XL1.49NTV,,CH3XL1.49NTV,0
nonroad,2012,CPKXL04.4NM2,BPKXL04.4NM2,CPKXL04.4NM2,0
nonroad,2012,CPKXL04.4NH1,BPKXL04.4NH1,CPKXL04.4NH1,0
nonroad,2012,CWKPL0.436KP,BWKPL0.436KP,BWKPL0.436KP,1
nonroad,2012,CLGCL02.0L3L,ALGCL02.0L3L,CLGCL02.0L3L,0
nonroad,2012,CCPXL15.2ESW,BCPXL15.2ESW,CCPXL15.2ESW,0
nonroad,2012,CH3XL1.13SLC,BH3XL1.13SLC,CH3XL1.13SLC,0
nonroad,2012,CH3XL2.22TCC,BH3XL2.22TCC,CH3XL2.22TCC,0
nonroad,2012,CSHLL1.36LDE,BSHLL1.36LDE,BSHLL1.36LDE,1
nonroad,2012,CSHLL1.53LDE,BSHLL1.53LDE,BSHLL1.53LDE,1
nonroad,2012,CKLXL06.7AAG,BKLXL06.7AAG,CKLXL06.7AAG,0
nonroad,2012,CMMLL03.5N79,,CMMLL03.5N79,0
nonroad,2012,CDZXL07.1005,,CDZXL07.1005,0
nonroad,2011,BKMCL2.39A45,,BKMCL2.39A45,0
nonroad,2012,CYDXL1.11Y3N,BYDXL1.11Y3N,CYDXL1.11Y3N,0
nonroad,2012,CKMCL1.71A31,8KMCL1.71A31,CKMCL1.71A31,0
nonroad,2012,CFHML0.435CH,BFHML0.435CH,BFHML0.435CH,1
nonroad,2012,CCHCL0.79AAA,BCHCL0.79AAA,BCHCL0.79AAA,1
nonroad,2012,CFPXL04.5SCB,,CFPXL04.5SCB,0
nonroad,2012,CMVXL01.8EEE,BMVXL01.8EEE,CMVXL01.8EEE,0
nonroad,2012,CMVXL02.5FFF,BMVXL02.5FFF,CMVXL02.5FFF,0
nonroad,2012,CKMCL2.39A45,BKMCL2.39A45,BKMCL2.39A45,1
nonroad,2012,CFLTL.418AGA,BFLTL.418AGA,BFLTL.418AGA,1
nonroad,2012,CHZXL.347C30,BHYXL.347C30,CHZXL.347C30,0
nonroad,2012,CSCLL02.7V49,BSCLL02.7V49,CSCLL02.7V49,0
nonroad,2012,CSCLL02.7V58,BSCLL02.7V58,CSCLL02.7V58,0
nonroad,2012,CDZXL03.6084,BDZXL03.6084,CDZXL03.6084,0
nonroad,2012,CTIEL02.51DZ,,CTIEL02.51DZ,0
nonroad,2012,CDCLL02.2D7T,BDCLL02.2D7T,BDCLL02.2D7T,1
nonroad,2012,CDCLL02.4B7T,BDCLL02.4B7T,BDCLL02.4B7T,1
nonroad,2012,CCPXL27.0ESJ,ACPXL27.0ESK,CCPXL27.0ESJ,0
nonroad,2012,CHZXL.667C82,BHYXL.667C82,CHZXL.667C82,0
nonroad,2012,CKHXL2.19CH2,BLBDL2.19CH2,CKHXL2.19CH2,0
nonroad,2012,CY9XL16.4CAA,BY9XL16.4CAA,CY9XL16.4CAA,0
nonroad,2012,CHZXL3.43C42,BHZXL3.43C43,CHZXL3.43C42,0
nonroad,2012,CKHXL.686SF2,BLBDL.686SF2,CKHXL.686SF2,0
nonroad,2012,CICLL1.12B3G,BICLL1.12B3G,CICLL1.12B3G,0
nonroad,2012,CCZKL.418F86,,CCZKL.418F86,0
nonroad,2012,CFZWL0.42AAA,BFZWL0.42AAA,BFZWL0.42AAA,1
nonroad,2012,CDZXL06.1007,,CDZXL06.1007,0
nonroad,2012,CYDXL0.44J1N,BYDXL0.44J1N,CYDXL0.44J1N,0
nonroad,2012,CCEXL15.0AAA,,CCEXL15.0AAA,0
nonroad,2012,CCPXL32.0HZA,BCPXL32.0HZA,CCPXL32.0HZA,0
nonroad,2012,CLHAL12.0TEC,,CLHAL12.0TEC,0
nonroad,2013,DCEXL0275AAK,CCEXL0275AAK,CCEXL0275AAK,1
nonroad,2013,DCEXL11.9AAA,CCEXL11.9AAA,CCEXL11.9AAA,1
nonroad,2012,CPKXL06.6BK1,,CPKXL06.6BK1,0
nonroad,2012,CAELL2.14FTD,,CAELL2.14FTD,0
nonroad,2012,CYDXL3.05K4N,BYDXL3.05K4N,CYDXL3.05K4N,0
nonroad,2013,DFPXL12.9TR4,CFPXL12.9TR4,CFPXL12.9TR4,1
nonroad,2013,DFPXL08.7EVG,CFPXL08.7EVG,CFPXL08.7EVG,1
nonroad,2013,DFPXL06.7DGB,CFPXL06.7DGB,CFPXL06.7DGB,1
nonroad,2013,DKLXL23.2FD5,CKLXL23.2FD5,CKLXL23.2FD5,1
nonroad,2013,DCEXL023.AAB,CCEXL023.AAB,CCEXL023.AAB,1
nonroad,2012,CJDXL06.8210,,CJDXL06.8210,0
nonroad,2013,DCEXL15.0AAA,CCEXL15.0AAA,CCEXL15.0AAA,1
nonroad,2013,DCEXL15.0AAI,CCEXL15.0AAI,CCEXL15.0AAI,1
nonroad,2013,DVPXL09.4BAA,CVPXL09.4BAA,CVPXL09.4BAA,1
nonroad,2013,DVSXL12.8T4I,CVSXL12.8T4I,CVSXL12.8T4I,1
nonroad,2013,DVSXL16.1T4I,CVSXL16.1T4I,CVSXL16.1T4I,1
nonroad,2013,DKBXL.276KCB,,DKBXL.276KCB,0
nonroad,2013,DFPXL06.7SCB,CFPXL06.7SCB,CFPXL06.7SCB,1
nonroad,2013,DFPXL04.5SCB,CFPXL04.5SCB,CFPXL04.5SCB,1
nonroad,2013,DKBXL01.1DCB,,DKBXL01.1DCB,0
nonroad,2013,DFPXL03.4CDD,,DFPXL03.4CDD,0
nonroad,2013,DCPXL11.1ESJ,CCPXL11.1ESJ,CCPXL11.1ESJ,1
nonroad,2012,CMVXL24.5BBA,,CMVXL24.5BBA,0
nonroad,2013,DJDXL06.8106,,DJDXL06.8106,0
nonroad,2012,CVWXL02.0CPY,,CVWXL02.0CPY,0
nonroad,2013,DH3XL2.22L84,CH3XL2.22L84,CH3XL2.22L84,1
nonroad,2014,EKBXL01.1DCB,DKBXL01.1DCB,DKBXL01.1DCB,1
nonroad,2012,CCPXL27.0HXA,BCPXL27.0HXA,CCPXL27.0HXA,0
nonroad,2012,CCPXL32.0HXA,BCPXL32.0HXA,CCPXL32.0HXA,0
nonroad,2012,CDZXL03.1041,,CDZXL03.1041,0
nonroad,2013,DICLL1.12B3X,,DICLL1.12B3X,0
nonroad,2012,CCPXL12.5HPB,BCPXL12.5HPA,CCPXL12.5HPB,0
nonroad,2012,CCPXL15.2HPA,BCPXL15.2HPA,CCPXL15.2HPA,0
nonroad,2012,CCPXL12.5HPA,BCPXL12.5HPA,CCPXL12.5HPA,0
nonroad,2013,DJDXL02.9121,,DJDXL02.9121,0
nonroad,2012,CCPXL15.2ESJ,BCPXL15.2ESW,CCPXL15.2ESJ,0
nonroad,2012,CCPXL08.8NZS,BCPXL08.8NZS,CCPXL08.8NZS,0
nonroad,2013,DMBXL07.2RJB,BMBXL07.2RJB,DMBXL07.2RJB,0
nonroad,2013,DYDXL1.64NDA,,DYDXL1.64NDA,0
nonroad,2013,DKBXL03.8CKD,,DKBXL03.8CKD,0
nonroad,2013,DKBXL06.1AMD,CKBXL06.1AMD,CKBXL06.1AMD,1
nonroad,2013,DKMCL2.28A47,,DKMCL2.28A47,0
nonroad,2013,DMVXL33.9BBA,8MVXL33.9BBA,DMVXL33.9BBA,0
nonroad,2013,DJDXL06.8105,CJDXL06.8105,DJDXL06.8105,0
nonroad,2013,DNFXL03.0DD1,CNFXL03.0DD1,CNFXL03.0DD1,1
nonroad,2013,DKMCL1.17A33,8KMCL1.17A33,DKMCL1.17A33,0
nonroad,2013,DDZXL04.8024,,DDZXL04.8024,0
nonroad,2013,DKHXL.442155,,DKHXL.442155,0
nonroad,2013,DMVXL01.0EEE,,DMVXL01.0EEE,0
nonroad,2013,DDZXL02.9020,,DDZXL02.9020,0
nonroad,2013,DDCLL01.8F7T,,DDCLL01.8F7T,0
nonroad,2014,ESIDL03.3G7A,DSIDL03.3G7A,CSIDL03.3G7A,2
nonroad,2013,DMVXL03.3GGG,,DMVXL03.3GGG,0
nonroad,2013,DHZXL.445V43,,DHZXL.445V43,0
nonroad,2014,EKLXL23.2FD5,CKLXL23.2FD5,CKLXL23.2FD5,1
nonroad,2014,ECEXL023.AAB,CCEXL023.AAB,CCEXL023.AAB,1
nonroad,2013,DMMLL02.7NEF,,DMMLL02.7NEF,0
nonroad,2014,EJDXL02.9216,,EJDXL02.9216,0
nonroad,2014,EKHXL.34935D,,EKHXL.34935D,0
nonroad,2013,DMMLL02.7C49,,DMMLL02.7C49,0
nonroad,2013,DCPXL08.8NZS,CCPXL08.8NZS,CCPXL08.8NZS,1
nonroad,2014,EVPXL16.1ACB,DVPXL16.1ACB,CVPXL16.1ACB,2
nonroad,2013,DPKXL06.6PJ2,CPKXL06.6PJ2,CPKXL06.6PJ2,1
nonroad,2014,ECEXL13.0AAA,,ECEXL13.0AAA,0
nonroad,2014,EVSXL12.8T4F,,EVSXL12.8T4F,0
nonroad,2014,ECEXL60.0AAA,DCEXL60.0AAA,DCEXL60.0AAA,1
nonroad,2014,EDICL05.8HTB,CDICL05.8HTB,CDICL05.8HTB,1
nonroad,2013,DYDXL1.50L3T,CYDXL1.50K3T,CYDXL1.50K3T,1
nonroad,2013,DYDXL2.00L4T,CYDXL2.00N4T,CYDXL2.00N4T,1
nonroad,2013,DCPXL18.1NYS,CCPXL18.1NYS,CCPXL18.1NYS,1
nonroad,2013,DVPXL16.1CDA,CVPXL16.1CDA,CVPXL16.1CDA,1
nonroad,2014,EKBXL.325KCB,DKBXL.325KCB,DKBXL.325KCB,1
nonroad,2013,DKBXL.719KCB,,DKBXL.719KCB,0
nonroad,2014,EPKXL06.6PJ1,DPKXL06.6PJ1,CPKXL06.6PJ1,2
nonroad,2013,DPKXL18.1TAG,,DPKXL18.1TAG,0
nonroad,2013,DCPXL15.2HZA,CCPXL15.2HZA,CCPXL15.2HZA,1
nonroad,2013,DCPXL18.1HZA,CCPXL18.1HZA,CCPXL18.1HZA,1
nonroad,2013,DLHAL7.01SZC,CLHAL7.01SZC,CLHAL7.01SZC,1
nonroad,2014,EH3XL1.13SLC,DH3XL1.13SLC,CH3XL1.13SLC,2
nonroad,2014,EH3XL1.49N3C,DH3XL1.49N3C,CH3XL1.49N3C,2
nonroad,2013,DKBXL02.6END,,DKBXL02.6END,0
nonroad,2014,EKBXL03.3BCC,CKBXL03.3BCC,CKBXL03.3BCC,1
nonroad,2012,CCPXL18.1NZS,BCPXL18.1NZS,CCPXL18.1NZS,0
nonroad,2013,DCPXL15.2NYS,CCPXL15.2NYS,CCPXL15.2NYS,1
nonroad,2014,EKBXL03.8AKD,CKBXL03.8AKD,CKBXL03.8AKD,1
nonroad,2013,DMMLL02.7M40,,DMMLL02.7M40,0
nonroad,2014,EICLL1.12B3X,DICLL1.12B3X,DICLL1.12B3X,1
nonroad,2014,EYDXL0.99NUA,DYDXL0.99NUA,DYDXL0.99NUA,1
nonroad,2014,EJCBL04.4TA9,DJCBL04.4TA9,DJCBL04.4TA9,1
nonroad,2014,ECPXL15.2NYS,DCPXL15.2NYS,CCPXL15.2NYS,2
nonroad,2013,DDZXL02.9016,,DDZXL02.9016,0
nonroad,2014,EMMLL02.7C40,DMMLL02.7C40,DMMLL02.7C40,1
nonroad,2013,DCPXL15.2HTF,,DCPXL15.2HTF,0
nonroad,2014,EDZXL07.8046,,EDZXL07.8046,0
nonroad,2013,DCPXL27.0HXF,CCPXL27.0HXA,CCPXL27.0HXA,1
nonroad,2015,FYDXL0.99NWA,DYDXL0.99NWA,DYDXL0.99NWA,1
nonroad,2015,FYDXL1.27NWA,DYDXL1.27NWA,DYDXL1.27NWA,1
nonroad,2014,EKLXL06.7AAM,,EKLXL06.7AAM,0
nonroad,2014,EH3XL2.22NLT,DH3XL2.22NLT,CH3XL2.22NLT,2
nonroad,2014,EH3XL2.22N4T,DH3XL2.22N4T,CH3XL2.22N4T,2
nonroad,2014,EDZXL04.1013,DDZXL04.1013,CDZXL04.1013,2
nonroad,2014,EMVXL65.4BBB,8MVXL65.4BBB,EMVXL65.4BBB,0
nonroad,2013,DCPXL18.1NZS,CCPXL18.1NZS,CCPXL18.1NZS,1
nonroad,2014,EJDXL09.0114,CJDXL09.0114,CJDXL09.0114,1
nonroad,2014,EHZXL.517M51,DHZXL.517V52,DHZXL.517V52,1
nonroad,2014,ECPXL08.8NZS,DCPXL08.8NZS,CCPXL08.8NZS,2
nonroad,2014,EDZXL04.8029,DDZXL04.8029,CDZXL04.8029,2
nonroad,2014,EDZXL07.1026,DDZXL07.1026,CDZXL07.1026,2
nonroad,2013,DPKXL7.01BL1,CPKXL7.01BL1,CPKXL7.01BL1,1
nonroad,2014,EY9XL16.4DBA,,EY9XL16.4DBA,0
nonroad,2014,EKMCL1.72AN3,,EKMCL1.72AN3,0
nonroad,2014,EH3XL2.22TF3,DH3XL2.22TF3,DH3XL2.22TF3,1
nonroad,2015,FFPXL04.5DTD,EFPXL04.5DTD,CFPXL04.5DTD,3
nonroad,2015,FFPXL08.7TR3,EFPXL08.7TR3,CFPXL08.7TR3,3
nonroad,2015,FFPXL03.4CDC,EFPXL03.4CDC,DFPXL03.4CDC,2
nonroad,2014,EYDXL1.64NGA,,EYDXL1.64NGA,0
nonroad,2014,EY9XL09.3DAA,,EY9XL09.3DAA,0
nonroad,2014,EMVXL49.0BBA,,EMVXL49.0BBA,0
nonroad,2014,EH3XL2.22CN3,,EH3XL2.22CN3,0
nonroad,2014,EH3XL2.22CN4,,EH3XL2.22CN4,0
nonroad,2014,EDICL01.8LEA,,EDICL01.8LEA,0
nonroad,2015,FKLXL06.7AAM,EKLXL06.7AAM,EKLXL06.7AAM,1
nonroad,2015,FCPXL15.2NYS,ECPXL15.2NYS,CCPXL15.2NYS,3
nonroad,2015,FPKXL04.4NM1,EPKXL04.4NM1,CPKXL04.4NM1,3
nonroad,2015,FPKXL04.4NL1,EPKXL04.4NL1,CPKXL04.4NL1,3
nonroad,2015,FPKXL04.4NJ1,EPKXL04.4NJ1,CPKXL04.4NJ1,3
nonroad,2015,FPKXL04.4NH1,EPKXL04.4NH1,CPKXL04.4NH1,3
nonroad,2015,FFPXL08.7CLA,,FFPXL08.7CLA,0
nonroad,2015,FJDXL02.9121,DJDXL02.9121,DJDXL02.9121,1
nonroad,2015,FH3XL2.22L84,EH3XL2.22L84,CH3XL2.22L84,3
nonroad,2015,FH3XL2.22N4T,EH3XL2.22N4T,CH3XL2.22N4T,3
nonroad,2015,FH3XL1.49F2C,EH3XL1.49F2C,DH3XL1.49F2C,2
nonroad,2014,EJDXL02.9121,DJDXL02.9121,DJDXL02.9121,1
nonroad,2014,EMVXL02.2AAA,,EMVXL02.2AAA,0
nonroad,2015,FTIEL03.01KD,ETIEL03.01KD,ETIEL03.01KD,1
nonroad,2015,FFPXL03.4FSD,EFPXL03.4FSD,EFPXL03.4FSD,1
nonroad,2015,FKHXL.34935D,EKHXL.34935D,EKHXL.34935D,1
nonroad,2015,FKHXL1.259LD,EKHXL1.259LD,EKHXL1.259LD,1
nonroad,2015,FKHXL2.48ESM,EKHXL2.48ESM,EKHXL2.48ESM,1
nonroad,2014,ECPXL18.1HZA,DCPXL18.1HZA,CCPXL18.1HZA,2
nonroad,2014,ECPXL18.1HXF,DCPXL18.1HXF,CCPXL18.1HXA,2
nonroad,2015,FMMLL02.7C42,EMMLL02.7C42,EMMLL02.7C42,1
nonroad,2015,FMMLL02.7C40,DMMLL02.7C40,DMMLL02.7C40,1
nonroad,2015,FVPXL16.1ADA,EVPXL16.1ADA,CVPXL16.1ADA,3
nonroad,2015,FVPXL16.1ACG,EVPXL16.1ACG,CVPXL16.1ACG,3
nonroad,2015,FKBXL.719KCB,DKBXL.719KCB,DKBXL.719KCB,1
nonroad,2015,FKBXL.898KCB,DKBXL.898KCB,DKBXL.898KCB,1
nonroad,2015,FKBXL01.5BCC,DKBXL01.5BCC,DKBXL01.5BCC,1
nonroad,2016,GKBXL01.1DCB,DKBXL01.1DCB,DKBXL01.1DCB,1
nonroad,2014,EJDXL09.0301,,EJDXL09.0301,0
nonroad,2014,EJCBL04.4TA5,DJCBL04.4TA5,DJCBL04.4TA5,1
nonroad,2015,FKMCL1.17A33,DKMCL1.17A33,DKMCL1.17A33,1
nonroad,2015,FFPXL03.4ESD,EFPXL03.4ESD,EFPXL03.4ESD,1
nonroad,2015,FPKXL06.6PJ2,EPKXL06.6PJ2,CPKXL06.6PJ2,3
nonroad,2014,EH3XL2.22TDI,DH3XL2.22TDI,DH3XL2.22TDI,1
nonroad,2014,EMDDL57.2XTC,,EMDDL57.2XTC,0
nonroad,2015,FKBXL02.6END,DKBXL02.6END,DKBXL02.6END,1
nonroad,2015,FYDXL2.09HDA,DYDXL2.09HDA,DYDXL2.09HDA,1
nonroad,2015,FYDXL3.32NDB,DYDXL3.32NDA,DYDXL3.32NDA,1
nonroad,2014,EVPXL10.8CJA,,EVPXL10.8CJA,0
nonroad,2015,FHZXL.997M40,EHZXL.997M40,DHZXL.997V41,2
nonroad,2014,ECPXL09.3HPA,,ECPXL09.3HPA,0
nonroad,2015,FDCLL02.4F7T,DDCLL02.4F7T,DDCLL02.4F7T,1
nonroad,2015,FMVXL03.3AAJ,7MVXL03.3AAC,FMVXL03.3AAJ,0
nonroad,2014,ECPXL27.0HZA,DCPXL27.0HZA,CCPXL27.0HZA,2
nonroad,2014,ECPXL27.0HXF,DCPXL27.0HXF,CCPXL27.0HXA,2
nonroad,2014,EYDXL1.57TDA,DYDXL1.57TDA,DYDXL1.57TDA,1
nonroad,2015,FDCLL01.8F7D,,FDCLL01.8F7D,0
nonroad,2015,FMBXL04.8RJC,,FMBXL04.8RJC,0
nonroad,2015,FDZXL03.6018,EDZXL03.6018,EDZXL03.6018,1
nonroad,2015,FFPXL03.4ADD,,FFPXL03.4ADD,0
nonroad,2015,FCPXL18.1NYS,ECPXL18.1NYS,CCPXL18.1NYS,3
nonroad,2015,FKMCL1.72A31,,FKMCL1.72A31,0
nonroad,2015,FKHXL2.48EST,,FKHXL2.48EST,0
nonroad,2015,FKHXL3.36EST,,FKHXL3.36EST,0
nonroad,2015,FH3XL2.22AB6,EH3XL2.22AB6,EH3XL2.22AB6,1
nonroad,2015,FJDXL04.5214,DJDXL04.5214,DJDXL04.5214,1
nonroad,2016,GFPXL04.5DTD,FFPXL04.5DTD,CFPXL04.5DTD,4
nonroad,2015,FH3XL2.22TD3,,FH3XL2.22TD3,0
nonroad,2015,FVWXL02.0CPY,DVWXL02.0CPY,DVWXL02.0CPY,1
nonroad,2015,FCEXL03.3ACK,ECEXL03.3ACK,ECEXL03.3ACK,1
nonroad,2015,FDZXL03.6060,,FDZXL03.6060,0
nonroad,2015,FDZXL07.1032,EDZXL07.1032,CDZXL07.1032,3
nonroad,2015,FVPXL16.1CDC,,FVPXL16.1CDC,0
nonroad,2016,GCPXL15.2NYS,FCPXL15.2NYS,CCPXL15.2NYS,4
nonroad,2015,FPKXL7.01BL1,,FPKXL7.01BL1,0
nonroad,2016,GYDXL3.32C4T,CYDXL3.32C4T,CYDXL3.32C4T,1
nonroad,2016,GKLXL15.2EDC,EKLXL15.2EDC,EKLXL15.2EDC,1
nonroad,2016,GVPXL16.1ADA,FVPXL16.1ADA,CVPXL16.1ADA,4
nonroad,2016,GKLXL06.7AAM,EKLXL06.7AAM,EKLXL06.7AAM,1
nonroad,2015,FLHAL24.2VZC,DLHAL24.2VZC,DLHAL24.2VZC,1
nonroad,2016,GFPXL06.7SCB,FFPXL06.7SCB,FFPXL06.7SCB,1
nonroad,2016,GPKXL04.4NL1,FPKXL04.4NL1,CPKXL04.4NL1,4
nonroad,2016,GMVXL01.3EEE,EMVXL01.3EEE,EMVXL01.3EEE,1
nonroad,2016,GKBXL03.6BAC,,GKBXL03.6BAC,0
nonroad,2016,GKBXL.325KCB,DKBXL.325KCB,DKBXL.325KCB,1
nonroad,2016,GKBXL.719KCC,DKBXL.719KCC,DKBXL.719KCC,1
nonroad,2016,GKBXL.898KCB,DKBXL.898KCB,DKBXL.898KCB,1
nonroad,2016,GKBXL01.5BCC,DKBXL01.5BCC,DKBXL01.5BCC,1
nonroad,2016,GKBXL02.4EKD,DKBXL02.4EKD,DKBXL02.4EKD,1
nonroad,2016,GKBXL02.6GND,DKBXL02.6GND,DKBXL02.6GND,1
nonroad,2016,GKBXL03.8CKD,DKBXL03.8CKD,DKBXL03.8CKD,1
nonroad,2016,GH3XL2.22NLT,FH3XL2.22NLT,CH3XL2.22NLT,4
nonroad,2016,GH3XL2.22TCC,FH3XL2.22TCC,CH3XL2.22TCC,4
nonroad,2016,GH3XL2.22TIC,FH3XL2.22TIC,CH3XL2.22TIC,4
nonroad,2015,FCPXL78.1NSF,,FCPXL78.1NSF,0
nonroad,2016,GKHXL3.36TCR,FKHXL3.36TCR,FKHXL3.36TCR,1
nonroad,2015,FH3XL1.49F2V,,FH3XL1.49F2V,0
nonroad,2016,GTIEL01.81ZS,FTIEL01.81ZS,ETIEL01.81ZS,2
nonroad,2016,GCPXL7.01HPF,FCPXL7.01HPF,FCPXL7.01HPF,1
nonroad,2016,GMMLL02.7C38,EMMLL02.7C38,EMMLL02.7C38,1
nonroad,2015,FPKXL04.4MT1,,FPKXL04.4MT1,0
nonroad,2015,FPKXL04.4NR1,,FPKXL04.4NR1,0
nonroad,2016,GMMLL02.6N67,DMMLL02.6N67,DMMLL02.6N67,1
nonroad,2015,FPKXL07.0BN1,EPKXL07.0BN1,EPKXL07.0BN1,1
nonroad,2015,FMDDL21.0XWM,,FMDDL21.0XWM,0
nonroad,2016,GYDXL1.27NUA,DYDXL1.27NUA,DYDXL1.27NUA,1
nonroad,2015,FVSXL10.8T4F,,FVSXL10.8T4F,0
nonroad,2015,FDZXL06.1049,,FDZXL06.1049,0
nonroad,2016,GLGCL01.9L3C,FLGCL01.9L3C,FLGCL01.9L3C,1
nonroad,2015,FJDXL13.5310,,FJDXL13.5310,0
nonroad,2015,FCPXL32.0HXF,ECPXL32.0HXF,CCPXL32.0HXA,3
nonroad,2016,GH3XL2.22ABT,FH3XL2.22ABT,EH3XL2.22ABT,2
nonroad,2016,GCEXL0540AAB,FCEXL0540AAB,CCEXL0540AAB,2
nonroad,2015,FYDXL1.64NDA,DYDXL1.64NDA,DYDXL1.64NDA,1
nonroad,2015,FJDXL06.8302,EJDXL06.8302,EJDXL06.8302,1
nonroad,2016,GCEXL023.AAB,CCEXL023.AAB,CCEXL023.AAB,1
nonroad,2016,GYDXL1.64NMA,DYDXL1.64NMA,DYDXL1.64NMA,1
nonroad,2016,GYDXL1.50L3T,CYDXL1.50K3T,CYDXL1.50K3T,1
nonroad,2015,FCPXL18.1HTF,ECPXL18.1HTF,ECPXL18.1HTF,1
nonroad,2015,FDZXL07.8046,,FDZXL07.8046,0
nonroad,2016,GKMCL2.29A41,FKMCL2.29A41,FKMCL2.29A41,1
nonroad,2016,GHZXL3.43V43,FHZXL3.43V43,FHZXL3.43V43,1
nonroad,2016,GDZXL06.1059,FDZXL06.1059,FDZXL06.1059,1
nonroad,2016,GJCBL04.8S12,FJCBL04.8S12,FJCBL04.8S12,1
nonroad,2016,GPKXL07.0PW2,FPKXL07.0PW2,FPKXL07.0PW2,1
nonroad,2016,GDZXL04.8029,FDZXL04.8029,CDZXL04.8029,4
nonroad,2016,GSIDL16.8H6C,,GSIDL16.8H6C,0
nonroad,2016,GMMLL02.7C33,EMMLL02.7C33,EMMLL02.7C33,1
nonroad,2016,GMNBL24.2OR4,,GMNBL24.2OR4,0
nonroad,2016,GVPXL10.8CJA,,GVPXL10.8CJA,0
nonroad,2017,HFPXL06.7DGB,GFPXL06.7DGB,CFPXL06.7DGB,5
nonroad,2015,FMDDL40.1GNR,,FMDDL40.1GNR,0
nonroad,2016,GCPXL08.8NZS,FCPXL08.8NZS,CCPXL08.8NZS,4
nonroad,2015,FPEXL01.6DV6,,FPEXL01.6DV6,0
nonroad,2016,GJDXL06.8210,CJDXL06.8210,CJDXL06.8210,1
nonroad,2016,GYDXL3.32NDA,,GYDXL3.32NDA,0
nonroad,2014,EPEXL01.6DV6,,EPEXL01.6DV6,0
nonroad,2016,GVPXL07.7CJA,,GVPXL07.7CJA,0
nonroad,2017,HSZXL02.2VTK,8SZXL02.2VTB,HSZXL02.2VTK,0
nonroad,2017,HSZXL03.0JXK,8SZXL03.0JXB,HSZXL03.0JXK,0
nonroad,2016,GMDDL21.0XWM,FMDDL21.0XWM,FMDDL21.0XWM,1
nonroad,2017,HCPXL15.2NYS,GCPXL15.2NYS,CCPXL15.2NYS,5
nonroad,2017,HYDXL0.99NWB,,HYDXL0.99NWB,0
nonroad,2017,HNFXL03.0DD2,GNFXL03.0DD2,FNFXL03.0DD2,2
nonroad,2016,GPKXL7.01BL1,FPKXL7.01BL1,FPKXL7.01BL1,1
nonroad,2017,HJDXL04.5141,CJDXL04.5141,CJDXL04.5141,1
nonroad,2016,GDCLL01.0D5G,CDCLL01.0D5G,CDCLL01.0D5G,1
nonroad,2016,GJDXL13.5310,FJDXL13.5310,FJDXL13.5310,1
nonroad,2016,GPEXL01.6DV6,,GPEXL01.6DV6,0
nonroad,2016,GPKXL04.4NP1,FPKXL04.4NP1,FPKXL04.4NP1,1
nonroad,2017,HPKXL04.4NR1,GPKXL04.4NR1,FPKXL04.4NR1,2
nonroad,2016,GH3XL2.22TD3,,GH3XL2.22TD3,0
nonroad,2017,HYDXL1.27NUA,DYDXL1.27NUA,DYDXL1.27NUA,1
nonroad,2017,HVPXL16.1ADA,GVPXL16.1ADA,CVPXL16.1ADA,5
nonroad,2016,GCPXL18.1HTH,,GCPXL18.1HTH,0
nonroad,2017,HKMCL2.28A46,DKMCL2.28A46,DKMCL2.28A46,1
nonroad,2016,GMDDL21.0ZWR,AMDDL21.0GWR,GMDDL21.0ZWR,0
nonroad,2016,GVSXL12.8T4F,,GVSXL12.8T4F,0
nonroad,2017,HDCLL01.8F7T,DDCLL01.8F7T,DDCLL01.8F7T,1
nonroad,2017,HMMLL02.6M63,,HMMLL02.6M63,0
nonroad,2017,HLGCL02.5L4T,GLGCL02.5L4T,FLGCL02.5L4T,2
nonroad,2017,HMDDL95.4GTR,9MDDL95.4XTR,HMDDL95.4GTR,0
nonroad,2017,HFPXL10.3TR3,HFPXL10.3TR3,HFPXL10.3TR3,0
nonroad,2016,GJDXL04.5315,FJDXL04.5305,FJDXL04.5305,1
nonroad,2017,HMMLL02.6T63,,HMMLL02.6T63,0
nonroad,2017,HKHXL.34935D,GKHXL.34935D,EKHXL.34935D,3
nonroad,2016,GCPXL15.2HTF,FCPXL15.2HTF,ECPXL15.2HTF,2
nonroad,2017,HKHXL3.36EST,GKHXL3.36EST,FKHXL3.36EST,2
nonroad,2017,HKHXL2.48TCR,GKHXL2.48TCR,DKHXL2.48TCR,2
nonroad,2017,HFPXL03.4BPC,GFPXL03.4BPC,DFPXL03.4BPC,4
nonroad,2017,HFPXL03.4BPD,GFPXL03.4BPD,EFPXL03.4BPD,3
nonroad,2017,HDZXL07.1031,GDZXL07.1031,CDZXL07.1031,5
nonroad,2017,HDZXL02.9021,,HDZXL02.9021,0
nonroad,2018,JMVXL02.5DAA,8MVXL02.5GGG,JMVXL02.5DAA,0
nonroad,2018,JYDXL1.12NPA,,JYDXL1.12NPA,0
nonroad,2017,HDZXL04.1054,GDZXL04.1054,FDZXL04.1054,2
nonroad,2017,HKBXL01.5BPD,DKBXL01.5BPD,DKBXL01.5BPD,1
nonroad,2017,HDZXL02.9020,,HDZXL02.9020,0
nonroad,2018,JYDXL1.27NWB,HYDXL1.27NWB,HYDXL1.27NWB,1
nonroad,2017,HKBXL02.4GND,DKBXL02.4GND,DKBXL02.4GND,1
nonroad,2017,HCEXL023.AAB,CCEXL023.AAB,CCEXL023.AAB,1
nonroad,2017,HCPXL78.1NVF,GCPXL78.1NVF,GCPXL78.1NVF,1
nonroad,2017,HMVXL01.3EEE,HMVXL01.3EEE,HMVXL01.3EEE,0
nonroad,2017,HYDXL1.57TDA,,HYDXL1.57TDA,0
nonroad,2018,JFPXL06.7DGS,,JFPXL06.7DGS,0
nonroad,2018,JJDXL02.9142,FJDXL02.9142,FJDXL02.9142,1
nonroad,2018,JCPXL12.5NYS,HCPXL12.5NYS,ECPXL12.5NYS,4
nonroad,2018,JJDXL04.5141,CJDXL04.5141,CJDXL04.5141,1
nonroad,2018,JJDXL13.5103,CJDXL13.5103,CJDXL13.5103,1
nonroad,2018,JPKXL04.4NM1,HPKXL04.4NM1,CPKXL04.4NM1,6
nonroad,2018,JPKXL04.4NR2,HPKXL04.4NR2,FPKXL04.4NR2,3
nonroad,2018,JYDXL0.99NUA,DYDXL0.99NUA,DYDXL0.99NUA,1
nonroad,2019,KYDXL0.99NWB,HYDXL0.99NWB,HYDXL0.99NWB,1
nonroad,2017,HSIDL03.3G7B,HSIDL03.3G7B,HSIDL03.3G7B,0
nonroad,2018,JKHXL1.86DIM,HKHXL1.86DIM,EKHXL1.86DIM,4
nonroad,2018,JKHXL2.48ESM,HKHXL2.48ESM,EKHXL2.48ESM,4
nonroad,2017,HKLXL23.2FDD,,HKLXL23.2FDD,0
nonroad,2017,HMNBL24.2OR4,GMNBL24.2OR4,GMNBL24.2OR4,1
nonroad,2018,JYDXL0.99NPA,DYDXL0.99NPA,DYDXL0.99NPA,1
nonroad,2018,JYDXL1.27NPA,DYDXL1.27NPA,DYDXL1.27NPA,1
nonroad,2018,JYDXL1.27NS3,DYDXL1.27NS3,DYDXL1.27NS3,1
nonroad,2018,JYDXL0.44H1N,FYDXL0.44H1N,FYDXL0.44H1N,1
nonroad,2018,JYDXL1.64S3N,CYDXL1.64M3N,CYDXL1.64M3N,1
nonroad,2018,JMVXL01.3EEE,EMVXL01.3EEE,EMVXL01.3EEE,1
nonroad,2018,JKBXL.778KCB,DKBXL.778KCB,DKBXL.778KCB,1
nonroad,2018,JKBXL01.0BCC,DKBXL01.0BCC,DKBXL01.0BCC,1
nonroad,2018,JKBXL01.3DCC,DKBXL01.3DCC,DKBXL01.3DCC,1
nonroad,2018,JKBXL01.5BCC,DKBXL01.5BCC,DKBXL01.5BCC,1
nonroad,2017,HKLXL11.0DDC,,HKLXL11.0DDC,0
nonroad,2018,JVPXL12.8BCA,HVPXL12.8BCA,CVPXL12.8BCA,6
nonroad,2018,JKBXL03.8CKD,DKBXL03.8CKD,DKBXL03.8CKD,1
nonroad,2018,JKMCL1.17A33,DKMCL1.17A33,DKMCL1.17A33,1
nonroad,2018,JCPXL32.0NZS,HCPXL32.0NZS,CCPXL32.0NZS,6
nonroad,2017,HH3XL2.22TD3,,HH3XL2.22TD3,0
nonroad,2017,HH3XL2.22TDI,,HH3XL2.22TDI,0
nonroad,2018,JH3XL2.22TD3,HH3XL2.22TD3,HH3XL2.22TD3,1
nonroad,2018,JMMLL02.7M40,DMMLL02.7M40,DMMLL02.7M40,1
nonroad,2017,HVPXL05.1CJA,GVPXL05.1CJA,GVPXL05.1CJA,1
nonroad,2018,JMMLL02.7M30,EMMLL02.7M30,EMMLL02.7M30,1
nonroad,2018,JH3XL2.22TF4,HH3XL2.22TF4,DH3XL2.22TF4,5
nonroad,2017,HCEXL0540AAB,FCEXL0540AAB,CCEXL0540AAB,2
nonroad,2017,HCPXL08.8NZS,GCPXL08.8NZS,CCPXL08.8NZS,5
nonroad,2017,HCEXL050.AAD,FCEXL050.AAD,FCEXL050.AAD,1
nonroad,2018,JDZXL06.1048,HDZXL06.1048,FDZXL06.1048,3
nonroad,2017,HCPXL09.3HTF,GCPXL09.3HTF,ECPXL09.3HTF,3
nonroad,2017,HH3XL2.22TF4,GH3XL2.22TF4,DH3XL2.22TF4,4
nonroad,2018,JMVXL01.3FFF,EMVXL01.3FFF,EMVXL01.3FFF,1
nonroad,2017,HFPXL06.7SDB,HFPXL06.7SDB,HFPXL06.7SDB,0
nonroad,2018,JDZXL04.1015,,JDZXL04.1015,0
nonroad,2017,HY9XL16.4DAA,GY9XL16.4DAA,EY9XL16.4DAA,2
nonroad,2017,HY9XL16.4DBA,GY9XL16.4DBA,EY9XL16.4DBA,2
nonroad,2018,JCPXL08.8NZS,HCPXL08.8NZS,CCPXL08.8NZS,6
nonroad,2017,HH3XL2.22TCC,GH3XL2.22TCC,CH3XL2.22TCC,5
nonroad,2018,JHZXL.517M52,,JHZXL.517M52,0
nonroad,2018,JDZXL04.1054,,JDZXL04.1054,0
nonroad,2018,JKLXL15.2EDC,,JKLXL15.2EDC,0
nonroad,2018,JH3XL2.22NLC,HH3XL2.22NLC,CH3XL2.22NLC,6
nonroad,2018,JFPXL03.4BSD,HFPXL03.4BSD,HFPXL03.4BSD,1
nonroad,2018,JH3XL2.22TDI,,JH3XL2.22TDI,0
nonroad,2018,JKLXL08.9AAM,,JKLXL08.9AAM,0
nonroad,2019,KKHXL3.36TCG,JKHXL3.36TCG,GKHXL3.36TCG,2
nonroad,2019,KSZXL02.2ZTB,ESZXL02.2ZTB,ESZXL02.2ZTB,1
nonroad,2019,KFPXL12.9IGR,JFPXL12.9IGR,JFPXL12.9IGR,1
nonroad,2019,KFPXL10.3TR3,JFPXL10.3TR3,JFPXL10.3TR3,1
nonroad,2019,KPKXL04.4ML1,JPKXL04.4ML1,FPKXL04.4ML1,4
nonroad,2019,KSIDL07.4G6B,JSIDL07.4G6B,JSIDL07.4G6B,1
nonroad,2019,KPKXL7.01BL1,JPKXL7.01BL1,FPKXL7.01BL1,4
nonroad,2019,KJDXL02.9142,FJDXL02.9142,FJDXL02.9142,1
nonroad,2019,KJDXL04.5214,DJDXL04.5214,DJDXL04.5214,1
nonroad,2019,KH3XL1.49FTV,JH3XL1.49FTV,FH3XL1.49FTV,2
nonroad,2019,KH3XL2.22TF3,JH3XL2.22TF3,DH3XL2.22TF3,4
nonroad,2019,KCPXL27.0NZS,JCPXL27.0NZS,CCPXL27.0NZS,7
nonroad,2019,KPKXL04.4NP1,JPKXL04.4NP1,FPKXL04.4NP1,4
nonroad,2019,KH3XL2.00N84,HH3XL2.00N84,HH3XL2.00N84,1
nonroad,2018,JPKXL07.0BN1,HPKXL07.0BN1,EPKXL07.0BN1,4
nonroad,2018,JPKXL04.4MU1,HPKXL04.4MU1,FPKXL04.4MU1,3
nonroad,2019,KYDXL1.12NPA,JYDXL1.12NPA,JYDXL1.12NPA,1
nonroad,2018,JMBXL10.6RJA,,JMBXL10.6RJA,0
nonroad,2019,KJDXL04.5304,EJDXL04.5304,EJDXL04.5304,1
nonroad,2018,JCPXL18.1NZS,HCPXL18.1NZS,CCPXL18.1NZS,6
nonroad,2018,JFPXL04.5LBH,,JFPXL04.5LBH,0
nonroad,2019,KHZXL.517M53,JHZXL.517M53,JHZXL.517M53,1
nonroad,2019,KHZXL1.95C50,GHZXL1.95C50,FHZXL1.95C50,2
nonroad,2018,JYDXL3.32NDA,HYDXL3.32NDA,HYDXL3.32NDA,1
nonroad,2018,JFPXL08.7CLA,HFPXL08.7CLA,HFPXL08.7CLA,1
nonroad,2018,JMBXL07.7RJA,,JMBXL07.7RJA,0
nonroad,2018,JKMCL2.09A43,HKMCL2.09A43,HKMCL2.09A43,1
nonroad,2019,KSCLL03.6R74,,KSCLL03.6R74,0
nonroad,2019,KDCLL01.0D75,DDCLL01.0D75,BDCLL01.0D75,2
nonroad,2018,JCPXL78.1NZS,HCPXL78.1NZS,CCPXL78.1NZS,6
nonroad,2019,KMBXL07.7RJA,,KMBXL07.7RJA,0
nonroad,2019,KMBXL12.8RJA,,KMBXL12.8RJA,0
nonroad,2019,KKMCL1.17A33,DKMCL1.17A33,DKMCL1.17A33,1
nonroad,2018,JCEXL0661AAH,ECEXL0661AAH,ECEXL0661AAH,1
nonroad,2019,KKBXL.276KCB,DKBXL.276KCB,DKBXL.276KCB,1
nonroad,2019,KKBXL.276KCC,GKBXL.276KCC,GKBXL.276KCC,1
nonroad,2019,KKBXL.325KCB,DKBXL.325KCB,DKBXL.325KCB,1
nonroad,2019,KKBXL.778KCB,DKBXL.778KCB,DKBXL.778KCB,1
nonroad,2019,KMMLL02.7C33,EMMLL02.7C33,EMMLL02.7C33,1
nonroad,2019,KMMLL02.7C40,DMMLL02.7C40,DMMLL02.7C40,1
nonroad,2019,KDZXL06.1048,JDZXL06.1048,FDZXL06.1048,4
nonroad,2018,JYDXL1.57HDA,DYDXL1.57HDA,DYDXL1.57HDA,1
nonroad,2019,KDZXL07.1027,HDZXL07.1027,CDZXL07.1027,6
nonroad,2019,KKBXL01.0BCC,DKBXL01.0BCC,DKBXL01.0BCC,1
nonroad,2019,KDZXL07.1028,HDZXL07.1028,CDZXL07.1028,6
nonroad,2019,KKBXL01.5BCB,DKBXL01.5BCB,DKBXL01.5BCB,1
nonroad,2019,KDZXL06.1059,JDZXL06.1059,JDZXL06.1059,1
nonroad,2019,KICLL1.50C3X,GICLL1.50C3X,DICLL1.50C3X,4
nonroad,2019,KKBXL03.3BCC,CKBXL03.3BCC,CKBXL03.3BCC,1
nonroad,2019,KKHXL1.86DIM,JKHXL1.86DIM,EKHXL1.86DIM,5
nonroad,2020,LKBXL.719NCB,EKBXL.719NCB,DKBXL.719NCB,2
nonroad,2019,KKBXL02.6EKD,DKBXL02.6EKD,DKBXL02.6EKD,1
nonroad,2019,KMMLL02.6N52,DMMLL02.6N52,DMMLL02.6N52,1
nonroad,2019,KKMCL2.28A46,DKMCL2.28A46,DKMCL2.28A46,1
nonroad,2018,JKLXL03.3JDB,,JKLXL03.3JDB,0
nonroad,2019,KMVXL37.1BBA,7MVXL37.1BBA,KMVXL37.1BBA,0
nonroad,2018,JY9XL09.3DAA,,JY9XL09.3DAA,0
nonroad,2019,KMVXL01.8EBA,GMVXL01.3EBA,GMVXL01.3EBA,1
nonroad,2018,JCPXL27.0HXF,HCPXL27.0HXF,CCPXL27.0HXA,6
nonroad,2019,KYDXL3.32S4T,CYDXL3.32C4T,CYDXL3.32C4T,1
nonroad,2018,JCEXL08.9AAL,FCEXL08.9AAL,FCEXL08.9AAL,1
nonroad,2018,JCPXL09.3HTF,HCPXL09.3HTF,ECPXL09.3HTF,4
nonroad,2018,JCPXL12.5HTF,HCPXL12.5HTF,ECPXL12.5HTF,4
nonroad,2018,JCPXL15.2HTF,HCPXL15.2HTF,ECPXL15.2HTF,4
nonroad,2018,JCEXL0540AAB,FCEXL0540AAB,CCEXL0540AAB,2
nonroad,2016,GSZXL02.2PXA,DSZXL02.2PXA,DSZXL02.2PXA,1
nonroad,2018,JSZXL02.2PXB,ESZXL02.2PXB,ESZXL02.2PXB,1
nonroad,2018,JSZXL02.2PXC,DSZXL02.2PXA,DSZXL02.2PXA,1
nonroad,2019,KCPXL18.1NYS,JCPXL18.1NYS,CCPXL18.1NYS,7
nonroad,2019,KJDXL06.8312,GJDXL06.8312,GJDXL06.8312,1
nonroad,2019,KKLXL23.2FDC,JKLXL23.2FDC,JKLXL23.2FDC,1
nonroad,2019,KFPXL08.7CLA,JFPXL08.7CLA,HFPXL08.7CLA,2
nonroad,2019,KSCLL03.6C74,ESCLL02.6C74,ESCLL02.6C74,1
nonroad,2019,KCPXL08.8NZS,JCPXL08.8NZS,CCPXL08.8NZS,7
nonroad,2019,KFTGL02.2R3N,GFTGL02.2R3N,FFTGL02.2R3N,2
nonroad,2019,KKOEL3.24TAX,JKOEL3.24TAX,JKOEL3.24TAX,1
nonroad,2020,LHZXL1.95V51,,LHZXL1.95V51,0
nonroad,2019,KKHXL2.48TCR,JKHXL2.48TCR,DKHXL2.48TCR,4
nonroad,2019,KDICL05.8LEA,JDICL05.8LEA,FDICL05.8LEA,4
nonroad,2019,KDICL07.6LEA,JDICL07.6LEA,GDICL07.6LEA,3
nonroad,2020,LMBXL10.6RJA,KMBXL10.6RJA,KMBXL10.6RJA,1
nonroad,2020,LMBXL15.6RJA,KMBXL15.6RJA,KMBXL15.6RJA,1
nonroad,2019,KFPXL04.5LBH,JFPXL04.5LBH,JFPXL04.5LBH,1
nonroad,2019,KSIDL06.6G6D,,KSIDL06.6G6D,0
nonroad,2020,LYDXL1.27NPA,DYDXL1.27NPA,DYDXL1.27NPA,1
nonroad,2020,LYDXL1.64NMA,DYDXL1.64NMA,DYDXL1.64NMA,1
nonroad,2020,LYDXL0.32H1N,FYDXL0.32H1N,FYDXL0.32H1N,1
nonroad,2020,LYDXL0.99NPA,DYDXL0.99NPA,DYDXL0.99NPA,1
nonroad,2020,LYDXL0.99NS3,DYDXL0.99NS3,DYDXL0.99NS3,1
nonroad,2020,LYDXL1.27NSA,DYDXL1.27NS1,DYDXL1.27NS1,1
nonroad,2020,LSIDL03.3G7B,KSIDL03.3G7B,HSIDL03.3G7B,3
nonroad,2019,KCEXL023.AAB,CCEXL023.AAB,CCEXL023.AAB,1
nonroad,2020,LJDXL13.5103,CJDXL13.5103,CJDXL13.5103,1
nonroad,2020,LJDXL13.5314,GJDXL13.5314,GJDXL13.5314,1
nonroad,2020,LJDXL04.5316,JJDXL04.5316,JJDXL04.5316,1
nonroad,2019,KDICL02.4LEA,JDICL02.4LEA,FDICL02.4LEA,4
nonroad,2019,KYDXL3.32NDB,HYDXL3.32NDB,HYDXL3.32NDB,1
nonroad,2020,LCPXL15.2NYS,KCPXL15.2NYS,CCPXL15.2NYS,8
nonroad,2020,LSZXL02.2ZTA,FSZXL02.2ZTA,FSZXL02.2ZTA,1
nonroad,2020,LKBXL.325KCB,DKBXL.325KCB,DKBXL.325KCB,1
nonroad,2020,LCEXL023.AAB,CCEXL023.AAB,CCEXL023.AAB,1
nonroad,2020,LKBXL.719KCB,DKBXL.719KCB,DKBXL.719KCB,1
nonroad,2020,LVPXL16.1ACW,KVPXL16.1ACW,KVPXL16.1ACW,1
nonroad,2020,LKBXL02.4END,DKBXL02.4END,DKBXL02.4END,1
nonroad,2019,KCEXL0540AAB,FCEXL0540AAB,CCEXL0540AAB,2
nonroad,2020,LKBXL03.3EMD,FKBXL03.3EMD,FKBXL03.3EMD,1
nonroad,2020,LKBXL03.3EKD,DKBXL03.3EKD,DKBXL03.3EKD,1
nonroad,2020,LYDXL2.19NDA,DYDXL2.19NDA,DYDXL2.19NDA,1
nonroad,2020,LKBXL03.3E2D,KKBXL03.3E2D,KKBXL03.3E2D,1
nonroad,2020,LYDXL2.00S4T,CYDXL2.00J4T,CYDXL2.00J4T,1
nonroad,2021,MKBXL.719NCB,EKBXL.719NCB,DKBXL.719NCB,2
nonroad,2020,LYDXL3.32NGA,HYDXL3.32NGA,HYDXL3.32NGA,1
nonroad,2019,KH3XL2.22TDI,,KH3XL2.22TDI,0
nonroad,2019,KH3XL.761F2V,JH3XL.761F2V,HH3XL.761F2V,2
nonroad,2019,KMVXL03.3CBB,,KMVXL03.3CBB,0
nonroad,2020,LPKXL04.4NM1,KPKXL04.4NM1,CPKXL04.4NM1,8
nonroad,2019,KKLXL03.3JDC,JKLXL03.3JDC,JKLXL03.3JDC,1
nonroad,2021,MYDXL2.09NFA,DYDXL2.09NFA,DYDXL2.09NFA,1
nonroad,2019,KJDXL13.5310,FJDXL13.5310,FJDXL13.5310,1
nonroad,2020,LMMLL02.7C49,DMMLL02.7C49,DMMLL02.7C49,1
nonroad,2020,LMMLL02.7C38,EMMLL02.7C38,EMMLL02.7C38,1
nonroad,2020,LMMLL02.7M30,EMMLL02.7M30,EMMLL02.7M30,1
nonroad,2019,KDZXL02.9016,,KDZXL02.9016,0
nonroad,2019,KCPXL78.1NVF,JCPXL78.1NVF,GCPXL78.1NVF,3
nonroad,2020,LH3XL1.13J2V,KH3XL1.13J2V,JH3XL1.13J2V,2
nonroad,2019,KDZXL03.6018,,KDZXL03.6018,0
nonroad,2019,KKLXL30.5GDC,JKLXL30.5GDC,JKLXL30.5GDC,1
nonroad,2020,LDZXL07.1028,KDZXL07.1028,CDZXL07.1028,7
nonroad,2020,LYDXL3.32S4T,CYDXL3.32C4T,CYDXL3.32C4T,1
nonroad,2019,KDZXL07.8046,,KDZXL07.8046,0
nonroad,2020,LDCLL01.0D5G,GDCLL01.0D5G,CDCLL01.0D5G,2
nonroad,2020,LPKXL07.0VL4,,LPKXL07.0VL4,0
nonroad,2019,KCPXL27.0HXF,JCPXL27.0HXF,CCPXL27.0HXA,7
nonroad,2020,LDZXL03.6018,KDZXL03.6018,KDZXL03.6018,1
nonroad,2020,LMDDL40.1GNR,GMDDL40.1GNR,FMDDL40.1GNR,2
nonroad,2020,LFPXL03.4DE1,,LFPXL03.4DE1,0
nonroad,2019,KCPXL09.3NTF,,KCPXL09.3NTF,0
nonroad,2020,LMMLL02.7H42,,LMMLL02.7H42,0
nonroad,2019,KCPXL09.3HTF,JCPXL09.3HTF,ECPXL09.3HTF,5
nonroad,2019,KKBXL02.6E1D,,KKBXL02.6E1D,0
nonroad,2019,KCPXL15.2HTF,JCPXL15.2HTF,ECPXL15.2HTF,5
nonroad,2020,LKLXL30.5GDC,JKLXL30.5GDC,JKLXL30.5GDC,1
nonroad,2021,MKBXL02.2RCB,DKBXL02.2RCB,DKBXL02.2RCB,1
nonroad,2020,LPKXL1.66J2V,,LPKXL1.66J2V,0
nonroad,2020,LPKXL.761F1C,,LPKXL.761F1C,0
nonroad,2021,MYDXL2.09NFB,,MYDXL2.09NFB,0
nonroad,2020,LLGCL01.9L3C,HLGCL01.9L3C,FLGCL01.9L3C,3
nonroad,2020,LCPXL08.8NZS,KCPXL08.8NZS,CCPXL08.8NZS,8
nonroad,2020,LPKXL1.49N3C,,LPKXL1.49N3C,0
nonroad,2020,LCPXL32.0NZS,KCPXL32.0NZS,CCPXL32.0NZS,8
nonroad,2021,MFPXL06.7DGS,JFPXL06.7DGS,JFPXL06.7DGS,1
nonroad,2020,LPKXL04.4NR1,KPKXL04.4NR1,FPKXL04.4NR1,5
nonroad,2020,LCPXL84.7NSF,KCPXL84.7NSF,FCPXL84.7NSF,5
nonroad,2013,DLHAL16.2VZC,CLHAL16.2VZC,CLHAL16.2VZC,1
nonroad,2021,MKLXL03.3JDB,DKLXL03.3JDB,DKLXL03.3JDB,1
nonroad,2020,LCPXL78.1NZS,KCPXL78.1NZS,CCPXL78.1NZS,8
nonroad,2021,MSZXL02.2PXB,ESZXL02.2PXB,ESZXL02.2PXB,1
nonroad,2021,MSZXL02.2VNL,JSZXL02.2VNL,JSZXL02.2VNL,1
nonroad,2021,MSZXL02.2ZTB,ESZXL02.2ZTB,ESZXL02.2ZTB,1
nonroad,2021,MJDXL04.5141,CJDXL04.5141,CJDXL04.5141,1
nonroad,2021,MMVXL01.8EDB,GMVXL01.3EDB,GMVXL01.3EDB,1
nonroad,2021,MMVXL03.3EAC,KMVXL03.3EAC,KMVXL03.3EAC,1
nonroad,2020,LSIDL06.6I7C,,LSIDL06.6I7C,0
nonroad,2020,LY9XL16.4DBA,JY9XL16.4DBA,JY9XL16.4DBA,1
nonroad,2020,LCEXL08.9AAR,,LCEXL08.9AAR,0
nonroad,2021,MSIDL09.8H6C,LSIDL09.8H6C,LSIDL09.8H6C,1
nonroad,2020,LDZXL02.9016,,LDZXL02.9016,0
nonroad,2020,LVPXL05.1CJA,,LVPXL05.1CJA,0
nonroad,2020,LCPXL18.1NYS,KCPXL18.1NYS,CCPXL18.1NYS,8
nonroad,2020,LCPXL18.1NZS,KCPXL18.1NZS,CCPXL18.1NZS,8
nonroad,2021,MPKXL02.2TCC,LPKXL2.22TCC,LPKXL2.22TCC,1
nonroad,2021,MMMLL02.6M63,HMMLL02.6M63,HMMLL02.6M63,1
nonroad,2020,LFPXL06.7SDB,JFPXL06.7SDB,JFPXL06.7SDB,1
nonroad,2012,CCEXL019.AAD,ACEXL019.AAD,CCEXL019.AAD,0
nonroad,2019,KCEXL019.AAD,DCEXL019.AAD,DCEXL019.AAD,1
nonroad,2021,MYDXL01.3NS4,DYDXL1.27NS4,DYDXL1.27NS4,1
nonroad,2021,MMMLL02.1E35,DMMLL02.7C49,DMMLL02.7C49,1
nonroad,2021,MPKXL07.0PW1,LPKXL07.0PW1,EPKXL07.0PW1,7
nonroad,2021,MPKXL04.4NL1,LPKXL04.4NL1,CPKXL04.4NL1,9
nonroad,2020,LFPXL11.1FS1,,LFPXL11.1FS1,0
nonroad,2020,LFPXL12.9TDS,HFPXL12.9TDS,HFPXL12.9TDS,1
nonroad,2021,MPKXL.761F1C,LPKXL.761F1C,LPKXL.761F1C,1
nonroad,2021,MYDXL01.3NPB,KYDXL1.27NPB,KYDXL1.27NPB,1
nonroad,2021,MYDXL.436H1N,FYDXL0.44H1N,FYDXL0.44H1N,1
nonroad,2021,MKBXL.325KCB,DKBXL.325KCB,DKBXL.325KCB,1
nonroad,2021,MKBXL.416KCC,GKBXL.416KCC,GKBXL.416KCC,1
nonroad,2021,MYDXL02.1HDA,DYDXL2.09HDA,DYDXL2.09HDA,1
nonroad,2021,MMMLL03.5N85,HMMLL03.5N85,HMMLL03.5N85,1
nonroad,2015,FYDXL1.64NKA,DYDXL1.64NKA,DYDXL1.64NKA,1
nonroad,2015,FCEXL050.AAD,,FCEXL050.AAD,0
nonroad,2020,LDZXL02.9021,,LDZXL02.9021,0
nonroad,2021,MYDXL02.2S4N,CYDXL2.19J4N,CYDXL2.19J4N,1
nonroad,2021,MYDXL03.3S4N,CYDXL3.32C4N,CYDXL3.32C4N,1
nonroad,2021,MDZXL07.1026,LDZXL07.1026,CDZXL07.1026,8
nonroad,2020,LDZXL07.8046,,LDZXL07.8046,0
nonroad,2021,MKBXL01.73CB,JKBXL01.73CB,JKBXL01.73CB,1
nonroad,2021,MKBXL02.4EMC,FKBXL02.4EMC,FKBXL02.4EMC,1
nonroad,2021,MKBXL02.6GND,DKBXL02.6GND,DKBXL02.6GND,1
nonroad,2021,MKBXL02.6E1D,KKBXL02.6E1D,KKBXL02.6E1D,1
nonroad,2021,MMMLL03.5N92,HMMLL03.5N92,HMMLL03.5N92,1
nonroad,2020,LVSXL12.8T4F,,LVSXL12.8T4F,0
nonroad,2021,MJCBL04.4S09,HJCBL04.4S09,GJCBL04.4S09,2
nonroad,2020,LCPXL12.5NTF,,LCPXL12.5NTF,0
nonroad,2021,MMDDL14.0ZWK,AMDDL14.0GWK,MMDDL14.0ZWK,0
nonroad,2021,MPKXL04.4MW1,LPKXL04.4MW1,FPKXL04.4MW1,6
nonroad,2021,MCPXL18.1NYS,LCPXL18.1NYS,CCPXL18.1NYS,9
nonroad,2021,MJDXL13.5300,EJDXL13.5300,EJDXL13.5300,1
nonroad,2021,MSIDL04.9G6C,,MSIDL04.9G6C,0
nonroad,2021,MAELL2.76ECR,LAELL2.76ECR,LAELL2.76ECR,1
nonroad,2021,MKLXL06.7AAP,HKLXL06.7AAP,HKLXL06.7AAP,1
nonroad,2021,MFPXL15.9T4D,JFPXL15.9T4D,HFPXL15.9T4D,2
nonroad,2021,MKLXL03.3JDC,JKLXL03.3JDC,JKLXL03.3JDC,1
nonroad,2022,NMVXL01.8EDB,GMVXL01.3EDB,GMVXL01.3EDB,1
nonroad,2021,MDZXL06.1061,,MDZXL06.1061,0
nonroad,2022,NFPXL08.7TR3,JFPXL08.7TR3,HFPXL08.7TR3,2
nonroad,2020,LVPXL16.1CDC,,LVPXL16.1CDC,0
nonroad,2021,MDICL01.8LEB,LDICL01.8LEB,KDICL01.8LEB,2
nonroad,2018,JVPXL07.7CJA,,JVPXL07.7CJA,0
nonroad,2021,MJDXL09.0333,,MJDXL09.0333,0
nonroad,2017,HVPXL07.7CJA,,HVPXL07.7CJA,0
nonroad,2021,MJDXL09.0308,GJDXL09.0308,GJDXL09.0308,1
nonroad,2021,MFPXL06.7SDB,JFPXL06.7SDB,JFPXL06.7SDB,1
nonroad,2022,NCPXL08.8NZS,MCPXL08.8NZS,CCPXL08.8NZS,10
nonroad,2022,NCPXL15.2NYS,MCPXL15.2NYS,CCPXL15.2NYS,10
nonroad,2021,MKBXL02.431D,LKBXL02.431D,LKBXL02.431D,1
nonroad,2021,MPKXL03.6FX1,LPKXL03.6FX1,LPKXL03.6FX1,1
nonroad,2021,MKLXL23.2FDD,GKLXL23.2FDD,GKLXL23.2FDD,1
nonroad,2021,MPKXL07.0VL1,LPKXL07.0VL1,KPKXL07.0VL1,2
nonroad,2022,NFPXL04.5LBH,JFPXL04.5LBH,JFPXL04.5LBH,1
nonroad,2021,MFPXL03.4DEP,LFPXL03.4DEP,LFPXL03.4DEP,1
nonroad,2021,MFPXL03.4DER,LFPXL03.4DER,LFPXL03.4DER,1
nonroad,2021,MPKXL07.0VM1,LPKXL07.0VM1,KPKXL07.0VM1,2
nonroad,2021,MHZXL1.95V50,,MHZXL1.95V50,0
nonroad,2022,NKBXL.276KCB,DKBXL.276KCB,DKBXL.276KCB,1
nonroad,2022,NKBXL.416KCC,GKBXL.416KCC,GKBXL.416KCC,1
nonroad,2022,NJDXL06.8120,CJDXL06.8120,CJDXL06.8120,1
nonroad,2022,NKBXL01.0BCB,DKBXL01.0BCB,DKBXL01.0BCB,1
nonroad,2022,NHZXL1.95C51,LHZXL1.95C51,LHZXL1.95C51,1
nonroad,2022,NKBXL01.5FCC,DKBXL01.5FCC,DKBXL01.5FCC,1
nonroad,2021,MLHAL13.5SWC,,MLHAL13.5SWC,0
nonroad,2021,MMNBL16.2OR4,,MMNBL16.2OR4,0
nonroad,2021,MMNBL15.3OR4,LMNBL15.3OR4,KMNBL15.3OR4,2
nonroad,2021,MMVXL03.3EAB,,MMVXL03.3EAB,0
nonroad,2021,MCPXL58.6HXF,LCPXL58.6HXF,FCPXL58.6HXF,6
nonroad,2021,MMVXL02.5LLL,7MVXL02.5EEE,MMVXL02.5LLL,0
nonroad,2021,MMVXL03.3AAK,7MVXL03.3AAF,MMVXL03.3AAK,0
nonroad,2021,MMVXL03.3CBB,KMVXL03.3CBB,KMVXL03.3CBB,1
nonroad,2021,MJDXL13.5334,,MJDXL13.5334,0
nonroad,2022,NKBXL01.8EKD,DKBXL01.8EKD,DKBXL01.8EKD,1
nonroad,2022,NMBXL12.8RJD,KMBXL12.8RJD,KMBXL12.8RJD,1
nonroad,2022,NMBXL15.6RJD,KMBXL15.6RJD,KMBXL15.6RJD,1
nonroad,2013,DCEXL030.AAD,CCEXL030.AAD,CCEXL030.AAD,1
nonroad,2022,NCPXL58.6HXF,MCPXL58.6HXF,FCPXL58.6HXF,7
nonroad,2022,NPKXL07.0PW1,MPKXL07.0PW1,EPKXL07.0PW1,8
nonroad,2022,NPKXL04.4NP1,MPKXL04.4NP1,FPKXL04.4NP1,7
nonroad,2022,NKBXL02.4G3D,KKBXL02.4G3D,KKBXL02.4G3D,1
nonroad,2022,NSZXL02.2VNL,JSZXL02.2VNL,JSZXL02.2VNL,1
nonroad,2022,NYDXL.436H1N,FYDXL0.44H1N,FYDXL0.44H1N,1
nonroad,2022,NKBXL03.3E1D,KKBXL03.3E1D,KKBXL03.3E1D,1
nonroad,2022,NYDXL01.6HDA,DYDXL1.57HDA,DYDXL1.57HDA,1
nonroad,2021,MCPXL32.0NZS,LCPXL32.0NZS,CCPXL32.0NZS,9
nonroad,2022,NKBXL03.8AAC,GKBXL03.8AAC,GKBXL03.8AAC,1
nonroad,2022,NMNBL24.2OR4,JMNBL24.2OR4,JMNBL24.2OR4,1
nonroad,2021,MDZXL07.8051,,MDZXL07.8051,0
nonroad,2021,MDZXL02.2110,,MDZXL02.2110,0
nonroad,2021,MCPXL58.6HXS,LCPXL58.6HXS,LCPXL58.6HXS,1
nonroad,2021,MDZXL06.1050,,MDZXL06.1050,0
nonroad,2022,NFPXL03.4DE1,LFPXL03.4DE1,LFPXL03.4DE1,1
nonroad,2021,MCPXL12.5NTF,LCPXL12.5NTF,LCPXL12.5NTF,1
nonroad,2022,NDZXL07.1028,MDZXL07.1028,CDZXL07.1028,9
nonroad,2022,NKHXL.442ACF,,NKHXL.442ACF,0
nonroad,2022,NKBXL02.4E1C,LKBXL02.4E1C,LKBXL02.4E1C,1
nonroad,2022,NDZXL06.1059,MDZXL06.1059,MDZXL06.1059,1
nonroad,2022,NPKXL01.1LCS,MPKXL01.1LCS,LPKXL1.13LCS,2
nonroad,2022,NPKXL01.1SLV,MPKXL01.1SLV,LPKXL1.13SLV,2
nonroad,2022,NYDXL02.1HKB,MYDXL02.1HKB,MYDXL02.1HKB,1
nonroad,2022,NDZXL07.8051,MDZXL07.8051,MDZXL07.8051,1
nonroad,2022,NSIDL03.3G7B,MSIDL03.3G7B,MSIDL03.3G7B,1
nonroad,2022,NSIDL04.9G6C,MSIDL04.9G6C,MSIDL04.9G6C,1
nonroad,2022,NDZXL03.6063,MDZXL03.6063,MDZXL03.6063,1
nonroad,2021,MCPXL12.5NYS,LCPXL12.5NYS,ECPXL12.5NYS,7
nonroad,2023,PYDXL01.3NWB,HYDXL1.27NWB,HYDXL1.27NWB,1
nonroad,2021,MCPXL12.5HTF,LCPXL12.5HTF,ECPXL12.5HTF,7
nonroad,2021,MCPXL09.3HTF,LCPXL09.3HTF,ECPXL09.3HTF,7
nonroad,2022,NJCBL04.4TAE,KJCBL04.4TAE,KJCBL04.4TAE,1
nonroad,2022,NJCBL04.4TA5,LJCBL04.4TA5,LJCBL04.4TA5,1
nonroad,2021,MCEXL023.AAB,CCEXL023.AAB,CCEXL023.AAB,1
nonroad,2022,NPKXL03.6FW1,MPKXL03.6FW1,LPKXL03.6FW1,2
nonroad,2021,MCPXL78.1NZS,LCPXL78.1NZS,CCPXL78.1NZS,9
nonroad,2022,NCEXL019.AAD,,NCEXL019.AAD,0
nonroad,2022,NAELL2.76ECR,LAELL2.76ECR,LAELL2.76ECR,1
nonroad,2022,NPKXL04.4NR1,MPKXL04.4NR1,FPKXL04.4NR1,7
nonroad,2022,NCPXL58.6NXV,MCPXL58.6NXV,LCPXL58.6NXV,2
nonroad,2022,NDCLL01.8HNV,LDCLL01.8HNV,LDCLL01.8HNV,1
nonroad,2022,NFPXL06.7FR2,MFPXL06.7FR2,MFPXL06.7FR2,1
nonroad,2022,NPKXL04.4SU1,MPKXL04.4SU1,LPKXL04.4SU1,2
nonroad,2022,NPKXL07.0VL1,MPKXL07.0VL1,KPKXL07.0VL1,3
nonroad,2022,NCPXL32.0NZS,MCPXL32.0NZS,CCPXL32.0NZS,10
nonroad,2022,NDICL02.4LEB,MDICL02.4LEB,FDICL02.4LEB,7
nonroad,2022,NDICL03.4LEB,MDICL03.4LEB,FDICL03.4LEB,7
nonroad,2022,NLHAL09.0SWC,,NLHAL09.0SWC,0
nonroad,2015,FSZXL03.0RXA,,FSZXL03.0RXA,0
nonroad,2016,GSZXL03.0RXA,FSZXL03.0RXA,FSZXL03.0RXA,1
nonroad,2018,JSZXL03.0RXA,FSZXL03.0RXA,FSZXL03.0RXA,1
nonroad,2019,KSZXL03.0RXA,FSZXL03.0RXA,FSZXL03.0RXA,1
nonroad,2022,NHZXL.722M92,,NHZXL.722M92,0
nonroad,2022,NCPXL12.5NTF,MCPXL12.5NTF,LCPXL12.5NTF,2
nonroad,2018,JSZXL07.8QXA,ESZXL07.8QXA,ESZXL07.8QXA,1
nonroad,2016,GSZXL09.8QXA,ESZXL09.8QXA,ESZXL09.8QXA,1
nonroad,2018,JSZXL09.8QXA,ESZXL09.8QXA,ESZXL09.8QXA,1
nonroad,2023,PDZXL04.8025,NDZXL04.8025,CDZXL04.8025,10
nonroad,2022,NVPXL16.1ADA,MVPXL16.1ADA,KVPXL16.1ADA,3
nonroad,2023,PDZXL02.2110,NDZXL02.2110,NDZXL02.2110,1
nonroad,2023,PCPXL08.8NZS,NCPXL08.8NZS,CCPXL08.8NZS,11
nonroad,2023,PCPXL18.1NZS,NCPXL18.1NZS,CCPXL18.1NZS,11
nonroad,2014,ESZXL15.7QXA,,ESZXL15.7QXA,0
nonroad,2023,PDZXL02.9119,NDZXL02.9119,NDZXL02.9119,1
nonroad,2021,MSZXL15.7QXB,FSZXL15.7QXB,FSZXL15.7QXB,1
nonroad,2023,PJDXL02.9142,FJDXL02.9142,FJDXL02.9142,1
nonroad,2022,NKBXL06.1A5D,,NKBXL06.1A5D,0
nonroad,2023,PDZXL03.6122,NDZXL03.6122,MDZXL03.6122,2
nonroad,2022,NDZXL02.9120,,NDZXL02.9120,0
nonroad,2022,NPKXL02.2TD7,MPKXL02.2TD7,LPKXL2.22TD7,2
nonroad,2023,PSZXL02.2PXC,DSZXL02.2PXA,DSZXL02.2PXA,1
nonroad,2023,PSZXL02.2PXB,ESZXL02.2PXB,ESZXL02.2PXB,1
nonroad,2022,NVPXL16.1ADB,MVPXL16.1ADB,MVPXL16.1ADB,1
nonroad,2022,NKLXL06.7AAM,HKLXL06.7AAM,HKLXL06.7AAM,1
nonroad,2023,PSZXL05.2QXA,ESZXL05.2QXA,ESZXL05.2QXA,1
nonroad,2022,NPKXL07.0BN1,MPKXL07.0BN1,EPKXL07.0BN1,8
nonroad,2022,NCPXL84.7NSF,MCPXL84.7NSF,FCPXL84.7NSF,7
nonroad,2023,PJDXL02.9318,KJDXL02.9318,KJDXL02.9318,1
nonroad,2022,NDZXL02.2110,,NDZXL02.2110,0
nonroad,2022,NKLXL30.5GDC,JKLXL30.5GDC,JKLXL30.5GDC,1
nonroad,2023,PPKXL04.4NL1,NPKXL04.4NL1,CPKXL04.4NL1,11
nonroad,2023,PPKXL04.4NP1,NPKXL04.4NP1,FPKXL04.4NP1,8
nonroad,2023,PPKXL01.1SLV,NPKXL01.1SLV,LPKXL1.13SLV,3
nonroad,2023,PKBXL.276KCB,DKBXL.276KCB,DKBXL.276KCB,1
nonroad,2022,NMMLL02.7R55,KMMLL02.7D65,KMMLL02.7D65,1
nonroad,2023,PKLXL23.2FDC,JKLXL23.2FDC,JKLXL23.2FDC,1
nonroad,2023,PPKXL.761F2V,NPKXL.761F2V,LPKXL.761F2V,3
nonroad,2023,PPKXL01.5F2C,NPKXL01.5F2C,LPKXL1.49F2C,3
nonroad,2022,NKLXL23.2FDD,GKLXL23.2FDD,GKLXL23.2FDD,1
nonroad,2022,NLGCL01.9L3C,HLGCL01.9L3C,FLGCL01.9L3C,3
nonroad,2022,NYDXL.993NPA,,NYDXL.993NPA,0
nonroad,2023,PMMLL02.7H39,DMMLL02.7M40,DMMLL02.7M40,1
nonroad,2022,NCPXL78.1NZS,MCPXL78.1NZS,CCPXL78.1NZS,10
nonroad,2023,PYDXL.993NUA,,PYDXL.993NUA,0
nonroad,2023,PYDXL01.6NMA,,PYDXL01.6NMA,0
nonroad,2023,PYDXL02.1HDA,DYDXL2.09HDA,DYDXL2.09HDA,1
nonroad,2023,PPKXL01.5N3T,,PPKXL01.5N3T,0
nonroad,2023,PYDXL.436H1N,,PYDXL.436H1N,0
nonroad,2023,PKBXL02.6END,DKBXL02.6END,DKBXL02.6END,1
nonroad,2023,PFPXL04.5DTD,JFPXL04.5DTD,JFPXL04.5DTD,1
nonroad,2023,PYDXL02.1TDA,HYDXL2.09TDA,HYDXL2.09TDA,1
nonroad,2023,PMDDL21.0ZWR,AMDDL21.0GWR,PMDDL21.0ZWR,0
nonroad,2023,PYDXL.993NSA,,PYDXL.993NSA,0
nonroad,2023,PKBXL03.8CKD,DKBXL03.8CKD,DKBXL03.8CKD,1
nonroad,2023,PLHAL08.0SQC,ELHAL7.96SQC,ELHAL7.96SQC,1
nonroad,2023,PKBXL03.8AAC,GKBXL03.8AAC,GKBXL03.8AAC,1
nonroad,2023,PLHAL10.5SWC,,PLHAL10.5SWC,0
nonroad,2023,PLGCL01.9L3C,HLGCL01.9L3C,FLGCL01.9L3C,3
nonroad,2023,PLGCL01.9L3D,KLGCL01.9L3D,KLGCL01.9L3D,1
nonroad,2023,PDCLL02.4HTV,LDCLL02.4HTV,LDCLL02.4HTV,1
nonroad,2022,NLHAL08.0SQC,ELHAL7.96SQC,ELHAL7.96SQC,1
nonroad,2022,NVSXL16.1HPE,,NVSXL16.1HPE,0
nonroad,2022,NCPXL78.1NVF,MCPXL78.1NVF,GCPXL78.1NVF,6
nonroad,2022,NCPXL12.5HTF,MCPXL12.5HTF,ECPXL12.5HTF,8
nonroad,2023,PVPXL16.1BDA,NVPXL16.1BDA,KVPXL16.1BDA,4
nonroad,2023,PMNBL12.4OR4,HMNBL12.4OR4,GMNBL12.4OR4,2
nonroad,2023,PMNBL15.3OR4,,PMNBL15.3OR4,0
nonroad,2023,PMVXL02.5DAA,8MVXL02.5GGG,PMVXL02.5DAA,0
nonroad,2023,PMVXL03.3AAK,7MVXL03.3AAF,PMVXL03.3AAK,0
nonroad,2023,PMVXL03.3EAC,KMVXL03.3EAC,KMVXL03.3EAC,1
nonroad,2023,PKOEL3.24TAX,JKOEL3.24TAX,JKOEL3.24TAX,1
nonroad,2022,NCPXL27.0HXF,MCPXL27.0HXF,CCPXL27.0HXA,10
nonroad,2022,NCPXL106.NVF,MCPXL106.NVF,HCPXL106.NVF,5
nonroad,2023,PMVXL01.8EBA,GMVXL01.3EBA,GMVXL01.3EBA,1
nonroad,2023,PSIDL06.6G6D,NSIDL06.6G6D,MSIDL06.6G6D,2
nonroad,2022,NFPXL06.7FR1,LFPXL06.7FR1,LFPXL06.7FR1,1
nonroad,2023,PDZXL03.6063,,PDZXL03.6063,0
nonroad,2023,PDZXL04.1054,,PDZXL04.1054,0
nonroad,2023,PDZXL07.8046,,PDZXL07.8046,0
nonroad,2023,PYDXL01.3NPA,DYDXL1.27NPA,DYDXL1.27NPA,1
nonroad,2023,PY9XL09.3DAA,LY9XL09.3DAA,LY9XL09.3DAA,1
nonroad,2023,PMDDL40.1GNR,GMDDL40.1GNR,FMDDL40.1GNR,2
nonroad,2023,PKBXL03.8C5D,,PKBXL03.8C5D,0
nonroad,2020,LKLXL60.0AAI,,LKLXL60.0AAI,0
nonroad,2019,KKLXL78.0AAI,,KKLXL78.0AAI,0
nonroad,2023,PLHAL09.0SQC,KLHAL09.0SQC,KLHAL09.0SQC,1
nonroad,2023,PLHAL09.0SWC,,PLHAL09.0SWC,0
nonroad,2023,PPKXL02.2NLT,NPKXL02.2NLT,LPKXL2.22NLT,2
nonroad,2022,NDICL02.4LEA,MDICL02.4LEA,FDICL02.4LEA,7
nonroad,2024,RCPXL58.6HXF,PCPXL58.6HXF,FCPXL58.6HXF,9
nonroad,2023,PFPXL02.8DE2,,PFPXL02.8DE2,0
nonroad,2024,RYDXL03.1HDB,,RYDXL03.1HDB,0
nonroad,2023,PPKXL02.2TIC,NPKXL02.2TIC,LPKXL2.22TIC,3
nonroad,2023,PFPXL06.7CLA,KFPXL06.7CLA,KFPXL06.7CLA,1
nonroad,2023,PYDXL03.3NGA,,PYDXL03.3NGA,0
nonroad,2023,PDZXL03.6018,,PDZXL03.6018,0
nonroad,2023,PYDXL.570NUA,,PYDXL.570NUA,0
nonroad,2024,RSZXL03.0RXB,FSZXL03.0RXB,FSZXL03.0RXB,1
nonroad,2023,PYDXL02.1NFC,NYDXL02.1NFC,NYDXL02.1NFC,1
nonroad,2024,RYDXL.993NWB,,RYDXL.993NWB,0
nonroad,2023,PCPXL45.8NZS,NCPXL45.8NZS,NCPXL45.8NZS,1
nonroad,2024,RSZXL07.8QXA,ESZXL07.8QXA,ESZXL07.8QXA,1
nonroad,2023,PFPXL06.7FR2,MFPXL06.7FR2,MFPXL06.7FR2,1
nonroad,2024,RJDXL02.9142,FJDXL02.9142,FJDXL02.9142,1
nonroad,2024,RJDXL06.8120,PJDXL06.8120,PJDXL06.8120,1
nonroad,2024,RDZXL07.1026,PDZXL07.1026,CDZXL07.1026,11
nonroad,2024,RYDXL02.2NKA,,RYDXL02.2NKA,0
nonroad,2023,PVPXL12.8CJA,NVPXL12.8CJA,MVPXL12.8CJA,2
nonroad,2024,RCPXL12.5NYS,PCPXL12.5NYS,ECPXL12.5NYS,10
nonroad,2024,RLGCL01.9L3C,HLGCL01.9L3C,FLGCL01.9L3C,3
nonroad,2024,RCPXL08.8NZS,PCPXL08.8NZS,CCPXL08.8NZS,12
nonroad,2024,RPKXL04.4NR1,PPKXL04.4NR1,FPKXL04.4NR1,9
nonroad,2024,RPKXL07.0PW1,PPKXL07.0PW1,EPKXL07.0PW1,10
nonroad,2024,RPKXL04.4NP1,PPKXL04.4NP1,FPKXL04.4NP1,9
nonroad,2024,RPKXL02.2TIC,PPKXL02.2TIC,LPKXL2.22TIC,4
nonroad,2024,RMVXL49.0BBA,7MVXL49.0BBA,RMVXL49.0BBA,0
nonroad,2023,PMDDL22.4ZWR,,PMDDL22.4ZWR,0
nonroad,2023,PKLXL23.2FDD,GKLXL23.2FDD,GKLXL23.2FDD,1
nonroad,2024,RMVXL02.2EBA,HMVXL02.2EBA,HMVXL02.2EBA,1
nonroad,2024,RMVXL02.5LLL,7MVXL02.5EEE,RMVXL02.5LLL,0
nonroad,2024,RMVXL01.0EDB,GMVXL01.0EDB,GMVXL01.0EDB,1
nonroad,2023,PFPXL12.9TDS,,PFPXL12.9TDS,0
nonroad,2023,PCPXL106.NVG,NCPXL106.NVG,KCPXL106.NVG,4
nonroad,2024,RTYCL3.41D44,,RTYCL3.41D44,0
nonroad,2022,NLHAL103.VQC,,NLHAL103.VQC,0
nonroad,2023,PDICL03.4LEB,NDICL03.4LEB,FDICL03.4LEB,8
nonroad,2024,RJDXL02.9318,KJDXL02.9318,KJDXL02.9318,1
nonroad,2024,RDZXL03.6060,PDZXL03.6060,MDZXL03.6060,3
nonroad,2024,RHZXL01.5M52,,RHZXL01.5M52,0
nonroad,2023,PFPXL03.4DEK,LFPXL03.4DEK,LFPXL03.4DEK,1
nonroad,2023,PCPXL18.1NYS,NCPXL18.1NYS,CCPXL18.1NYS,11
nonroad,2024,RHZXL02.0C50,,RHZXL02.0C50,0
nonroad,2023,PFPXL03.4DER,LFPXL03.4DER,LFPXL03.4DER,1
nonroad,2023,PDZXL04.1056,,PDZXL04.1056,0
nonroad,2024,RDCLL01.6D7G,GDCLL01.6D7G,CDCLL02.2D7G,2
nonroad,2023,PVPXL16.1ADB,NVPXL16.1ADB,MVPXL16.1ADB,2
nonroad,2024,RYDXL.570NXA,PYDXL.570NXA,PYDXL.570NXA,1
nonroad,2024,RYDXL01.3NSA,DYDXL1.27NS1,DYDXL1.27NS1,1
nonroad,2024,RMDDL40.1GNR,GMDDL40.1GNR,FMDDL40.1GNR,2
nonroad,2024,RYDXL01.6NKA,PYDXL01.6NKA,PYDXL01.6NKA,1
nonroad,2024,RLHAL07.0SQC,ELHAL7.01SQC,ELHAL7.01SQC,1
nonroad,2023,PCPXL09.3NTF,NCPXL09.3NTF,KCPXL09.3NTF,4
nonroad,2024,RYDXL01.3NPB,PYDXL01.3NPB,PYDXL01.3NPB,1
nonroad,2024,RJDXL06.8302,LJDXL06.8302,LJDXL06.8302,1
nonroad,2024,RKBXL01.5FCC,DKBXL01.5FCC,DKBXL01.5FCC,1
nonroad,2024,RMMLL02.7D45,DMMLL02.7M40,DMMLL02.7M40,1
nonroad,2024,RMMLL02.6T70,JMMLL02.6T70,JMMLL02.6T70,1
nonroad,2024,RKBXL02.4RNB,NKBXL02.4RNB,NKBXL02.4RNB,1
nonroad,2024,RFPXL03.4ADD,JFPXL03.4ADD,HFPXL03.4ADD,2
nonroad,2024,RKBXL01.8EMD,FKBXL01.8EMD,FKBXL01.8EMD,1
nonroad,2024,RYDXL01.6HKA,PYDXL01.6HKA,PYDXL01.6HKA,1
nonroad,2024,RKBXL.326KCB,DKBXL.325KCB,DKBXL.325KCB,1
nonroad,2024,RKBXL03.8AAC,GKBXL03.8AAC,GKBXL03.8AAC,1
nonroad,2023,PDZXL06.1050,,PDZXL06.1050,0
nonroad,2024,RTYCL2.29A41,,RTYCL2.29A41,0
nonroad,2023,PCPXL78.1NZS,NCPXL78.1NZS,CCPXL78.1NZS,11
nonroad,2024,RMRBL109.EMS,PMRBL109.EMS,PMRBL109.EMS,1
nonroad,2024,RYDXL02.1TDA,HYDXL2.09TDA,HYDXL2.09TDA,1
nonroad,2025,SYDXL.993NWB,RYDXL.993NWB,RYDXL.993NWB,1
nonroad,2023,PCPXL18.1HXF,NCPXL18.1HXF,CCPXL18.1HXA,11
nonroad,2024,RYDXL03.1HDA,NYDXL03.1HDA,NYDXL03.1HDA,1
nonroad,2024,RYDXL01.6TDA,PYDXL01.6TDA,PYDXL01.6TDA,1
nonroad,2023,PVSXL16.1T4F,,PVSXL16.1T4F,0
nonroad,2023,PVSXL10.8STV,,PVSXL10.8STV,0
nonroad,2023,PKLXL08.9AAM,HKLXL08.9AAM,HKLXL08.9AAM,1
nonroad,2023,PCPXL78.1NSG,NCPXL78.1NSG,NCPXL78.1NSG,1
nonroad,2024,RCPXL45.8NZS,PCPXL45.8NZS,NCPXL45.8NZS,2
nonroad,2024,RCPXL18.1NYS,PCPXL18.1NYS,CCPXL18.1NYS,12
nonroad,2023,PHZXL1.95V50,,PHZXL1.95V50,0
nonroad,2024,RKOEL3.24TAX,JKOEL3.24TAX,JKOEL3.24TAX,1
nonroad,2024,RDCLL03.8JAV,,RDCLL03.8JAV,0
nonroad,2024,RCEXL0275AAK,,RCEXL0275AAK,0
nonroad,2024,RCEXL0540AAB,,RCEXL0540AAB,0
nonroad,2024,RDZXL06.1050,,RDZXL06.1050,0
nonroad,2024,RCEXL015.AAJ,ECEXL015.AAJ,CCEXL015.AAJ,2
nonroad,2024,RYDXL01.6NGA,PYDXL01.6NGA,PYDXL01.6NGA,1
nonroad,2024,RFPXL03.4DEK,LFPXL03.4DEK,LFPXL03.4DEK,1
nonroad,2024,RCPXL78.1NVF,PCPXL78.1NVF,GCPXL78.1NVF,8
nonroad,2024,RY9XL16.4DBA,JY9XL16.4DBA,JY9XL16.4DBA,1
nonroad,2024,RCEXL08.9AAR,,RCEXL08.9AAR,0
nonroad,2023,PCEXL04.5AAH,FCEXL04.5AAH,FCEXL04.5AAH,1
nonroad,2021,MCEXL04.5AAH,,MCEXL04.5AAH,0
nonroad,2020,LCEXL04.5AAH,,LCEXL04.5AAH,0
nonroad,2015,FCEXL04.5AAH,,FCEXL04.5AAH,0
nonroad,2019,KCEXL04.5AAK,,KCEXL04.5AAK,0
nonroad,2021,MCEXL04.5AAL,,MCEXL04.5AAL,0
nonroad,2019,KCEXL04.5AAL,,KCEXL04.5AAL,0
nonroad,2024,RCEXL60.0AAB,,RCEXL60.0AAB,0
nonroad,2014,ECEXL15.0AAL,,ECEXL15.0AAL,0
nonroad,2018,JCEXL0275AAG,,JCEXL0275AAG,0
nonroad,2019,KCEXL0275AAG,,KCEXL0275AAG,0
nonroad,2021,MCEXL0275AAH,,MCEXL0275AAH,0
nonroad,2016,GCEXL0275AAH,,GCEXL0275AAH,0
nonroad,2021,MCEXL0409AAB,,MCEXL0409AAB,0
nonroad,2022,NCEXL0409AAB,,NCEXL0409AAB,0
nonroad,2019,KCEXL0409AAB,,KCEXL0409AAB,0
nonroad,2015,FCEXL0409AAB,,FCEXL0409AAB,0
nonroad,2013,DCEXL0409AAB,,DCEXL0409AAB,0
nonroad,2013,DCEXL0409AAC,,DCEXL0409AAC,0
nonroad,2015,FCEXL0505AAE,ECEXL0505AAE,CCEXL0505AAE,3
nonroad,2018,JCEXL0409AAD,,JCEXL0409AAD,0
nonroad,2013,DCEXL0409AAD,,DCEXL0409AAD,0
nonroad,2015,FCEXL12.0AAA,,FCEXL12.0AAA,0
nonroad,2019,KCEXL0661AAH,ECEXL0661AAH,ECEXL0661AAH,1
nonroad,2024,RFPXL15.9FR1,,RFPXL15.9FR1,0
nonroad,2015,FCEXL0661AAH,ECEXL0661AAH,ECEXL0661AAH,1
nonroad,2025,SRIAL03.0RBC,,SRIAL03.0RBC,0
nonroad,2024,RMNBL15.3OR4,,RMNBL15.3OR4,0
nonroad,2024,RKBXL05.0C5D,PKBXL05.0C5D,PKBXL05.0C5D,1
nonroad,2025,SCPXL58.6HXG,RCPXL58.6HXG,JCPXL58.6HXG,7
nonroad,2024,RFPXL06.7SCA,,RFPXL06.7SCA,0
nonroad,2024,RKBXL01.8E1D,KKBXL01.8E1D,KKBXL01.8E1D,1
nonroad,2024,RFPXL06.7FR1,,RFPXL06.7FR1,0
nonroad,2024,RSIDL04.9G6C,PSIDL04.9G6C,PSIDL04.9G6C,1
nonroad,2024,RMDDL95.4GTZ,,RMDDL95.4GTZ,0
nonroad,2024,RYDXL.436H1E,,RYDXL.436H1E,0
nonroad,2024,RSIDL06.6G6D,PSIDL06.6G6D,MSIDL06.6G6D,3
nonroad,2024,RDZXL04.1125,,RDZXL04.1125,0
nonroad,2024,RCEXL60.0AAF,,RCEXL60.0AAF,0
nonroad,2024,RMNBL24.2OR4,JMNBL24.2OR4,JMNBL24.2OR4,1
nonroad,2025,SJDXL04.5119,CJDXL04.5119,CJDXL04.5119,1
nonroad,2022,NLHAL12.0SWC,MLHAL12.0SWC,MLHAL12.0SWC,1
nonroad,2019,KCEXL60.0AAB,GCEXL60.0AAB,GCEXL60.0AAB,1
nonroad,2024,RKHXL01.9DIM,,RKHXL01.9DIM,0
nonroad,2025,SSZXL03.0RXA,FSZXL03.0RXA,FSZXL03.0RXA,1
nonroad,2025,SFPXL06.7DGS,JFPXL06.7DGS,JFPXL06.7DGS,1
nonroad,2023,PCEXL78.0AAA,,PCEXL78.0AAA,0
nonroad,2018,JCEXL78.0AAA,ECEXL78.0AAA,ECEXL78.0AAA,1
nonroad,2016,GCEXL78.0AAA,ECEXL78.0AAA,ECEXL78.0AAA,1
nonroad,2025,SSZXL05.2QXA,ESZXL05.2QXA,ESZXL05.2QXA,1
nonroad,2024,RCEXL19.0AAA,,RCEXL19.0AAA,0
nonroad,2024,RLHAL12.0SQC,ELHAL12.0SQC,ELHAL12.0SQC,1
nonroad,2024,RLHAL09.0SQC,PLHAL09.0SQC,KLHAL09.0SQC,2
nonroad,2025,SDICL15.1LBG,,SDICL15.1LBG,0
nonroad,2018,JCEXL95.0AAA,GCEXL95.0AAA,GCEXL95.0AAA,1
nonroad,2024,RKBXL02.4EKD,DKBXL02.4EKD,DKBXL02.4EKD,1
nonroad,2024,RKLXL03.3JDB,DKLXL03.3JDB,DKLXL03.3JDB,1
nonroad,2024,RKLXL03.3JDC,JKLXL03.3JDC,JKLXL03.3JDC,1
nonroad,2024,RKLXL06.7AAM,HKLXL06.7AAM,HKLXL06.7AAM,1
nonroad,2024,RKLXL11.0DDD,MKLXL11.0DDD,MKLXL11.0DDD,1
nonroad,2024,RKLXL08.9AAM,HKLXL08.9AAM,HKLXL08.9AAM,1
nonroad,2024,RKLXL15.2EDD,NKLXL15.2EDD,NKLXL15.2EDD,1
nonroad,2024,RKBXL02.4E2D,KKBXL02.4E2D,KKBXL02.4E2D,1
nonroad,2025,SPKXL01.5N3C,RPKXL01.5N3C,LPKXL1.49N3C,5
nonroad,2025,SLHAL09.0SQC,PLHAL09.0SQC,KLHAL09.0SQC,2
nonroad,2025,SDZXL07.1031,RDZXL07.1031,RDZXL07.1031,1
nonroad,2024,RDICL03.4LEB,PDICL03.4LEB,FDICL03.4LEB,9
nonroad,2025,SLHAL13.5SQC,PLHAL13.5SQC,KLHAL13.5SQC,2
nonroad,2024,RPKXL07.0VM1,PPKXL07.0VM1,KPKXL07.0VM1,5
nonroad,2025,SKBXL03.6BAC,GKBXL03.6BAC,GKBXL03.6BAC,1
nonroad,2014,ECEXL060.AAD,,ECEXL060.AAD,0
nonroad,2025,SKBXL02.4END,DKBXL02.4END,DKBXL02.4END,1
nonroad,2025,SJDXL04.5315,FJDXL04.5305,FJDXL04.5305,1
nonroad,2025,SKBXL02.4EMC,FKBXL02.4EMC,FKBXL02.4EMC,1
nonroad,2022,NCEXL60.0AAF,,NCEXL60.0AAF,0
nonroad,2021,MCEXL60.0AAF,,MCEXL60.0AAF,0
nonroad,2017,HCEXL60.0AAF,,HCEXL60.0AAF,0
nonroad,2024,RJDXL13.5320,MJDXL13.5320,MJDXL13.5320,1
nonroad,2024,RJDXL09.0333,MJDXL09.0333,MJDXL09.0333,1
nonroad,2024,RCPXL78.1NZS,PCPXL78.1NZS,CCPXL78.1NZS,12
nonroad,2025,SFTGL02.2R3N,GFTGL02.2R3N,FFTGL02.2R3N,2
nonroad,2021,MLHAL45.0ESP,JLHAL45.0ESP,GLHAL45.0ESP,2
nonroad,2024,RPKXL02.2IW1,PPKXL02.2IW1,LPKXL2.22IW1,4
nonroad,2025,SHZXL.722M92,RHZXL.722M92,PHZXL.722M92,2
nonroad,2024,RPKXL02.8FL1,PPKXL02.8FL1,LPKXL02.8FL1,4
nonroad,2024,RDZXL03.6123,,RDZXL03.6123,0
nonroad,2015,FLHAL7.96SQC,ELHAL7.96SQC,ELHAL7.96SQC,1
nonroad,2025,SHZXL01.5M52,RHZXL01.5M52,RHZXL01.5M52,1
nonroad,2024,RVSXL07.7STV,,RVSXL07.7STV,0
nonroad,2023,PLHAL24.2VQT,GLHAL24.2VQT,GLHAL24.2VQT,1
nonroad,2025,SPKXL04.4NP1,RPKXL04.4NP1,FPKXL04.4NP1,10
nonroad,2024,RCPXL32.1HXG,PCPXL32.0HXG,FCPXL32.0HXG,9
nonroad,2017,HLHAL10.5SQC,ELHAL10.5SQC,ELHAL10.5SQC,1
nonroad,2019,KLHAL13.5SQC,,KLHAL13.5SQC,0
nonroad,2025,SDICL02.4LEC,RDICL02.4LEC,PDICL02.4LEC,2
nonroad,2024,RCPXL18.1HXF,PCPXL18.1HXF,CCPXL18.1HXA,12
nonroad,2025,SKBXL01.3DCB,DKBXL01.3DCB,DKBXL01.3DCB,1
nonroad,2025,SKBXL01.0BCB,DKBXL01.0BCB,DKBXL01.0BCB,1
nonroad,2025,SMVXL03.3AAJ,7MVXL03.3AAC,SMVXL03.3AAJ,0
nonroad,2025,SMVXL24.5BBA,9MVXL24.5BBA,SMVXL24.5BBA,0
nonroad,2025,SMMLL02.7M40,DMMLL02.7M40,DMMLL02.7M40,1
nonroad,2025,SMMLL02.7D45,DMMLL02.7M40,DMMLL02.7M40,1
nonroad,2025,SYDXL02.2S4A,PYDXL01.6S3N,PYDXL01.6S3N,1
nonroad,2025,SDCLL01.2D78,,SDCLL01.2D78,0
nonroad,2025,SDZXL02.2110,,SDZXL02.2110,0
nonroad,2024,RCPXL27.0HXF,PCPXL27.0HXF,CCPXL27.0HXA,12
nonroad,2025,SDZXL07.1126,RDZXL07.1126,RDZXL07.1126,1
nonroad,2025,SVPXL16.1CDD,RVPXL16.1CDD,MVPXL16.1CDD,4
nonroad,2024,RFPXL02.8DC1,,RFPXL02.8DC1,0
nonroad,2024,RFPXL02.8DC2,,RFPXL02.8DC2,0
nonroad,2024,RFPXL02.8DE1,,RFPXL02.8DE1,0
nonroad,2024,RFPXL02.8DE2,PFPXL02.8DE2,PFPXL02.8DE2,1
nonroad,2025,SPKXL07.0PW2,RPKXL07.0PW2,FPKXL07.0PW2,10
nonroad,2025,SLHAL13.5SWC,PLHAL13.5SWC,MLHAL13.5SWC,2
nonroad,2025,SDZXL02.2115,RDZXL02.2115,PDZXL02.2115,2
nonroad,2025,SKHXL01.4KSN,,SKHXL01.4KSN,0
nonroad,2026,TCPXL18.1NYS,SCPXL18.1NYS,CCPXL18.1NYS,14
nonroad,2025,SFPXL12.9FR2,,SFPXL12.9FR2,0
nonroad,2025,SYDXL01.3NS1,DYDXL1.27NS1,DYDXL1.27NS1,1
nonroad,2025,SCEXL30.0AAE,RCEXL30.0AAE,LCEXL30.0AAE,3
nonroad,2025,SKHXL03.4TCG,,SKHXL03.4TCG,0
nonroad,2025,SICLL01.8F3X,NICLL01.8F3X,NICLL01.8F3X,1
nonroad,2025,SKBXL02.2RCB,DKBXL02.2RCB,DKBXL02.2RCB,1
nonroad,2025,SYDXL02.1HKB,RYDXL02.1HKB,RYDXL02.1HKB,1
nonroad,2025,SYDXL03.3TDA,PYDXL03.3TDA,PYDXL03.3TDA,1
nonroad,2025,SSZXL05.2RXA,FSZXL05.2RXA,FSZXL05.2RXA,1
nonroad,2023,PLHAL08.0SWC,,PLHAL08.0SWC,0
nonroad,2026,TJDXL18.0180,,TJDXL18.0180,0
nonroad,2020,LCEXL23.0AAD,,LCEXL23.0AAD,0
nonroad,2014,ECEXL19.0AAA,,ECEXL19.0AAA,0
nonroad,2025,SYDXL03.3TGA,PYDXL03.3TGA,PYDXL03.3TGA,1
nonroad,2026,TJDXL04.5119,CJDXL04.5119,CJDXL04.5119,1
nonroad,2026,TJDXL06.8120,PJDXL06.8120,PJDXL06.8120,1
nonroad,2016,GCEXL06.7AAL,,GCEXL06.7AAL,0
nonroad,2015,FCEXL06.7AAL,,FCEXL06.7AAL,0
nonroad,2021,MCEXL04.5AAJ,,MCEXL04.5AAJ,0
nonroad,2017,HCEXL04.5AAJ,,HCEXL04.5AAJ,0
nonroad,2026,TSZXL02.2VNL,JSZXL02.2VNL,JSZXL02.2VNL,1
nonroad,2026,TLGCL02.5L4A,HLGCL02.5L4A,HLGCL02.5L4A,1
nonroad,2025,SMRBL65.4EMS,PMRBL65.4EMS,PMRBL65.4EMS,1
nonroad,2026,TCPXL12.5NYS,SCPXL12.5NYS,ECPXL12.5NYS,12
nonroad,2025,SCPXL08.8NZS,RCPXL08.8NZS,CCPXL08.8NZS,13
nonroad,2024,RCEXL06.7AAK,,RCEXL06.7AAK,0
nonroad,2026,TDICL07.5LCG,,TDICL07.5LCG,0
nonroad,2025,SFPXL03.4BSD,,SFPXL03.4BSD,0
nonroad,2025,SKBXL02.4EMD,FKBXL02.4EMD,FKBXL02.4EMD,1
nonroad,2026,TSIDL04.9G6C,SSIDL04.9G6C,PSIDL04.9G6C,3
nonroad,2025,SFPXL03.4BPC,,SFPXL03.4BPC,0
nonroad,2026,TMVXL65.4BBA,9MVXL65.4BBA,TMVXL65.4BBA,0
nonroad,2023,PCEXL02.8AAC,GCEXL02.8AAC,GCEXL02.8AAC,1
nonroad,2025,SCPXL106.NVG,RCPXL106.NVG,KCPXL106.NVG,6
nonroad,2025,SMVXL01.8EBA,GMVXL01.3EBA,GMVXL01.3EBA,1
nonroad,2026,TPKXL02.2TIC,SPKXL02.2TIC,LPKXL2.22TIC,6
nonroad,2025,SCPXL27.0NZS,RCPXL27.0NZS,CCPXL27.0NZS,13
nonroad,2026,TMMLL03.0H74,,TMMLL03.0H74,0
nonroad,2025,SDZXL07.8046,,SDZXL07.8046,0
nonroad,2026,TPKXL02.2NLT,SPKXL02.2NLT,LPKXL2.22NLT,5
nonroad,2026,TCEXL050.AAD,SCEXL050.AAD,SCEXL050.AAD,1
nonroad,2025,SKLXL30.5GDC,JKLXL30.5GDC,JKLXL30.5GDC,1
nonroad,2025,SMDDL22.4ZWR,,SMDDL22.4ZWR,0
nonroad,2025,SKLXL23.2FDD,GKLXL23.2FDD,GKLXL23.2FDD,1
nonroad,2025,SCEXL03.3CAA,DCEXL03.3CAA,CCEXL03.3CAA,2
nonroad,2021,MFPXL12.9TSS,,MFPXL12.9TSS,0
nonroad,2017,HCEXL03.3BAA,ECEXL03.3BAA,CCEXL03.3BAA,3
nonroad,2026,TDZXL15.9058,SDZXL15.9058,SDZXL15.9058,1
nonroad,2026,TDZXL06.1061,SDZXL06.1061,SDZXL06.1061,1
nonroad,2014,EFPXL12.9TSS,,EFPXL12.9TSS,0
nonroad,2019,KCEXL03.3CAA,DCEXL03.3CAA,CCEXL03.3CAA,2
nonroad,2026,TDZXL07.8051,SDZXL07.8051,SDZXL07.8051,1
nonroad,2013,DCEXL03.3CAA,CCEXL03.3CAA,CCEXL03.3CAA,1
nonroad,2026,TDZXL02.9118,SDZXL02.9118,SDZXL02.9118,1
nonroad,2026,TDZXL02.9120,SDZXL02.9120,SDZXL02.9120,1
nonroad,2025,SFPXL12.9TDS,PFPXL12.9TDS,PFPXL12.9TDS,1
nonroad,2025,SVPXL16.1CEB,MVPXL16.1CEB,MVPXL16.1CEB,1
nonroad,2026,TDZXL06.1050,SDZXL06.1050,SDZXL06.1050,1
nonroad,2026,TDCLL02.4HTV,LDCLL02.4HTV,LDCLL02.4HTV,1
nonroad,2026,TFPXL15.9GT1,PFPXL15.9GT1,PFPXL15.9GT1,1
nonroad,2026,TDCLL02.4HIV,MDCLL02.4HIV,MDCLL02.4HIV,1
nonroad,2026,TLHAL13.5SWC,SLHAL13.5SWC,MLHAL13.5SWC,3
nonroad,2026,TDZXL03.6123,SDZXL03.6123,SDZXL03.6123,1
nonroad,2025,SMDDL21.0ZWR,AMDDL21.0GWR,SMDDL21.0ZWR,0
nonroad,2025,SCPXL12.5HTF,RCPXL12.5HTF,ECPXL12.5HTF,11
nonroad,2026,TLHAL16.2VWC,MLHAL16.2VWC,MLHAL16.2VWC,1
nonroad,2026,TDZXL04.1054,SDZXL04.1054,SDZXL04.1054,1
nonroad,2025,SLHAL103.ESP,HLHAL103.ESP,HLHAL103.ESP,1
nonroad,2023,PLHAL103.E9P,NLHAL103.E9P,NLHAL103.E9P,1
nonroad,2026,THZXL.517M54,SHZXL.517M54,MHZXL.517M54,5
nonroad,2026,TYDXL01.1NPB,,TYDXL01.1NPB,0
nonroad,2025,SJCBL04.8S12,HJCBL04.8S12,HJCBL04.8S12,1
nonroad,2026,TYDXL.570NXA,PYDXL.570NXA,PYDXL.570NXA,1
nonroad,2026,TSZXL05.2IXK,,TSZXL05.2IXK,0
nonroad,2023,PLHAL12.0SWC,,PLHAL12.0SWC,0
nonroad,2026,TCEXL03.3BAA,ECEXL03.3BAA,CCEXL03.3BAA,3
nonroad,2021,MCEXL03.8AAF,KCEXL03.8AAF,KCEXL03.8AAF,1
nonroad,2023,PFPXL06.7SDA,,PFPXL06.7SDA,0
nonroad,2026,TYDXL01.3NPB,PYDXL01.3NPB,PYDXL01.3NPB,1
nonroad,2017,HFPXL06.7SDA,,HFPXL06.7SDA,0
nonroad,2026,TDICL15.1LBA,SDICL15.1LBA,SDICL15.1LBA,1
nonroad,2026,TDICL21.9LBG,SDICL21.9LBG,NDICL21.9LBG,4
nonroad,2026,TYDXL.436H1E,RYDXL.436H1E,RYDXL.436H1E,1
nonroad,2026,TYDXL03.3TDB,PYDXL03.3TDB,PYDXL03.3TDB,1
nonroad,2022,NCEXL03.8AAA,FCEXL03.8AAA,FCEXL03.8AAA,1
nonroad,2019,KCEXL03.8AAA,FCEXL03.8AAA,FCEXL03.8AAA,1
nonroad,2026,TMMLL02.7C38,EMMLL02.7C38,EMMLL02.7C38,1
nonroad,2026,TDICL11.0LCG,SDICL11.0LCG,PDICL11.0LCG,3
nonroad,2025,SFPXL06.7FR1,,SFPXL06.7FR1,0
nonroad,2024,RCEXL03.8AAB,GCEXL03.8AAB,GCEXL03.8AAB,1
nonroad,2022,NCEXL03.8AAB,GCEXL03.8AAB,GCEXL03.8AAB,1
nonroad,2018,JCEXL03.8AAB,GCEXL03.8AAB,GCEXL03.8AAB,1
nonroad,2026,TYDXL03.3TKA,PYDXL03.3TKA,PYDXL03.3TKA,1
nonroad,2026,TJCBL04.4TA5,LJCBL04.4TA5,LJCBL04.4TA5,1
nonroad,2025,SVSXL16.1T4F,,SVSXL16.1T4F,0
nonroad,2025,SVPXL12.8CJB,RVPXL12.8CJB,RVPXL12.8CJB,1
nonroad,2026,TJCBL04.4EM1,PJCBL04.4EM1,PJCBL04.4EM1,1
nonroad,2026,TCEXL50.0AAF,SCEXL50.0AAF,SCEXL50.0AAF,1
nonroad,2026,TCPXL106.NZS,SCPXL106.NZS,CCPXL106.NZS,14
nonroad,2026,TPKXL01.7JTV,SPKXL01.7JTV,LPKXL1.66JTV,6
nonroad,2025,SCEXL95.0AAA,,SCEXL95.0AAA,0
nonroad,2020,LFPXL12.9FR2,,LFPXL12.9FR2,0
nonroad,2019,KCEXL03.8AAD,GCEXL03.8AAD,GCEXL03.8AAD,1
nonroad,2020,LFPXL08.7FR1,,LFPXL08.7FR1,0
nonroad,2026,TKHXL01.4KSN,SKHXL01.4KSN,SKHXL01.4KSN,1
nonroad,2026,TCPXL15.2NYS,SCPXL15.2NYS,CCPXL15.2NYS,14
nonroad,2026,TYDXL02.1NFC,,TYDXL02.1NFC,0
nonroad,2026,TKLXL30.5GDC,SKLXL30.5GDC,JKLXL30.5GDC,2
nonroad,2026,TKLXL23.2FDD,SKLXL23.2FDD,GKLXL23.2FDD,2
nonroad,2022,NLHAL103.ESP,HLHAL103.ESP,HLHAL103.ESP,1
nonroad,2025,SCPXL27.0HXF,RCPXL27.0HXF,CCPXL27.0HXA,13
nonroad,2026,TKOEL4.33TAX,KKOEL4.33TAX,KKOEL4.33TAX,1
nonroad,2026,TYDXL03.3S4N,,TYDXL03.3S4N,0
nonroad,2026,TYDXL02.2S4A,,TYDXL02.2S4A,0
nonroad,2027,VYDXL.993NWB,,VYDXL.993NWB,0
nonroad,2026,TSIDL09.8H6C,SSIDL09.8H6C,PSIDL09.8H6C,3
nonroad,2026,TFPXL04.5SCB,,TFPXL04.5SCB,0
nonroad,2026,TYDXL01.6S3A,CYDXL1.64J3N,CYDXL1.64J3N,1
nonroad,2026,TSIDL03.3G7B,SSIDL03.3G7B,PSIDL03.3G7B,3
nonroad,2026,TVPXL16.1ADA,RVPXL16.1ADA,KVPXL16.1ADA,6
nonroad,2026,TVPXL16.1ACW,RVPXL16.1ACW,KVPXL16.1ACW,6
nonroad,2021,MLHAL103.VQC,,MLHAL103.VQC,0
nonroad,2020,LLHAL103.ESP,HLHAL103.ESP,HLHAL103.ESP,1
nonroad,2021,MLHAL103.ESP,HLHAL103.ESP,HLHAL103.ESP,1
nonroad,2026,TJDXL03.9346,,TJDXL03.9346,0
nonroad,2026,TDZXL05.2124,,TDZXL05.2124,0
nonroad,2026,TYDXL.993NWC,,TYDXL.993NWC,0
nonroad,2026,TSZXL05.2DXV,,TSZXL05.2DXV,0
nonroad,2018,JLHAL103.ESP,HLHAL103.ESP,HLHAL103.ESP,1
nonroad,2019,KLHAL103.ESP,HLHAL103.ESP,HLHAL103.ESP,1
nonroad,2015,FFPXL15.9T4U,,FFPXL15.9T4U,0
nonroad,2026,TMVXL03.3CBB,KMVXL03.3CBB,KMVXL03.3CBB,1
nonroad,2022,NLHAL103.E9P,,NLHAL103.E9P,0
nonroad,2026,TDTAL10.6RJD,KMBXL10.6RJD,KMBXL10.6RJD,1
nonroad,2024,RDTAL15.6RJD,KMBXL15.6RJD,KMBXL15.6RJD,1
nonroad,2022,NDTAL12.8RJD,KMBXL12.8RJD,KMBXL12.8RJD,1
nonroad,2026,THZXL02.0M54,,THZXL02.0M54,0
nonroad,2026,TY9XL12.7EAA,,TY9XL12.7EAA,0
nonroad,2023,PDTAL07.7RJD,KMBXL07.7RJD,KMBXL07.7RJD,1
nonroad,2022,NDTAL07.7RJD,KMBXL07.7RJD,KMBXL07.7RJD,1
nonroad,2026,TCPXL18.1HTF,SCPXL18.1HTF,ECPXL18.1HTF,12
nonroad,2017,HFPXL15.9T4U,FFPXL15.9T4U,FFPXL15.9T4U,1
nonroad,2023,PCEXL15.0AAS,MCEXL15.0AAS,MCEXL15.0AAS,1
nonroad,2024,RFPXL15.9T4U,FFPXL15.9T4U,FFPXL15.9T4U,1
nonroad,2026,TYDXL.570NUE,,TYDXL.570NUE,0
nonroad,2023,PFPXL02.8EH2,,PFPXL02.8EH2,0
nonroad,2026,TFPXL03.6EHK,MFPXL03.6EHK,MFPXL03.6EHK,1
nonroad,2021,MFPXL03.6EHK,,MFPXL03.6EHK,0
nonroad,2026,TKBXL03.8CMD,GKBXL03.8CMD,GKBXL03.8CMD,1
nonroad,2026,TDICL01.9LEB,,TDICL01.9LEB,0
nonroad,2026,TMVXL03.3AAJ,7MVXL03.3AAC,TMVXL03.3AAJ,0
nonroad,2026,TCPXL78.1NSG,SCPXL78.1NSG,NCPXL78.1NSG,4
nonroad,2026,TJDXL13.5334,,TJDXL13.5334,0
nonroad,2026,TKHXL03.4TCP,,TKHXL03.4TCP,0
nonroad,2027,VHZXL02.0M50,,VHZXL02.0M50,0
nonroad,2026,TKLXL03.3JDC,SKLXL03.3JDC,JKLXL03.3JDC,2
nonroad,2026,TMVXL01.0EDC,SMVXL01.0EDC,SMVXL01.0EDC,1
nonroad,2026,TMVXL01.8EBB,SMVXL01.8EBB,SMVXL01.8EBB,1
nonroad,2026,TMVXL01.8EDC,PMVXL01.8EDC,PMVXL01.8EDC,1
nonroad,2021,MFPXL03.6EHP,,MFPXL03.6EHP,0
nonroad,2026,TJDXL04.5316,,TJDXL04.5316,0
nonroad,2023,PFPXL03.6EHP,,PFPXL03.6EHP,0
nonroad,2026,TYDXL02.2NFB,SYDXL02.2NFB,SYDXL02.2NFB,1
nonroad,2027,VHZXL02.0M51,,VHZXL02.0M51,0
nonroad,2026,TJDXL04.5315,,TJDXL04.5315,0
nonroad,2024,RDICL02.4LEA,PDICL02.4LEA,FDICL02.4LEA,9
nonroad,2027,VYDXL02.2NFB,,VYDXL02.2NFB,0
nonroad,2026,TMRBL65.4EMS,PMRBL65.4EMS,PMRBL65.4EMS,1
nonroad,2024,RFPXL03.4ASD,PFPXL03.4ASD,HFPXL03.4ASD,3
nonroad,2026,TJDXL04.5304,,TJDXL04.5304,0
nonroad,2026,TCPXL106.NVG,SCPXL106.NVG,KCPXL106.NVG,7
nonroad,2026,TCEXL03.8AAB,GCEXL03.8AAB,GCEXL03.8AAB,1
nonroad,2026,TKBXL03.8C5D,PKBXL03.8C5D,PKBXL03.8C5D,1
nonroad,2026,TKBXL.899KAB,LKBXL.898KAB,LKBXL.898KAB,1
nonroad,2026,TKBXL02.4EMC,FKBXL02.4EMC,FKBXL02.4EMC,1
nonroad,2026,TPKXL07.0VM1,SPKXL07.0VM1,KPKXL07.0VM1,7
nonroad,2025,SFPXL08.7FR1,,SFPXL08.7FR1,0
nonroad,2026,TYDXL01.6NDA,PYDXL01.6NDA,PYDXL01.6NDA,1
nonroad,2018,JFPXL08.7T4W,HFPXL08.7T4W,HFPXL08.7T4W,1
nonroad,2026,TMNBL16.2VGT,MMNBL16.2VGT,MMNBL16.2VGT,1
nonroad,2026,TKBXL02.4GKC,NKBXL02.4GKC,NKBXL02.4GKC,1
nonroad,2026,TKBXL03.3E1D,KKBXL03.3E1D,KKBXL03.3E1D,1
nonroad,2026,TCPXL12.5HTF,SCPXL12.5HTF,ECPXL12.5HTF,12
nonroad,2026,TVPXL10.8CJB,RVPXL10.8CJB,RVPXL10.8CJB,1
nonroad,2022,NCEXL050.AAD,,NCEXL050.AAD,0
nonroad,2026,TDICL07.6LEA,SDICL07.6LEA,GDICL07.6LEA,10
nonroad,2016,GCEXL50.0AAF,,GCEXL50.0AAF,0
nonroad,2026,TCPXL09.3NTF,SCPXL09.3NTF,KCPXL09.3NTF,7
nonroad,2019,KFPXL08.7T4V,EFPXL08.7T4V,EFPXL08.7T4V,1
nonroad,2022,NFPXL08.7T4V,EFPXL08.7T4V,EFPXL08.7T4V,1
nonroad,2023,PFPXL08.7T4V,EFPXL08.7T4V,EFPXL08.7T4V,1
nonroad,2016,GFPXL08.7T4V,EFPXL08.7T4V,EFPXL08.7T4V,1
nonroad,2011,BDCLL02.4B7T,ADCLL02.4B7T,BDCLL02.4B7T,0
nonroad,2011,BFZLL.418F86,AFZLL.418F86,BFZLL.418F86,0
nonroad,2012,CKLXL03.3JD9,8KLXL03.3JD9,CKLXL03.3JD9,0
nonroad,2012,CDZXL07.1026,,CDZXL07.1026,0
nonroad,2011,BYNDL1.81AAA,,BYNDL1.81AAA,0
nonroad,2011,BSHLL1.36DDD,,BSHLL1.36DDD,0
nonroad,2011,BCHCL1.81AAA,,BCHCL1.81AAA,0
nonroad,2012,CDZXL06.1010,,CDZXL06.1010,0
nonroad,2012,CVPXL16.1CDA,BVPXL16.1CDA,CVPXL16.1CDA,0
nonroad,2011,BJCAL1.91T1N,,BJCAL1.91T1N,0
nonroad,2012,CCPXL15.2NZS,BCPXL15.2NZS,CCPXL15.2NZS,0
nonroad,2011,BDICL05.8HTA,,BDICL05.8HTA,0
nonroad,2012,CVPXL09.4BAA,BVPXL09.4BAA,CVPXL09.4BAA,0
nonroad,2012,CJDXL04.5130,BJDXL04.5130,CJDXL04.5130,0
nonroad,2012,CJDXL02.4074,4JDXL02.4074,CJDXL02.4074,0
nonroad,2012,CJDXL02.9139,BJDXL02.9139,BJDXL02.9139,1
nonroad,2012,CJDXL03.0206,8JDXL03.0206,CJDXL03.0206,0
nonroad,2011,BDCLL01.4D80,ADCLL01.4D80,BDCLL01.4D80,0
nonroad,2011,BDCLL02.2D87,ADCLL02.2D87,BDCLL02.2D87,0
nonroad,2012,CSZXL02.2UTA,8SZXL02.2UTA,CSZXL02.2UTA,0
nonroad,2012,CKBXL02.4FCC,BKBXL02.4FCC,CKBXL02.4FCC,0
nonroad,2012,CKBXL.778KCB,BKBXL.778KCB,CKBXL.778KCB,0
nonroad,2012,CKBXL01.3BCB,BKBXL01.3BCB,CKBXL01.3BCB,0
nonroad,2012,CKBXL01.3BCD,BKBXL01.3BCD,CKBXL01.3BCD,0
nonroad,2012,CKBXL02.0FCD,BKBXL02.0FCD,CKBXL02.0FCD,0
nonroad,2012,CFPXL08.7EVG,BVEXL08.7EVG,CFPXL08.7EVG,0
nonroad,2012,CKBXL03.6DAD,BKBXL03.6DAD,CKBXL03.6DAD,0
nonroad,2012,CPKXL04.4NJ1,BPKXL04.4NJ1,CPKXL04.4NJ1,0
nonroad,2012,CPKXL18.1TAG,BPKXL18.1TAG,CPKXL18.1TAG,0
nonroad,2012,CH3XL2.00N84,BH3XL2.00N84,CH3XL2.00N84,0
nonroad,2012,CDZXL04.8029,,CDZXL04.8029,0
nonroad,2012,CKLXL06.7AAJ,,CKLXL06.7AAJ,0
nonroad,2012,CH3XL.954SCV,BH3XL.954SCV,CH3XL.954SCV,0
nonroad,2012,CCEXL023.AAB,BCEXL023.AAB,CCEXL023.AAB,0
nonroad,2012,CH3XL2.224LC,BH3XL2.224LC,CH3XL2.224LC,0
nonroad,2012,CH3XL2.22N4L,BH3XL2.22N4L,CH3XL2.22N4L,0
nonroad,2012,CH3XL1.13LCS,BH3XL1.13LCS,CH3XL1.13LCS,0
nonroad,2012,CH3XL1.49N3C,BH3XL1.49N3C,CH3XL1.49N3C,0
nonroad,2012,CH3XL2.22NLC,BH3XL2.22NLC,CH3XL2.22NLC,0
nonroad,2012,CSHLL1.53DDD,BSHLL1.53DDD,BSHLL1.53DDD,1
nonroad,2012,CKLXL08.9AAJ,BKLXL08.9AAJ,CKLXL08.9AAJ,0
nonroad,2012,CH3XL2.22TIC,BH3XL2.22TIC,CH3XL2.22TIC,0
nonroad,2011,BWXPL.418F86,AWXPL.418F86,BWXPL.418F86,0
nonroad,2012,CDZXL04.8024,,CDZXL04.8024,0
nonroad,2012,CYDXL1.64J3N,BYDXL1.64J3N,CYDXL1.64J3N,0
nonroad,2012,CNDXL03.2TNA,BNDXL03.2TNA,CNDXL03.2TNA,0
nonroad,2012,CYDXL2.19J4N,BYDXL2.19J4N,CYDXL2.19J4N,0
nonroad,2012,CYDXL3.32C4N,BYDXL3.32C4N,CYDXL3.32C4N,0
nonroad,2012,CYDXL3.32M4N,BYDXL3.32M4N,CYDXL3.32M4N,0
nonroad,2012,CCEXL03.3ACD,BCEXL03.3ACD,CCEXL03.3ACD,0
nonroad,2012,CWWBL0.954KM,BWWBL0.954KM,BWWBL0.954KM,1
nonroad,2012,CYKXL0.42AAA,BYKXL0.42AAA,BYKXL0.42AAA,1
nonroad,2012,CCHCL1.81AAA,BCHCL1.81AAA,BCHCL1.81AAA,1
nonroad,2012,CPKXL06.6PJ1,BPKXL06.6PJ1,CPKXL06.6PJ1,0
nonroad,2012,CKLXL03.3JDA,,CKLXL03.3JDA,0
nonroad,2012,CCEXL03.3ADA,,CCEXL03.3ADA,0
nonroad,2012,CDZXL03.6082,BDZXL03.6082,CDZXL03.6082,0
nonroad,2012,CCPXL11.1ESJ,BCPXL11.1ESK,CCPXL11.1ESJ,0
nonroad,2012,CKLXL11.0DDA,BKLXL11.0DDA,CKLXL11.0DDA,0
nonroad,2012,CDICL21.9UYA,6DWXL21.9UYA,CDICL21.9UYA,0
nonroad,2012,CHZXL.445C42,BHYXL.445C42,CHZXL.445C42,0
nonroad,2012,CVWXL01.9BXT,8VWXL01.9BXT,CVWXL01.9BXT,0
nonroad,2012,CKHXL.442155,BLBDL.442155,CKHXL.442155,0
nonroad,2012,CICLL2.96D4H,BICLL2.96D4H,CICLL2.96D4H,0
nonroad,2012,CL5XL1.86FNI,8L5XL1.86FNI,CL5XL1.86FNI,0
nonroad,2012,CL5XL1.86VNI,8L5XL1.86VNI,CL5XL1.86VNI,0
nonroad,2012,CJDXL02.9209,AJDXL02.9209,CJDXL02.9209,0
nonroad,2012,CJDXL03.0208,8JDXL03.0208,CJDXL03.0208,0
nonroad,2012,CKHXL.851425,BLBDL.851425,CKHXL.851425,0
nonroad,2012,CYDXL0.32F1N,BYDXL0.32F1N,CYDXL0.32F1N,0
nonroad,2013,DMMLL02.6N52,,DMMLL02.6N52,0
nonroad,2012,CCTEL.418F86,,CCTEL.418F86,0
nonroad,2012,CCPXL27.0HZA,BCPXL27.0HZA,CCPXL27.0HZA,0
nonroad,2012,CCXGL0.42DXY,BCXGL0.42DXY,BCXGL0.42DXY,1
nonroad,2012,CSIDL03.3G7A,,CSIDL03.3G7A,0
nonroad,2012,CFPXL03.4ADD,,CFPXL03.4ADD,0
nonroad,2012,CSZJL2.156JD,,CSZJL2.156JD,0
nonroad,2012,CCHCL0.42AAA,,CCHCL0.42AAA,0
nonroad,2013,DKLXL06.7AAG,CKLXL06.7AAG,CKLXL06.7AAG,1
nonroad,2012,CFLPL0.42AAA,,CFLPL0.42AAA,0
nonroad,2013,DCEXL0540AAB,CCEXL0540AAB,CCEXL0540AAB,1
nonroad,2012,CDZXL02.9038,,CDZXL02.9038,0
nonroad,2013,DMFTL07.5M6C,CMFTL07.5M6C,CMFTL07.5M6C,1
nonroad,2013,DFPXL04.5DTD,CFPXL04.5DTD,CFPXL04.5DTD,1
nonroad,2013,DKBXL.778KCB,,DKBXL.778KCB,0
nonroad,2012,CLHAL10.5SZC,,CLHAL10.5SZC,0
nonroad,2012,CCPXL27.0HYA,BCPXL27.0HYA,CCPXL27.0HYA,0
nonroad,2013,DCPXL15.2HPC,,DCPXL15.2HPC,0
nonroad,2013,DJDXL02.4215,,DJDXL02.4215,0
nonroad,2013,DCEXL60.0AAA,,DCEXL60.0AAA,0
nonroad,2012,CJDXL04.5211,,CJDXL04.5211,0
nonroad,2013,DJDXL04.5130,CJDXL04.5130,CJDXL04.5130,1
nonroad,2013,DFPXL10.3TR4,CFPXL10.3TR4,CFPXL10.3TR4,1
nonroad,2013,DFPXL03.4ADC,CFPXL03.4ADC,CFPXL03.4ADC,1
nonroad,2013,DFPXL03.4BDC,,DFPXL03.4BDC,0
nonroad,2013,DCPXL12.5ESJ,CCPXL12.5ESJ,CCPXL12.5ESJ,1
nonroad,2012,CMDDL21.0ZWR,AMDDL21.0GWR,CMDDL21.0ZWR,0
nonroad,2012,CCEXL050.AAD,BCEXL050.AAD,CCEXL050.AAD,0
nonroad,2012,CCPXL106.NZS,BCPXL106.NZS,CCPXL106.NZS,0
nonroad,2012,CMDDL35.7XNC,,CMDDL35.7XNC,0
nonroad,2013,DH3XL1.49N3T,CH3XL1.49N3T,CH3XL1.49N3T,1
nonroad,2013,DH3XL2.22N4L,CH3XL2.22N4L,CH3XL2.22N4L,1
nonroad,2013,DH3XL2.22TIC,CH3XL2.22TIC,CH3XL2.22TIC,1
nonroad,2013,DDICL18.3USA,CDICL18.3USA,CDICL18.3USA,1
nonroad,2013,DDICL21.9UYA,CDICL21.9UYA,CDICL21.9UYA,1
nonroad,2013,DYDXL2.19NDA,,DYDXL2.19NDA,0
nonroad,2012,CDZXL03.6037,,CDZXL03.6037,0
nonroad,2012,CCPXL15.2HZA,BCPXL15.2HZA,CCPXL15.2HZA,0
nonroad,2012,CCPXL09.3HPA,BCPXL09.3HPA,CCPXL09.3HPA,0
nonroad,2013,DMBXL12.8RJB,BMBXL12.8RJB,DMBXL12.8RJB,0
nonroad,2013,DPKXL04.4NH1,CPKXL04.4NH1,CPKXL04.4NH1,1
nonroad,2013,DPKXL04.4NJ2,CPKXL04.4NJ2,CPKXL04.4NJ2,1
nonroad,2013,DPKXL04.4NL1,CPKXL04.4NL1,CPKXL04.4NL1,1
nonroad,2013,DDZXL07.1027,CDZXL07.1027,CDZXL07.1027,1
nonroad,2013,DDZXL07.1028,CDZXL07.1028,CDZXL07.1028,1
nonroad,2013,DDZXL04.8029,CDZXL04.8029,CDZXL04.8029,1
nonroad,2013,DKBXL03.3BCC,CKBXL03.3BCC,CKBXL03.3BCC,1
nonroad,2013,DMVXL49.0BBA,6MVXL49.0BBA,DMVXL49.0BBA,0
nonroad,2013,DYDXL0.57NUA,,DYDXL0.57NUA,0
nonroad,2013,DMVXL65.4BBA,9MVXL65.4BBA,DMVXL65.4BBA,0
nonroad,2013,DKHXL1.37SF2,,DKHXL1.37SF2,0
nonroad,2013,DWXPL.418F86,BWXPL.418F86,BWXPL.418F86,1
nonroad,2013,DHZXL.667C82,,DHZXL.667C82,0
nonroad,2013,DY9XL12.7CAA,,DY9XL12.7CAA,0
nonroad,2014,EPKXL04.4NJ3,,EPKXL04.4NJ3,0
nonroad,2013,DYDXL0.99NS3,,DYDXL0.99NS3,0
nonroad,2013,DYDXL2.09HDA,,DYDXL2.09HDA,0
nonroad,2013,DHZXL.243C20,,DHZXL.243C20,0
nonroad,2013,DHZXL.445C42,,DHZXL.445C42,0
nonroad,2014,ECEXL03.3ADA,CCEXL03.3ADA,CCEXL03.3ADA,1
nonroad,2013,DMMLL02.7C40,,DMMLL02.7C40,0
nonroad,2013,DMMLL02.7M35,,DMMLL02.7M35,0
nonroad,2013,DCPXL18.1ESJ,CCPXL18.1ESJ,CCPXL18.1ESJ,1
nonroad,2013,DLHAL24.2VZC,,DLHAL24.2VZC,0
nonroad,2013,DYDXL1.64NGA,,DYDXL1.64NGA,0
nonroad,2014,EJDXL02.9217,,EJDXL02.9217,0
nonroad,2014,ECEXL78.0AAB,,ECEXL78.0AAB,0
nonroad,2013,DJDXL13.5103,CJDXL13.5103,CJDXL13.5103,1
nonroad,2013,DMDDL57.2XTC,,DMDDL57.2XTC,0
nonroad,2012,CSZXL07.8LXA,,CSZXL07.8LXA,0
nonroad,2014,EKBXL03.8AMC,,EKBXL03.8AMC,0
nonroad,2014,EFPXL03.4BDD,DFPXL03.4BDD,DFPXL03.4BDD,1
nonroad,2014,EVPXL16.1BDA,DVPXL16.1BDA,CVPXL16.1BDA,2
nonroad,2014,EYDXL1.50S3T,CYDXL1.50H3T,CYDXL1.50H3T,1
nonroad,2014,EKBXL01.5BCB,DKBXL01.5BCB,DKBXL01.5BCB,1
nonroad,2014,EH3XL2.00NCS,DH3XL2.00NCS,CH3XL2.00NCS,2
nonroad,2013,DMDDL35.7XNC,,DMDDL35.7XNC,0
nonroad,2014,EKBXL02.6EKD,DKBXL02.6EKD,DKBXL02.6EKD,1
nonroad,2014,EYDXL1.27NS4,DYDXL1.27NS4,DYDXL1.27NS4,1
nonroad,2013,DJDXL04.5211,CJDXL04.5211,CJDXL04.5211,1
nonroad,2014,EKBXL01.8EKD,DKBXL01.8EKD,DKBXL01.8EKD,1
nonroad,2014,EKBXL02.4END,DKBXL02.4END,DKBXL02.4END,1
nonroad,2014,EKMCL2.28A46,DKMCL2.28A46,DKMCL2.28A46,1
nonroad,2013,DCPXL106.NZS,CCPXL106.NZS,CCPXL106.NZS,1
nonroad,2014,EMMLL02.7C49,DMMLL02.7C49,DMMLL02.7C49,1
nonroad,2013,DCPXL18.1HTF,,DCPXL18.1HTF,0
nonroad,2013,DCPXL09.3HTF,,DCPXL09.3HTF,0
nonroad,2013,DCPXL12.5HTF,,DCPXL12.5HTF,0
nonroad,2014,EMBXL10.6RJA,,EMBXL10.6RJA,0
nonroad,2014,EDCLL01.4D80,DDCLL01.4D80,BDCLL01.4D80,2
nonroad,2013,DDZXL06.1010,,DDZXL06.1010,0
nonroad,2013,DCPXL32.0HZA,CCPXL32.0HZA,CCPXL32.0HZA,1
nonroad,2013,DDZXL04.1012,,DDZXL04.1012,0
nonroad,2014,EH3XL1.13MSL,DH3XL1.13MSL,CH3XL1.13MSL,2
nonroad,2014,EDZXL06.1008,DDZXL06.1008,DDZXL06.1008,1
nonroad,2014,EMMLL02.7C33,,EMMLL02.7C33,0
nonroad,2014,ENVXL05700FA,DNVXL05700FA,DNVXL05700FA,1
nonroad,2014,EMVXL03.3AAJ,7MVXL03.3AAC,EMVXL03.3AAJ,0
nonroad,2014,EHZXL.517M50,DHZXL.517V51,DHZXL.517V51,1
nonroad,2013,DCPXL12.5HPB,CCPXL12.5HPB,CCPXL12.5HPB,1
nonroad,2013,DCPXL18.1HPA,CCPXL18.1HPA,CCPXL18.1HPA,1
nonroad,2014,EDZXL07.1027,DDZXL07.1027,CDZXL07.1027,2
nonroad,2014,EMBXL07.7RJA,,EMBXL07.7RJA,0
nonroad,2013,DDZXL07.8003,,DDZXL07.8003,0
nonroad,2014,ETIEL01.81ZS,,ETIEL01.81ZS,0
nonroad,2014,ECPXL27.0NZS,DCPXL27.0NZS,CCPXL27.0NZS,2
nonroad,2015,FFPXL03.4CDD,EFPXL03.4CDD,DFPXL03.4CDD,2
nonroad,2014,ECPXL78.1NZS,DCPXL78.1NZS,CCPXL78.1NZS,2
nonroad,2015,FCEXL08.9AAL,,FCEXL08.9AAL,0
nonroad,2015,FKLXL23.2FD5,CKLXL23.2FD5,CKLXL23.2FD5,1
nonroad,2015,FFPXL03.4BPD,EFPXL03.4BPD,EFPXL03.4BPD,1
nonroad,2014,EMDDL95.4XTR,9MDDL95.4XTR,EMDDL95.4XTR,0
nonroad,2015,FHZXL1.95C50,,FHZXL1.95C50,0
nonroad,2015,FKLXL08.9AAM,EKLXL08.9AAM,EKLXL08.9AAM,1
nonroad,2014,EMVXL01.3FFF,,EMVXL01.3FFF,0
nonroad,2015,FFPXL03.2TCI,,FFPXL03.2TCI,0
nonroad,2015,FJDXL06.8120,CJDXL06.8120,CJDXL06.8120,1
nonroad,2015,FH3XL2.22NLC,EH3XL2.22NLC,CH3XL2.22NLC,3
nonroad,2015,FH3XL2.22TIC,EH3XL2.22TIC,CH3XL2.22TIC,3
nonroad,2015,FH3XL1.49TFV,EH3XL1.49TFV,EH3XL1.49TFV,1
nonroad,2015,FH3XL1.49AB8,EH3XL1.49AB8,EH3XL1.49AB8,1
nonroad,2015,FSIDL04.4G6E,,FSIDL04.4G6E,0
nonroad,2015,FMMLL03.5N71,DMMLL03.5N71,DMMLL03.5N71,1
nonroad,2015,FMMLL02.6N59,DMMLL02.6N59,DMMLL02.6N59,1
nonroad,2015,FMMLL02.7C49,DMMLL02.7C49,DMMLL02.7C49,1
nonroad,2015,FMMLL02.7NEF,DMMLL02.7NEF,DMMLL02.7NEF,1
nonroad,2014,ECEXL050.AAD,DCEXL050.AAD,CCEXL050.AAD,2
nonroad,2015,FKBXL01.5BCB,DKBXL01.5BCB,DKBXL01.5BCB,1
nonroad,2015,FKBXL01.7ECB,DKBXL01.7ECB,DKBXL01.7ECB,1
nonroad,2015,FKBXL02.4GND,DKBXL02.4GND,DKBXL02.4GND,1
nonroad,2015,FYDXL0.99NS3,DYDXL0.99NS3,DYDXL0.99NS3,1
nonroad,2015,FYDXL0.99NUA,DYDXL0.99NUA,DYDXL0.99NUA,1
nonroad,2015,FYDXL0.99NS2,DYDXL0.99NS2,DYDXL0.99NS2,1
nonroad,2014,EYDXL0.99NS4,DYDXL0.99NS4,DYDXL0.99NS4,1
nonroad,2015,FMVXL49.0BBA,7MVXL49.0BBA,FMVXL49.0BBA,0
nonroad,2015,FHZXL.722M90,EHZXL.722M90,DHZXL.722V91,2
nonroad,2015,FKBXL02.6EKD,DKBXL02.6EKD,DKBXL02.6EKD,1
nonroad,2014,EJDXL06.8302,,EJDXL06.8302,0
nonroad,2015,FHZXL1.72M41,EHZXL1.72M41,EHZXL1.72M41,1
nonroad,2014,ECPXL15.2HTF,,ECPXL15.2HTF,0
nonroad,2014,ECPXL12.5HTF,,ECPXL12.5HTF,0
nonroad,2015,FY9XL09.3DAA,EY9XL09.3DAA,EY9XL09.3DAA,1
nonroad,2014,EDZXL03.6018,,EDZXL03.6018,0
nonroad,2014,EDZXL02.9021,,EDZXL02.9021,0
nonroad,2015,FCEXL60.0AAB,,FCEXL60.0AAB,0
nonroad,2015,FMBXL07.2RJC,,FMBXL07.2RJC,0
nonroad,2015,FHZXL3.43V43,,FHZXL3.43V43,0
nonroad,2015,FDZXL02.9020,EDZXL02.9020,DDZXL02.9020,2
nonroad,2015,FCPXL7.01HPF,,FCPXL7.01HPF,0
nonroad,2015,FKMCL2.29A48,,FKMCL2.29A48,0
nonroad,2015,FH3XL2.22CN4,EH3XL2.22CN4,EH3XL2.22CN4,1
nonroad,2014,EH3XL1.49FTV,,EH3XL1.49FTV,0
nonroad,2015,FKBXL02.4EMC,,FKBXL02.4EMC,0
nonroad,2015,FPKXL06.6PJ1,EPKXL06.6PJ1,CPKXL06.6PJ1,3
nonroad,2015,FNFXL03.0DD2,,FNFXL03.0DD2,0
nonroad,2015,FYDXL2.09TDA,DYDXL2.09TDA,DYDXL2.09TDA,1
nonroad,2015,FSCLL02.6C74,ESCLL02.6C74,ESCLL02.6C74,1
nonroad,2015,FFPXL06.7SCB,,FFPXL06.7SCB,0
nonroad,2015,FDZXL07.1028,EDZXL07.1028,CDZXL07.1028,3
nonroad,2016,GFPXL03.4BDC,FFPXL03.4BDC,DFPXL03.4BDC,3
nonroad,2015,FDICL02.4LEA,,FDICL02.4LEA,0
nonroad,2015,FCPXL12.5HTG,,FCPXL12.5HTG,0
nonroad,2015,FCPXL78.1NZS,ECPXL78.1NZS,CCPXL78.1NZS,3
nonroad,2016,GKLXL03.3JDB,DKLXL03.3JDB,DKLXL03.3JDB,1
nonroad,2016,GJDXL02.9121,DJDXL02.9121,DJDXL02.9121,1
nonroad,2016,GCPXL18.1NZS,FCPXL18.1NZS,CCPXL18.1NZS,4
nonroad,2015,FPKXL04.4MK1,,FPKXL04.4MK1,0
nonroad,2015,FPKXL04.4ML1,,FPKXL04.4ML1,0
nonroad,2016,GYDXL2.00S4T,CYDXL2.00J4T,CYDXL2.00J4T,1
nonroad,2015,FPKXL04.4NP1,,FPKXL04.4NP1,0
nonroad,2016,GFPXL03.4ADD,FFPXL03.4ADD,FFPXL03.4ADD,1
nonroad,2016,GFPXL03.4BPC,FFPXL03.4BPC,DFPXL03.4BPC,3
nonroad,2016,GJDXL09.0202,CJDXL09.0202,CJDXL09.0202,1
nonroad,2016,GMVXL01.0EBA,EMVXL01.0EBA,EMVXL01.0EBA,1
nonroad,2016,GKBXL.416KCB,DKBXL.416KCB,DKBXL.416KCB,1
nonroad,2016,GPKXL06.6BK1,FPKXL06.6BK1,FPKXL06.6BK1,1
nonroad,2016,GH3XL1.49N3T,FH3XL1.49N3T,CH3XL1.49N3T,4
nonroad,2016,GKBXL02.6END,DKBXL02.6END,DKBXL02.6END,1
nonroad,2015,FCPXL15.2HTF,ECPXL15.2HTF,ECPXL15.2HTF,1
nonroad,2016,GH3XL2.22N4L,FH3XL2.22N4L,CH3XL2.22N4L,4
nonroad,2016,GCEXL60.0AAB,,GCEXL60.0AAB,0
nonroad,2015,FH3XL2.22AB7,EH3XL2.22AB7,EH3XL2.22AB7,1
nonroad,2016,GMVXL03.3AAK,7MVXL03.3AAF,GMVXL03.3AAK,0
nonroad,2016,GH3XL2.22F2V,,GH3XL2.22F2V,0
nonroad,2015,FPKXL04.4MW1,,FPKXL04.4MW1,0
nonroad,2016,GMMLL02.7NEF,DMMLL02.7NEF,DMMLL02.7NEF,1
nonroad,2015,FPKXL07.0PW1,EPKXL07.0PW1,EPKXL07.0PW1,1
nonroad,2016,GMMLL02.6N59,DMMLL02.6N59,DMMLL02.6N59,1
nonroad,2015,FH3XL.761F2V,EH3XL.761F2V,DH3XL.761F2V,2
nonroad,2015,FVPXL05.1CJA,,FVPXL05.1CJA,0
nonroad,2015,FDZXL06.1048,,FDZXL06.1048,0
nonroad,2016,GYDXL0.32H1N,FYDXL0.32H1N,FYDXL0.32H1N,1
nonroad,2016,GYDXL0.57NUA,DYDXL0.57NUA,DYDXL0.57NUA,1
nonroad,2016,GYDXL0.99NS2,DYDXL0.99NS2,DYDXL0.99NS2,1
nonroad,2015,FDZXL07.8051,,FDZXL07.8051,0
nonroad,2016,GH3XL2.22AB3,FH3XL2.22AB3,EH3XL2.22AB3,2
nonroad,2016,GH3XL2.22AB4,FH3XL2.22AB4,EH3XL2.22AB4,2
nonroad,2016,GH3XL2.22AB6,FH3XL2.22AB6,EH3XL2.22AB6,2
nonroad,2015,FYDXL2.19NDA,DYDXL2.19NDA,DYDXL2.19NDA,1
nonroad,2016,GDCLL01.4D80,DDCLL01.4D80,BDCLL01.4D80,2
nonroad,2016,GSCLL02.6C74,ESCLL02.6C74,ESCLL02.6C74,1
nonroad,2015,FCPXL09.3HTF,ECPXL09.3HTF,ECPXL09.3HTF,1
nonroad,2016,GKHXL.34935D,FKHXL.34935D,EKHXL.34935D,2
nonroad,2016,GY9XL16.4DAA,EY9XL16.4DAA,EY9XL16.4DAA,1
nonroad,2016,GY9XL16.4DBA,EY9XL16.4DBA,EY9XL16.4DBA,1
nonroad,2016,GPKXL04.4NH1,,GPKXL04.4NH1,0
nonroad,2015,FMDDL95.4XTM,,FMDDL95.4XTM,0
nonroad,2016,GDZXL06.1050,FDZXL06.1050,FDZXL06.1050,1
nonroad,2016,GJDXL04.5141,CJDXL04.5141,CJDXL04.5141,1
nonroad,2016,GDZXL07.8051,,GDZXL07.8051,0
nonroad,2016,GMDDL31.8XRR,7MDDL35.8GRR,GMDDL31.8XRR,0
nonroad,2013,DPEXL01.6DV6,,DPEXL01.6DV6,0
nonroad,2012,CSZXL05.2LXA,,CSZXL05.2LXA,0
nonroad,2017,HCPXL18.1NZS,GCPXL18.1NZS,CCPXL18.1NZS,5
nonroad,2016,GVPXL05.1CJA,,GVPXL05.1CJA,0
nonroad,2013,DSIDL07.4G6A,,DSIDL07.4G6A,0
nonroad,2017,HYDXL1.27NWA,DYDXL1.27NWA,DYDXL1.27NWA,1
nonroad,2017,HJDXL02.9142,FJDXL02.9142,FJDXL02.9142,1
nonroad,2017,HMVXL01.3FFF,EMVXL01.3FFF,EMVXL01.3FFF,1
nonroad,2013,DFPXL06.7SCA,,DFPXL06.7SCA,0
nonroad,2016,GDCLL01.6D7G,CDCLL02.2D7G,CDCLL02.2D7G,1
nonroad,2017,HMVXL37.1BBA,7MVXL37.1BBA,HMVXL37.1BBA,0
nonroad,2016,GJDXL13.5300,EJDXL13.5300,EJDXL13.5300,1
nonroad,2016,GJDXL13.5314,,GJDXL13.5314,0
nonroad,2015,FSIDL09.8H6C,ESIDL09.8H6C,ESIDL09.8H6C,1
nonroad,2017,HTIEL01.81ZS,GTIEL01.81ZS,ETIEL01.81ZS,3
nonroad,2014,EFPXL12.9TDS,,EFPXL12.9TDS,0
nonroad,2016,GSIDL07.4G6B,,GSIDL07.4G6B,0
nonroad,2016,GPKXL07.0BN1,FPKXL07.0BN1,EPKXL07.0BN1,2
nonroad,2014,EFPXL15.9T4D,,EFPXL15.9T4D,0
nonroad,2016,GPKXL04.4MW1,FPKXL04.4MW1,FPKXL04.4MW1,1
nonroad,2017,HPKXL04.4ML1,GPKXL04.4ML1,FPKXL04.4ML1,2
nonroad,2016,GMDDL57.2XTM,FMDDL95.4XTM,FMDDL95.4XTM,1
nonroad,2017,HHZXL.722M91,,HHZXL.722M91,0
nonroad,2016,GFPXL12.9TDS,,GFPXL12.9TDS,0
nonroad,2017,HYDXL0.44H1N,FYDXL0.44H1N,FYDXL0.44H1N,1
nonroad,2017,HYDXL0.57NUA,DYDXL0.57NUA,DYDXL0.57NUA,1
nonroad,2017,HYDXL0.99NUA,DYDXL0.99NUA,DYDXL0.99NUA,1
nonroad,2017,HYDXL1.27NS1,DYDXL1.27NS1,DYDXL1.27NS1,1
nonroad,2017,HMMLL02.7C38,EMMLL02.7C38,EMMLL02.7C38,1
nonroad,2017,HMMLL02.7C33,EMMLL02.7C33,EMMLL02.7C33,1
nonroad,2017,HVPXL16.1ACB,GVPXL16.1ACB,CVPXL16.1ACB,5
nonroad,2017,HMMLL02.7C40,DMMLL02.7C40,DMMLL02.7C40,1
nonroad,2017,HKBXL.325NCB,DKBXL.325NCB,DKBXL.325NCB,1
nonroad,2017,HJDXL04.5211,CJDXL04.5211,CJDXL04.5211,1
nonroad,2017,HKBXL01.0BCC,DKBXL01.0BCC,DKBXL01.0BCC,1
nonroad,2016,GMDDL14.0ZWK,AMDDL14.0GWK,GMDDL14.0ZWK,0
nonroad,2017,HDCLL01.0D5G,GDCLL01.0D5G,CDCLL01.0D5G,2
nonroad,2017,HDCLL01.6D87,FDCLL01.6D87,FDCLL01.6D87,1
nonroad,2017,HMMLL02.6M71,,HMMLL02.6M71,0
nonroad,2016,GH3XL1.49F2C,FH3XL1.49F2C,DH3XL1.49F2C,3
nonroad,2016,GH3XL1.49FTV,FH3XL1.49FTV,FH3XL1.49FTV,1
nonroad,2017,HKBXL02.2FCC,CKBXL02.2FCC,CKBXL02.2FCC,1
nonroad,2017,HKBXL03.3BCC,CKBXL03.3BCC,CKBXL03.3BCC,1
nonroad,2018,JYDXL2.09NFA,DYDXL2.09NFA,DYDXL2.09NFA,1
nonroad,2017,HLGCL01.9L3C,GLGCL01.9L3C,FLGCL01.9L3C,2
nonroad,2017,HKMCL2.09A43,,HKMCL2.09A43,0
nonroad,2016,GCPXL27.0HXF,FCPXL27.0HXF,CCPXL27.0HXA,4
nonroad,2016,GJDXL06.8309,FJDXL06.8309,FJDXL06.8309,1
nonroad,2016,GJDXL06.8302,EJDXL06.8302,EJDXL06.8302,1
nonroad,2017,HMVXL02.5LLL,7MVXL02.5EEE,HMVXL02.5LLL,0
nonroad,2017,HMVXL03.3AAJ,7MVXL03.3AAC,HMVXL03.3AAJ,0
nonroad,2017,HCPXL7.01HPF,GCPXL7.01HPF,FCPXL7.01HPF,2
nonroad,2016,GYDXL3.32TDA,GYDXL3.32TDA,GYDXL3.32TDA,0
nonroad,2016,GYDXL3.32TDB,GYDXL3.32TDB,GYDXL3.32TDB,0
nonroad,2017,HJDXL06.8204,CJDXL06.8204,CJDXL06.8204,1
nonroad,2017,HJDXL04.5311,GJDXL04.5311,GJDXL04.5311,1
nonroad,2017,HDZXL06.1048,GDZXL06.1048,FDZXL06.1048,2
nonroad,2017,HMMLL02.6T62,EMMLL02.6T62,EMMLL02.6T62,1
nonroad,2017,HDZXL07.8046,GDZXL07.8046,FDZXL07.8046,2
nonroad,2017,HDZXL05.7053,GDZXL05.7053,FDZXL05.7053,2
nonroad,2018,JKBXL01.1DCB,DKBXL01.1DCB,DKBXL01.1DCB,1
nonroad,2018,JMVXL03.3AAK,7MVXL03.3AAF,JMVXL03.3AAK,0
nonroad,2017,HFPXL06.7SCA,,HFPXL06.7SCA,0
nonroad,2017,HKBXL03.3EKD,DKBXL03.3EKD,DKBXL03.3EKD,1
nonroad,2017,HHZXL.517M52,,HHZXL.517M52,0
nonroad,2018,JMVXL02.2EAA,DMVXL02.2AAA,DMVXL02.2AAA,1
nonroad,2018,JFPXL06.7DGB,,JFPXL06.7DGB,0
nonroad,2018,JSZXL02.2VNK,HSZXL02.2VNK,HSZXL02.2VNK,1
nonroad,2018,JSZXL02.2VTK,HSZXL02.2VTK,HSZXL02.2VTK,1
nonroad,2017,HYDXL2.09TDA,,HYDXL2.09TDA,0
nonroad,2018,JCPXL106.NZS,HCPXL106.NZS,CCPXL106.NZS,6
nonroad,2017,HFPXL03.4ADD,HFPXL03.4ADD,HFPXL03.4ADD,0
nonroad,2018,JJDXL02.9121,DJDXL02.9121,DJDXL02.9121,1
nonroad,2017,HKBXL03.8CKD,DKBXL03.8CKD,DKBXL03.8CKD,1
nonroad,2018,JPKXL04.4NP1,HPKXL04.4NP1,FPKXL04.4NP1,3
nonroad,2018,JPKXL06.6BK1,HPKXL06.6BK1,FPKXL06.6BK1,3
nonroad,2017,HFPXL11.1T4W,,HFPXL11.1T4W,0
nonroad,2017,HDICL03.4LEB,GDICL03.4LEB,FDICL03.4LEB,2
nonroad,2017,HCEXL0275AAK,ECEXL0275AAK,CCEXL0275AAK,3
nonroad,2018,JJDXL02.9303,EJDXL02.9303,EJDXL02.9303,1
nonroad,2017,HCPXL78.1NZS,GCPXL78.1NZS,CCPXL78.1NZS,5
nonroad,2017,HKBXL01.5BCB,DKBXL01.5BCB,DKBXL01.5BCB,1
nonroad,2017,HKBXL06.1AMD,FKBXL06.1AMD,FKBXL06.1AMD,1
nonroad,2017,HYDXL3.32TDB,,HYDXL3.32TDB,0
nonroad,2018,JSIDL03.3G7B,HSIDL03.3G7B,HSIDL03.3G7B,1
nonroad,2018,JDCLL01.6D87,FDCLL01.6D87,FDCLL01.6D87,1
nonroad,2018,JKBXL01.7ECB,DKBXL01.7ECB,DKBXL01.7ECB,1
nonroad,2017,HVSXL12.8T4F,,HVSXL12.8T4F,0
nonroad,2019,KKBXL02.2RCB,DKBXL02.2RCB,DKBXL02.2RCB,1
nonroad,2018,JKBXL03.6BAC,GKBXL03.6BAC,GKBXL03.6BAC,1
nonroad,2018,JMMLL02.6N52,DMMLL02.6N52,DMMLL02.6N52,1
nonroad,2018,JMMLL02.6N59,DMMLL02.6N59,DMMLL02.6N59,1
nonroad,2018,JVPXL16.1ACG,HVPXL16.1ACG,CVPXL16.1ACG,6
nonroad,2018,JKBXL03.3EKD,DKBXL03.3EKD,DKBXL03.3EKD,1
nonroad,2017,HKLXL06.7AAM,,HKLXL06.7AAM,0
nonroad,2018,JKMCL2.28A46,DKMCL2.28A46,DKMCL2.28A46,1
nonroad,2018,JKMCL3.41D43,CKMCL3.41D43,CKMCL3.41D43,1
nonroad,2017,HVSXL16.1T4F,,HVSXL16.1T4F,0
nonroad,2017,HKLXL06.7AAP,,HKLXL06.7AAP,0
nonroad,2017,HMDDL57.2XTM,FMDDL95.4XTM,FMDDL95.4XTM,1
nonroad,2018,JMVXL02.2EBA,HMVXL02.2EBA,HMVXL02.2EBA,1
nonroad,2018,JSCLL03.6C74,ESCLL02.6C74,ESCLL02.6C74,1
nonroad,2017,HFPXL03.4FSD,,HFPXL03.4FSD,0
nonroad,2018,JDZXL07.8046,HDZXL07.8046,FDZXL07.8046,3
nonroad,2018,JDZXL07.1031,HDZXL07.1031,CDZXL07.1031,6
nonroad,2018,JH3XL2.22NLT,HH3XL2.22NLT,CH3XL2.22NLT,6
nonroad,2018,JH3XL2.22NFV,GH3XL2.22NFV,GH3XL2.22NFV,1
nonroad,2018,JH3XL1.49F2C,FH3XL1.49F2C,DH3XL1.49F2C,3
nonroad,2018,JDICL02.4LEA,HDICL02.4LEA,FDICL02.4LEA,3
nonroad,2017,HPKXL07.0BN1,GPKXL07.0BN1,EPKXL07.0BN1,3
nonroad,2017,HH3XL2.22NFV,GH3XL2.22NFV,GH3XL2.22NFV,1
nonroad,2017,HCPXL58.6HXF,GCPXL58.6HXF,FCPXL58.6HXF,2
nonroad,2017,HYDXL3.05HDA,,HYDXL3.05HDA,0
nonroad,2017,HCPXL12.5HTF,GCPXL12.5HTF,ECPXL12.5HTF,3
nonroad,2018,JDZXL02.9016,,JDZXL02.9016,0
nonroad,2018,JFGXL3.85E0V,,JFGXL3.85E0V,0
nonroad,2018,JFJAL2.545GN,,JFJAL2.545GN,0
nonroad,2018,JYDXL1.27NS2,DYDXL1.27NS2,DYDXL1.27NS2,1
nonroad,2018,JJCBL04.4TA5,,JJCBL04.4TA5,0
nonroad,2018,JYDXL0.99NSB,DYDXL0.99NS1,DYDXL0.99NS1,1
nonroad,2018,JMDDL40.1GNR,GMDDL40.1GNR,FMDDL40.1GNR,2
nonroad,2017,HFPXL12.9TDS,,HFPXL12.9TDS,0
nonroad,2018,JDCLL01.8F7T,DDCLL01.8F7T,DDCLL01.8F7T,1
nonroad,2018,JMNBL12.4OR4,HMNBL12.4OR4,GMNBL12.4OR4,2
nonroad,2019,KHZXL.517M52,JHZXL.517M52,JHZXL.517M52,1
nonroad,2019,KHZXL.667M81,JHZXL.667M81,HHZXL.667M81,2
nonroad,2019,KHZXL1.72M41,JHZXL1.72M41,EHZXL1.72M41,5
nonroad,2019,KKBXL03.3E2D,,KKBXL03.3E2D,0
nonroad,2018,JCPXL58.6HXF,HCPXL58.6HXF,FCPXL58.6HXF,3
nonroad,2018,JKLXL30.5GDC,,JKLXL30.5GDC,0
nonroad,2018,JHZXL1.95C50,GHZXL1.95C50,FHZXL1.95C50,2
nonroad,2018,JMDDL76.3XTM,FMDDL95.4XTM,FMDDL95.4XTM,1
nonroad,2018,JKLXL23.2FDD,,JKLXL23.2FDD,0
nonroad,2018,JH3XL1.49F2V,HH3XL1.49F2V,FH3XL1.49F2V,2
nonroad,2018,JCEXL023.AAB,CCEXL023.AAB,CCEXL023.AAB,1
nonroad,2019,KPKXL04.4MK1,JPKXL04.4MK1,FPKXL04.4MK1,4
nonroad,2019,KSIDL03.3G7B,JSIDL03.3G7B,HSIDL03.3G7B,2
nonroad,2019,KJDXL04.5141,CJDXL04.5141,CJDXL04.5141,1
nonroad,2019,KCPXL106.NZS,JCPXL106.NZS,CCPXL106.NZS,7
nonroad,2019,KCPXL32.0NZS,JCPXL32.0NZS,CCPXL32.0NZS,7
nonroad,2019,KJDXL13.5146,EJDXL13.5146,EJDXL13.5146,1
nonroad,2019,KJDXL13.5132,CJDXL13.5132,CJDXL13.5132,1
nonroad,2018,JKBXL01.5BCB,DKBXL01.5BCB,DKBXL01.5BCB,1
nonroad,2019,KYDXL0.44H1N,FYDXL0.44H1N,FYDXL0.44H1N,1
nonroad,2019,KYDXL0.99NS1,DYDXL0.99NS1,DYDXL0.99NS1,1
nonroad,2019,KYDXL0.99NS3,DYDXL0.99NS3,DYDXL0.99NS3,1
nonroad,2019,KH3XL1.66J2V,,KH3XL1.66J2V,0
nonroad,2019,KH3XL1.13J2V,JH3XL1.13J2V,JH3XL1.13J2V,1
nonroad,2018,JMBXL15.6RJA,,JMBXL15.6RJA,0
nonroad,2018,JFPXL03.4BDC,HFPXL03.4BDC,DFPXL03.4BDC,5
nonroad,2019,KDZXL04.1056,JDZXL04.1056,JDZXL04.1056,1
nonroad,2018,JFPXL03.4CDC,HFPXL03.4CDC,DFPXL03.4CDC,5
nonroad,2019,KFPXL03.4BDC,JFPXL03.4BDC,DFPXL03.4BDC,6
nonroad,2019,KMDDL21.0ZWR,AMDDL21.0GWR,KMDDL21.0ZWR,0
nonroad,2018,JYDXL3.32TGA,HYDXL3.32TGA,HYDXL3.32TGA,1
nonroad,2019,KVSXL10.8T4F,EVSXL10.8T4F,EVSXL10.8T4F,1
nonroad,2019,KDCLL01.8FTG,,KDCLL01.8FTG,0
nonroad,2019,KDCLL02.4FTG,,KDCLL02.4FTG,0
nonroad,2019,KYDXL2.19NFB,,KYDXL2.19NFB,0
nonroad,2019,KDZXL15.9058,GDZXL15.9058,FDZXL15.9058,2
nonroad,2019,KKBXL.416KCB,DKBXL.416KCB,DKBXL.416KCB,1
nonroad,2019,KMMLL02.7C45,GMMLL02.7C45,GMMLL02.7C45,1
nonroad,2019,KKBXL01.5BCC,DKBXL01.5BCC,DKBXL01.5BCC,1
nonroad,2019,KKBXL02.4EMD,FKBXL02.4EMD,FKBXL02.4EMD,1
nonroad,2019,KKBXL02.6GND,DKBXL02.6GND,DKBXL02.6GND,1
nonroad,2019,KMMLL02.6M73,HMMLL02.6M73,HMMLL02.6M73,1
nonroad,2019,KMMLL03.5N85,HMMLL03.5N85,HMMLL03.5N85,1
nonroad,2019,KMMLL02.6T70,JMMLL02.6T70,JMMLL02.6T70,1
nonroad,2019,KYDXL3.32NDA,HYDXL3.32NDA,HYDXL3.32NDA,1
nonroad,2019,KYDXL1.27TPA,,KYDXL1.27TPA,0
nonroad,2019,KKLXL23.2FDD,JKLXL23.2FDD,JKLXL23.2FDD,1
nonroad,2019,KKLXL03.3JDB,DKLXL03.3JDB,DKLXL03.3JDB,1
nonroad,2019,KMVXL24.5BBA,9MVXL24.5BBA,KMVXL24.5BBA,0
nonroad,2018,JMVXL01.3EDB,GMVXL01.3EDB,GMVXL01.3EDB,1
nonroad,2019,KMVXL01.0EDB,GMVXL01.0EDB,GMVXL01.0EDB,1
nonroad,2018,JCPXL32.0HXG,HCPXL32.0HXG,FCPXL32.0HXG,3
nonroad,2019,KPEXL01.6DV6,JPEXL01.6DV6,JPEXL01.6DV6,1
nonroad,2018,JCPXL106.NVF,HCPXL106.NVF,HCPXL106.NVF,1
nonroad,2018,JCPXL18.1HTF,HCPXL18.1HTF,ECPXL18.1HTF,4
nonroad,2019,KH3XL2.22TD7,,KH3XL2.22TD7,0
nonroad,2014,ESZXL02.2PXB,,ESZXL02.2PXB,0
nonroad,2017,HSZXL02.2ZTB,ESZXL02.2ZTB,ESZXL02.2ZTB,1
nonroad,2016,GSZXL02.2ZTB,ESZXL02.2ZTB,ESZXL02.2ZTB,1
nonroad,2017,HSZXL03.0PTA,DSZXL03.0PTA,DSZXL03.0PTA,1
nonroad,2014,ESZXL02.2ZTB,,ESZXL02.2ZTB,0
nonroad,2013,DSZXL03.0PTA,,DSZXL03.0PTA,0
nonroad,2019,KVSXL12.8T4F,,KVSXL12.8T4F,0
nonroad,2019,KJDXL04.5315,FJDXL04.5305,FJDXL04.5305,1
nonroad,2019,KKHXL.349ACF,,KKHXL.349ACF,0
nonroad,2020,LKBXL02.23CB,,LKBXL02.23CB,0
nonroad,2019,KYDXL1.57TDA,HYDXL1.57TDA,HYDXL1.57TDA,1
nonroad,2020,LMBXL07.2RJC,FMBXL07.2RJC,FMBXL07.2RJC,1
nonroad,2019,KCPXL78.1NSF,JCPXL78.1NSF,FCPXL78.1NSF,4
nonroad,2019,KLGCL01.9L3C,HLGCL01.9L3C,FLGCL01.9L3C,3
nonroad,2019,KLGCL02.5L4T,GLGCL02.5L4T,FLGCL02.5L4T,2
nonroad,2020,LYDXL1.27TPA,,LYDXL1.27TPA,0
nonroad,2020,LYDXL0.99NSA,DYDXL0.99NS1,DYDXL0.99NS1,1
nonroad,2020,LYDXL0.99NUA,DYDXL0.99NUA,DYDXL0.99NUA,1
nonroad,2020,LYDXL0.44H1N,FYDXL0.44H1N,FYDXL0.44H1N,1
nonroad,2020,LJDXL02.9142,FJDXL02.9142,FJDXL02.9142,1
nonroad,2020,LFPXL10.3TR3,JFPXL10.3TR3,JFPXL10.3TR3,1
nonroad,2020,LJDXL09.0313,GJDXL09.0313,GJDXL09.0313,1
nonroad,2020,LJDXL04.5311,GJDXL04.5311,GJDXL04.5311,1
nonroad,2020,LJDXL02.9303,EJDXL02.9303,EJDXL02.9303,1
nonroad,2020,LKBXL.276KCB,DKBXL.276KCB,DKBXL.276KCB,1
nonroad,2020,LMVXL02.5LLL,7MVXL02.5EEE,LMVXL02.5LLL,0
nonroad,2019,KMMLL02.7D45,DMMLL02.7M40,DMMLL02.7M40,1
nonroad,2020,LKBXL01.7ECB,DKBXL01.7ECB,DKBXL01.7ECB,1
nonroad,2020,LKBXL01.73CB,JKBXL01.73CB,JKBXL01.73CB,1
nonroad,2020,LKBXL02.2FCC,CKBXL02.2FCC,CKBXL02.2FCC,1
nonroad,2019,KKLXL06.7AAP,HKLXL06.7AAP,HKLXL06.7AAP,1
nonroad,2020,LKBXL02.4EMD,FKBXL02.4EMD,FKBXL02.4EMD,1
nonroad,2020,LKBXL02.4E1D,KKBXL02.4E1D,KKBXL02.4E1D,1
nonroad,2020,LYDXL1.64NDA,HYDXL1.64NDA,HYDXL1.64NDA,1
nonroad,2020,LTIEL01.81ZS,KTIEL01.81ZS,ETIEL01.81ZS,6
nonroad,2020,LTIEL03.01KD,KTIEL03.01KD,ETIEL03.01KD,6
nonroad,2020,LKBXL02.6E2D,KKBXL02.6E2D,KKBXL02.6E2D,1
nonroad,2020,LKBXL03.8CKD,DKBXL03.8CKD,DKBXL03.8CKD,1
nonroad,2020,LYDXL3.32NDB,HYDXL3.32NDB,HYDXL3.32NDB,1
nonroad,2020,LKBXL02.431D,,LKBXL02.431D,0
nonroad,2019,KCPXL106.NVF,JCPXL106.NVF,HCPXL106.NVF,2
nonroad,2020,LKMCL2.28A46,DKMCL2.28A46,DKMCL2.28A46,1
nonroad,2019,KH3XL1.49F2V,JH3XL1.49F2V,FH3XL1.49F2V,3
nonroad,2020,LFPXL03.4FSD,JFPXL03.4FSD,HFPXL03.4FSD,2
nonroad,2020,LKBXL02.2RCB,DKBXL02.2RCB,DKBXL02.2RCB,1
nonroad,2020,LICLL1.12B3X,GICLL1.12B3X,DICLL1.12B3X,4
nonroad,2021,MYDXL0.99NWB,HYDXL0.99NWB,HYDXL0.99NWB,1
nonroad,2020,LMMLL02.6M63,HMMLL02.6M63,HMMLL02.6M63,1
nonroad,2019,KCPXL58.6HXG,JCPXL58.6HXG,JCPXL58.6HXG,1
nonroad,2020,LMMLL02.6T70,JMMLL02.6T70,JMMLL02.6T70,1
nonroad,2020,LMMLL02.7M40,DMMLL02.7M40,DMMLL02.7M40,1
nonroad,2020,LMDDL21.0ZWR,AMDDL21.0GWR,LMDDL21.0ZWR,0
nonroad,2019,KDZXL02.9034,,KDZXL02.9034,0
nonroad,2020,LYDXL3.05HDA,,LYDXL3.05HDA,0
nonroad,2020,LH3XL1.13F2V,KH3XL1.13F2V,DH3XL1.13F2V,5
nonroad,2020,LH3XL1.49F2V,KH3XL1.49F2V,FH3XL1.49F2V,4
nonroad,2020,LH3XL1.13LCS,KH3XL1.13LCS,CH3XL1.13LCS,8
nonroad,2020,LH3XL2.22NLC,KH3XL2.22NLC,CH3XL2.22NLC,8
nonroad,2019,KCPXL18.1HXF,JCPXL18.1HXF,CCPXL18.1HXA,7
nonroad,2020,LYDXL3.32TDB,HYDXL3.32TDB,HYDXL3.32TDB,1
nonroad,2019,KYDXL3.32TDA,HYDXL3.32TDA,HYDXL3.32TDA,1
nonroad,2020,LDZXL07.1031,KDZXL07.1031,CDZXL07.1031,7
nonroad,2020,LDZXL07.8047,KDZXL07.8047,KDZXL07.8047,1
nonroad,2020,LDCLL01.6D7G,GDCLL01.6D7G,CDCLL02.2D7G,2
nonroad,2019,KCPXL32.0HXG,JCPXL32.0HXG,FCPXL32.0HXG,4
nonroad,2019,KCPXL32.0HXF,JCPXL32.0HXF,CCPXL32.0HXA,7
nonroad,2020,LKHXL2.48ESM,,LKHXL2.48ESM,0
nonroad,2019,KJCBL04.4S09,HJCBL04.4S09,GJCBL04.4S09,2
nonroad,2019,KCPXL58.6HXF,JCPXL58.6HXF,FCPXL58.6HXF,4
nonroad,2020,LJDXL06.8302,,LJDXL06.8302,0
nonroad,2020,LCPXL18.1HXF,KCPXL18.1HXF,CCPXL18.1HXA,8
nonroad,2019,KCPXL78.1NZS,JCPXL78.1NZS,CCPXL78.1NZS,7
nonroad,2021,MHZXL.722M92,,MHZXL.722M92,0
nonroad,2020,LDZXL06.1050,JDZXL06.1050,JDZXL06.1050,1
nonroad,2020,LCPXL58.6HXG,KCPXL58.6HXG,JCPXL58.6HXG,2
nonroad,2020,LPKXL2.22IR1,,LPKXL2.22IR1,0
nonroad,2020,LYDXL3.32NDA,HYDXL3.32NDA,HYDXL3.32NDA,1
nonroad,2020,LDZXL02.2110,,LDZXL02.2110,0
nonroad,2020,LKLXL03.3JDC,JKLXL03.3JDC,JKLXL03.3JDC,1
nonroad,2020,LMNBL15.3OR4,KMNBL15.3OR4,KMNBL15.3OR4,1
nonroad,2020,LKMCL2.29A41,FKMCL2.29A41,FKMCL2.29A41,1
nonroad,2021,MCEXL15.0AAN,,MCEXL15.0AAN,0
nonroad,2020,LKLXL23.2FDD,GKLXL23.2FDD,GKLXL23.2FDD,1
nonroad,2020,LDCLL01.6D87,FDCLL01.6D87,FDCLL01.6D87,1
nonroad,2020,LCEXL0275AAK,ECEXL0275AAK,CCEXL0275AAK,3
nonroad,2021,MFPXL08.7TR3,JFPXL08.7TR3,HFPXL08.7TR3,2
nonroad,2021,MCPXL27.0NZS,LCPXL27.0NZS,CCPXL27.0NZS,9
nonroad,2020,LTTVL02.9WMS,,LTTVL02.9WMS,0
nonroad,2020,LCPXL58.6HXF,KCPXL58.6HXF,FCPXL58.6HXF,5
nonroad,2021,MFPXL12.9IGR,JFPXL12.9IGR,JFPXL12.9IGR,1
nonroad,2021,MSZXL02.2ZTA,FSZXL02.2ZTA,FSZXL02.2ZTA,1
nonroad,2021,MJDXL02.9121,DJDXL02.9121,DJDXL02.9121,1
nonroad,2021,MMVXL01.0EDB,GMVXL01.0EDB,GMVXL01.0EDB,1
nonroad,2020,LPKXL03.6FW1,,LPKXL03.6FW1,0
nonroad,2020,LKLXL08.9AAM,HKLXL08.9AAM,HKLXL08.9AAM,1
nonroad,2020,LCEXL019.AAD,DCEXL019.AAD,DCEXL019.AAD,1
nonroad,2020,LKBXL03.3E1D,KKBXL03.3E1D,KKBXL03.3E1D,1
nonroad,2020,LY9XL09.3DAA,,LY9XL09.3DAA,0
nonroad,2021,MKHXL01.9DIM,,MKHXL01.9DIM,0
nonroad,2020,LJCBL04.8S12,HJCBL04.8S12,HJCBL04.8S12,1
nonroad,2017,HCEXL08.9AAN,GCEXL08.9AAN,GCEXL08.9AAN,1
nonroad,2021,MCEXL0540AAB,FCEXL0540AAB,CCEXL0540AAB,2
nonroad,2021,MPKXL02.2NLC,LPKXL2.22NLC,LPKXL2.22NLC,1
nonroad,2021,MMMLL02.6M73,HMMLL02.6M73,HMMLL02.6M73,1
nonroad,2021,MMMLL02.6T60,JMMLL02.6T60,JMMLL02.6T60,1
nonroad,2021,MYDXL.569NXA,DYDXL0.57NXA,DYDXL0.57NXA,1
nonroad,2016,GCEXL019.AAD,,GCEXL019.AAD,0
nonroad,2021,MMMLL02.7H42,DMMLL02.7C49,DMMLL02.7C49,1
nonroad,2021,MMMLL02.7H39,DMMLL02.7M40,DMMLL02.7M40,1
nonroad,2021,MPKXL04.4NP1,LPKXL04.4NP1,FPKXL04.4NP1,6
nonroad,2021,MMMLL02.7C38,EMMLL02.7C38,EMMLL02.7C38,1
nonroad,2018,JYDXL1.64NKA,DYDXL1.64NKA,DYDXL1.64NKA,1
nonroad,2019,KYDXL1.64NKA,DYDXL1.64NKA,DYDXL1.64NKA,1
nonroad,2020,LYDXL1.64NKA,DYDXL1.64NKA,DYDXL1.64NKA,1
nonroad,2021,MKBXL01.3DCC,DKBXL01.3DCC,DKBXL01.3DCC,1
nonroad,2021,MYDXL03.3TGA,HYDXL3.32TGA,HYDXL3.32TGA,1
nonroad,2021,MYDXL02.0S4T,CYDXL2.00J4T,CYDXL2.00J4T,1
nonroad,2021,MYDXL02.2NFB,,MYDXL02.2NFB,0
nonroad,2021,MDZXL04.8029,LDZXL04.8029,CDZXL04.8029,8
nonroad,2020,LDZXL02.9020,,LDZXL02.9020,0
nonroad,2021,MKBXL01.5BPD,DKBXL01.5BPD,DKBXL01.5BPD,1
nonroad,2021,MKBXL01.5FCC,DKBXL01.5FCC,DKBXL01.5FCC,1
nonroad,2021,MKBXL01.7ECB,DKBXL01.7ECB,DKBXL01.7ECB,1
nonroad,2021,MKBXL02.4EKD,DKBXL02.4EKD,DKBXL02.4EKD,1
nonroad,2021,MKBXL02.4E1D,KKBXL02.4E1D,KKBXL02.4E1D,1
nonroad,2021,MKBXL02.4E3D,KKBXL02.4E3D,KKBXL02.4E3D,1
nonroad,2021,MDCLL01.0D5G,GDCLL01.0D5G,CDCLL01.0D5G,2
nonroad,2021,MFPXL03.4ASD,JFPXL03.4ASD,HFPXL03.4ASD,2
nonroad,2021,MKMCL2.39A45,BKMCL2.39A45,BKMCL2.39A45,1
nonroad,2021,MDICL07.6LEA,LDICL07.6LEA,GDICL07.6LEA,5
nonroad,2021,MDICL05.8LEB,,MDICL05.8LEB,0
nonroad,2021,MFPXL06.7LIM,KFPXL06.7LIM,KFPXL06.7LIM,1
nonroad,2020,LCPXL106.NVG,KCPXL106.NVG,KCPXL106.NVG,1
nonroad,2020,LMDDL95.4GTZ,,LMDDL95.4GTZ,0
nonroad,2020,LCPXL18.1HTF,KCPXL18.1HTF,ECPXL18.1HTF,6
nonroad,2020,LCPXL15.2HTF,KCPXL15.2HTF,ECPXL15.2HTF,6
nonroad,2020,LCPXL09.3HTF,KCPXL09.3HTF,ECPXL09.3HTF,6
nonroad,2020,LCPXL32.0HXF,KCPXL32.0HXF,CCPXL32.0HXA,8
nonroad,2020,LCPXL32.0HXG,KCPXL32.0HXG,FCPXL32.0HXG,5
nonroad,2020,LCPXL27.0HXF,KCPXL27.0HXF,CCPXL27.0HXA,8
nonroad,2018,JDICL01.8LEA,,JDICL01.8LEA,0
nonroad,2021,MJCBL04.4TA5,LJCBL04.4TA5,LJCBL04.4TA5,1
nonroad,2021,MDCLL02.4HIV,,MDCLL02.4HIV,0
nonroad,2021,MFGXL3.85ED0,JFGXL3.85ED0,JFGXL3.85ED0,1
nonroad,2021,MJDXL13.5320,,MJDXL13.5320,0
nonroad,2021,MSIDL06.6G6D,,MSIDL06.6G6D,0
nonroad,2021,MMBXL04.8RJC,FMBXL04.8RJC,FMBXL04.8RJC,1
nonroad,2021,MMBXL07.2RJC,FMBXL07.2RJC,FMBXL07.2RJC,1
nonroad,2022,NCPXL45.8NZS,,NCPXL45.8NZS,0
nonroad,2021,MDZXL03.6122,,MDZXL03.6122,0
nonroad,2022,NMVXL0.64EBA,LMVXL0.64EBA,LMVXL0.64EBA,1
nonroad,2022,NFPXL06.7DGB,JFPXL06.7DGB,JFPXL06.7DGB,1
nonroad,2021,MKBXL02.4G3D,KKBXL02.4G3D,KKBXL02.4G3D,1
nonroad,2021,MDZXL07.8047,,MDZXL07.8047,0
nonroad,2021,MYDXL04.6HDA,,MYDXL04.6HDA,0
nonroad,2018,JVPXL16.1CDC,,JVPXL16.1CDC,0
nonroad,2017,HVPXL16.1CDC,,HVPXL16.1CDC,0
nonroad,2021,MJCBL04.8S12,HJCBL04.8S12,HJCBL04.8S12,1
nonroad,2021,MFPXL08.7T4X,,MFPXL08.7T4X,0
nonroad,2021,MCPXL15.2NYS,LCPXL15.2NYS,CCPXL15.2NYS,9
nonroad,2021,MVPXL16.1ACC,,MVPXL16.1ACC,0
nonroad,2021,MKLXL30.5GDC,JKLXL30.5GDC,JKLXL30.5GDC,1
nonroad,2021,MY9XL16.4DAA,LY9XL16.4DAA,KY9XL16.4DAA,2
nonroad,2022,NCEXL0540AAB,FCEXL0540AAB,CCEXL0540AAB,2
nonroad,2021,MPKXL07.0BN1,LPKXL07.0BN1,EPKXL07.0BN1,7
nonroad,2021,MDCLL01.8HNV,LDCLL01.8HNV,LDCLL01.8HNV,1
nonroad,2021,MPKXL04.4SU1,LPKXL04.4SU1,LPKXL04.4SU1,1
nonroad,2021,MPKXL07.0VL4,LPKXL07.0VL4,LPKXL07.0VL4,1
nonroad,2021,MDZXL07.8046,,MDZXL07.8046,0
nonroad,2022,NJCBL03.0NF5,,NJCBL03.0NF5,0
nonroad,2022,NJDXL04.5214,DJDXL04.5214,DJDXL04.5214,1
nonroad,2022,NKBXL01.5BCC,DKBXL01.5BCC,DKBXL01.5BCC,1
nonroad,2022,NHZXL.517M54,MHZXL.517M54,MHZXL.517M54,1
nonroad,2022,NFPXL08.7T4X,MFPXL08.7T4X,MFPXL08.7T4X,1
nonroad,2021,MMNBL16.2VGT,,MMNBL16.2VGT,0
nonroad,2021,MDZXL05.7052,LDZXL05.7052,LDZXL05.7052,1
nonroad,2022,NJDXL09.0313,GJDXL09.0313,GJDXL09.0313,1
nonroad,2022,NKHXL01.9DIM,,NKHXL01.9DIM,0
nonroad,2022,NFPXL03.4DES,LFPXL03.4DES,LFPXL03.4DES,1
nonroad,2022,NKBXL02.4EMD,FKBXL02.4EMD,FKBXL02.4EMD,1
nonroad,2022,NPKXL04.4NL1,MPKXL04.4NL1,CPKXL04.4NL1,10
nonroad,2022,NYDXL01.3TPA,JYDXL1.27TPA,JYDXL1.27TPA,1
nonroad,2022,NKBXL01.8E1D,KKBXL01.8E1D,KKBXL01.8E1D,1
nonroad,2022,NKBXL02.2RCB,DKBXL02.2RCB,DKBXL02.2RCB,1
nonroad,2022,NKBXL.719NCB,EKBXL.719NCB,DKBXL.719NCB,2
nonroad,2022,NYDXL01.3NSA,DYDXL1.27NS1,DYDXL1.27NS1,1
nonroad,2022,NKBXL02.6EKD,DKBXL02.6EKD,DKBXL02.6EKD,1
nonroad,2022,NKBXL03.3EKD,DKBXL03.3EKD,DKBXL03.3EKD,1
nonroad,2022,NFTGL03.0R3C,LFTGL03.0R3C,LFTGL03.0R3C,1
nonroad,2022,NYDXL03.3TDB,HYDXL3.32TDB,HYDXL3.32TDB,1
nonroad,2022,NKBXL03.3E2D,KKBXL03.3E2D,KKBXL03.3E2D,1
nonroad,2022,NPKXL.507F1V,MPKXL.507F1V,LPKXL.507F1V,2
nonroad,2021,MMVXL33.9BBA,8MVXL33.9BBA,MMVXL33.9BBA,0
nonroad,2022,NPKXL01.1F2V,MPKXL01.1F2V,LPKXL1.13F2V,2
nonroad,2022,NJDXL13.5310,FJDXL13.5310,FJDXL13.5310,1
nonroad,2022,NYDXL02.1HDA,DYDXL2.09HDA,DYDXL2.09HDA,1
nonroad,2022,NKBXL03.3BCC,CKBXL03.3BCC,CKBXL03.3BCC,1
nonroad,2020,LKBXL03.8A1C,,LKBXL03.8A1C,0
nonroad,2022,NPKXL01.1F2C,LPKXL1.13F2C,LPKXL1.13F2C,1
nonroad,2022,NMMLL02.6M73,HMMLL02.6M73,HMMLL02.6M73,1
nonroad,2022,NMMLL02.6T70,JMMLL02.6T70,JMMLL02.6T70,1
nonroad,2021,MVSXL10.8STV,,MVSXL10.8STV,0
nonroad,2021,MDZXL02.9020,,MDZXL02.9020,0
nonroad,2022,NMMLL02.7C45,GMMLL02.7C45,GMMLL02.7C45,1
nonroad,2022,NJDXL02.9339,,NJDXL02.9339,0
nonroad,2021,MDZXL03.6018,,MDZXL03.6018,0
nonroad,2021,MDZXL03.6060,,MDZXL03.6060,0
nonroad,2022,NDZXL04.8029,MDZXL04.8029,CDZXL04.8029,9
nonroad,2022,NDZXL07.1027,MDZXL07.1027,CDZXL07.1027,9
nonroad,2022,NMVXL65.4BBA,9MVXL65.4BBA,NMVXL65.4BBA,0
nonroad,2021,MFPXL06.7FR1,LFPXL06.7FR1,LFPXL06.7FR1,1
nonroad,2020,LVPXL07.7CJA,,LVPXL07.7CJA,0
nonroad,2022,NDCLL01.6D7G,GDCLL01.6D7G,CDCLL02.2D7G,2
nonroad,2022,NDCLL01.0D5G,GDCLL01.0D5G,CDCLL01.0D5G,2
nonroad,2022,NDZXL02.9021,MDZXL02.9021,MDZXL02.9021,1
nonroad,2022,NDZXL04.1056,MDZXL04.1056,MDZXL04.1056,1
nonroad,2022,NDZXL06.1050,MDZXL06.1050,MDZXL06.1050,1
nonroad,2021,MVPXL10.8CJA,,MVPXL10.8CJA,0
nonroad,2021,MVPXL05.1CJA,,MVPXL05.1CJA,0
nonroad,2021,MCPXL32.0HXG,LCPXL32.0HXG,FCPXL32.0HXG,6
nonroad,2022,NMVXL02.5DAA,8MVXL02.5GGG,NMVXL02.5DAA,0
nonroad,2022,NMVXL02.5LLL,7MVXL02.5EEE,NMVXL02.5LLL,0
nonroad,2022,NMVXL03.3AAK,7MVXL03.3AAF,NMVXL03.3AAK,0
nonroad,2022,NDZXL03.6060,MDZXL03.6060,MDZXL03.6060,1
nonroad,2021,MCPXL18.1HTF,LCPXL18.1HTF,ECPXL18.1HTF,7
nonroad,2021,MKOEL3.24TAX,JKOEL3.24TAX,JKOEL3.24TAX,1
nonroad,2022,NDTAL07.2RJC,FMBXL07.2RJC,FMBXL07.2RJC,1
nonroad,2022,NCPXL18.1NYS,MCPXL18.1NYS,CCPXL18.1NYS,10
nonroad,2022,NDCLL02.4HIV,MDCLL02.4HIV,MDCLL02.4HIV,1
nonroad,2022,NJCBL04.4S09,HJCBL04.4S09,GJCBL04.4S09,2
nonroad,2022,NDCLL03.8JAV,,NDCLL03.8JAV,0
nonroad,2022,NMDDL21.0ZWR,AMDDL21.0GWR,NMDDL21.0ZWR,0
nonroad,2022,NFPXL15.9FR1,LFPXL15.9FR1,LFPXL15.9FR1,1
nonroad,2022,NY9XL12.7DAA,,NY9XL12.7DAA,0
nonroad,2023,PCEXL0540AAB,FCEXL0540AAB,CCEXL0540AAB,2
nonroad,2022,NY9XL09.3DAA,LY9XL09.3DAA,LY9XL09.3DAA,1
nonroad,2021,MSZXL03.0RXA,FSZXL03.0RXA,FSZXL03.0RXA,1
nonroad,2022,NSZXL03.0RXA,FSZXL03.0RXA,FSZXL03.0RXA,1
nonroad,2018,JSZXL03.0RXB,FSZXL03.0RXB,FSZXL03.0RXB,1
nonroad,2017,HSZXL05.2QXA,ESZXL05.2QXA,ESZXL05.2QXA,1
nonroad,2018,JSZXL05.2QXA,ESZXL05.2QXA,ESZXL05.2QXA,1
nonroad,2022,NKLXL15.2EDD,,NKLXL15.2EDD,0
nonroad,2022,NSZXL05.2RXB,FSZXL05.2RXB,FSZXL05.2RXB,1
nonroad,2023,PMVXL37.1BBA,7MVXL37.1BBA,PMVXL37.1BBA,0
nonroad,2023,PMVXL65.4BBA,9MVXL65.4BBA,PMVXL65.4BBA,0
nonroad,2016,GSZXL07.8QXA,ESZXL07.8QXA,ESZXL07.8QXA,1
nonroad,2019,KSZXL09.8QXA,ESZXL09.8QXA,ESZXL09.8QXA,1
nonroad,2023,PDZXL07.1030,NDZXL07.1030,CDZXL07.1030,10
nonroad,2021,MSZXL15.7QXA,ESZXL15.7QXA,ESZXL15.7QXA,1
nonroad,2023,PCEXL023.AAB,CCEXL023.AAB,CCEXL023.AAB,1
nonroad,2023,PJDXL02.9121,DJDXL02.9121,DJDXL02.9121,1
nonroad,2022,NKBXL03.8A5D,MKBXL03.8A5D,MKBXL03.8A5D,1
nonroad,2022,NVPXL10.8CJA,MVPXL10.8CJA,MVPXL10.8CJA,1
nonroad,2022,NMDDL22.4ZWR,,NMDDL22.4ZWR,0
nonroad,2023,PSZXL02.2VNL,JSZXL02.2VNL,JSZXL02.2VNL,1
nonroad,2023,PSZXL02.2VTK,HSZXL02.2VTK,HSZXL02.2VTK,1
nonroad,2023,PSZXL02.2ZTB,ESZXL02.2ZTB,ESZXL02.2ZTB,1
nonroad,2023,PSZXL03.0PTA,DSZXL03.0PTA,DSZXL03.0PTA,1
nonroad,2022,NDZXL02.9016,,NDZXL02.9016,0
nonroad,2022,NKBXL02.4EMC,FKBXL02.4EMC,FKBXL02.4EMC,1
nonroad,2023,PCPXL58.6HXF,NCPXL58.6HXF,FCPXL58.6HXF,8
nonroad,2023,PCPXL58.6HXG,NCPXL58.6HXG,JCPXL58.6HXG,5
nonroad,2022,NVPXL16.1ACW,MVPXL16.1ACW,KVPXL16.1ACW,3
nonroad,2022,NKLXL08.9AAM,HKLXL08.9AAM,HKLXL08.9AAM,1
nonroad,2023,PSZXL07.8QXB,KSZXL07.8QXB,KSZXL07.8QXB,1
nonroad,2023,PDZXL02.2114,NDZXL02.2114,MDZXL02.2114,2
nonroad,2023,PJDXL06.8312,GJDXL06.8312,GJDXL06.8312,1
nonroad,2023,PJDXL13.5314,GJDXL13.5314,GJDXL13.5314,1
nonroad,2023,PHZXL.347C32,NHZXL.347C32,NHZXL.347C32,1
nonroad,2023,PJDXL04.5316,JJDXL04.5316,JJDXL04.5316,1
nonroad,2023,PJDXL04.5317,NJDXL04.5317,NJDXL04.5317,1
nonroad,2022,NFPXL06.7SDB,JFPXL06.7SDB,JFPXL06.7SDB,1
nonroad,2023,PKLXL03.3JDC,JKLXL03.3JDC,JKLXL03.3JDC,1
nonroad,2023,PKBXL.416KCB,DKBXL.416KCB,DKBXL.416KCB,1
nonroad,2023,PKBXL.479KCC,MKBXL.479KCC,MKBXL.479KCC,1
nonroad,2023,PKBXL.898KCB,DKBXL.898KCB,DKBXL.898KCB,1
nonroad,2023,PKBXL01.6ECB,DKBXL01.7ECB,DKBXL01.7ECB,1
nonroad,2023,PKBXL01.8EKD,DKBXL01.8EKD,DKBXL01.8EKD,1
nonroad,2023,PKBXL02.4EMC,FKBXL02.4EMC,FKBXL02.4EMC,1
nonroad,2022,NCPXL78.1NSF,MCPXL78.1NSF,FCPXL78.1NSF,7
nonroad,2023,PPKXL.761F1C,NPKXL.761F1C,LPKXL.761F1C,3
nonroad,2023,PPKXL01.5F2V,NPKXL01.5F2V,LPKXL1.49F2V,3
nonroad,2023,PPKXL01.1J2V,NPKXL01.1J2V,LPKXL1.13J2V,3
nonroad,2023,PICLL02.4F4X,,PICLL02.4F4X,0
nonroad,2023,PYDXL01.3NS3,DYDXL1.27NS3,DYDXL1.27NS3,1
nonroad,2023,PMMLL02.7C45,GMMLL02.7C45,GMMLL02.7C45,1
nonroad,2023,PFPXL06.7SCA,JFPXL06.7SCA,HFPXL06.7SCA,2
nonroad,2023,PYDXL.993NS1,,PYDXL.993NS1,0
nonroad,2023,PYDXL01.1NPA,,PYDXL01.1NPA,0
nonroad,2023,PKBXL02.4E1C,LKBXL02.4E1C,LKBXL02.4E1C,1
nonroad,2023,PKBXL02.4EKD,DKBXL02.4EKD,DKBXL02.4EKD,1
nonroad,2022,NVPXL16.1CDC,MVPXL16.1CDC,MVPXL16.1CDC,1
nonroad,2020,LCEXL015.AAJ,ECEXL015.AAJ,CCEXL015.AAJ,2
nonroad,2023,PYDXL01.1S3N,,PYDXL01.1S3N,0
nonroad,2023,PYDXL02.0S4T,,PYDXL02.0S4T,0
nonroad,2023,PFTGL02.2R3N,GFTGL02.2R3N,FFTGL02.2R3N,2
nonroad,2023,PKBXL02.6EKD,DKBXL02.6EKD,DKBXL02.6EKD,1
nonroad,2023,PFPXL06.7DGB,JFPXL06.7DGB,JFPXL06.7DGB,1
nonroad,2023,PYDXL01.3NSA,DYDXL1.27NS1,DYDXL1.27NS1,1
nonroad,2022,NVSXL12.8T4F,,NVSXL12.8T4F,0
nonroad,2023,PFPXL06.7SDB,NFPXL06.7SDB,JFPXL06.7SDB,2
nonroad,2023,PYDXL03.3NDB,,PYDXL03.3NDB,0
nonroad,2023,PYDXL01.6NDA,,PYDXL01.6NDA,0
nonroad,2023,PCEXL50.0AAH,,PCEXL50.0AAH,0
nonroad,2023,PYDXL.993NS3,,PYDXL.993NS3,0
nonroad,2023,PMVXL02.5LLL,7MVXL02.5EEE,PMVXL02.5LLL,0
nonroad,2022,NDZXL02.9119,,NDZXL02.9119,0
nonroad,2023,PKBXL02.2RCB,DKBXL02.2RCB,DKBXL02.2RCB,1
nonroad,2023,PJCBL04.8S12,HJCBL04.8S12,HJCBL04.8S12,1
nonroad,2023,PKBXL03.3E1D,KKBXL03.3E1D,KKBXL03.3E1D,1
nonroad,2023,PMVXL01.0EDB,GMVXL01.0EDB,GMVXL01.0EDB,1
nonroad,2022,NYDXL03.3TGA,,NYDXL03.3TGA,0
nonroad,2022,NCPXL09.3NTF,MCPXL09.3NTF,KCPXL09.3NTF,3
nonroad,2022,NDZXL05.7052,,NDZXL05.7052,0
nonroad,2022,NKBXL05.0A5D,MKBXL05.0A5D,MKBXL05.0A5D,1
nonroad,2023,PYDXL01.6HKA,,PYDXL01.6HKA,0
nonroad,2023,PMMLL02.6M63,HMMLL02.6M63,HMMLL02.6M63,1
nonroad,2023,PPKXL07.0PW1,NPKXL07.0PW1,EPKXL07.0PW1,9
nonroad,2020,LCEXL50.0AAG,,LCEXL50.0AAG,0
nonroad,2021,MCEXL30.0AAE,LCEXL30.0AAE,LCEXL30.0AAE,1
nonroad,2023,PPKXL01.1LCS,NPKXL01.1LCS,LPKXL1.13LCS,3
nonroad,2023,PFPXL08.7FR1,LFPXL08.7FR1,LFPXL08.7FR1,1
nonroad,2017,HKLXL60.0AAI,,HKLXL60.0AAI,0
nonroad,2023,PYDXL01.6S3N,,PYDXL01.6S3N,0
nonroad,2023,PMRBL65.4EMS,,PMRBL65.4EMS,0
nonroad,2020,LDICL02.4LEA,KDICL02.4LEA,FDICL02.4LEA,5
nonroad,2023,PDICL02.4LEC,,PDICL02.4LEC,0
nonroad,2024,RSZXL05.2RXA,FSZXL05.2RXA,FSZXL05.2RXA,1
nonroad,2023,PVPXL16.1CJA,MVPXL16.1CJA,MVPXL16.1CJA,1
nonroad,2023,PLGCL02.5L4A,HLGCL02.5L4A,HLGCL02.5L4A,1
nonroad,2024,RJDXL02.9121,DJDXL02.9121,DJDXL02.9121,1
nonroad,2024,RJDXL13.5146,EJDXL13.5146,EJDXL13.5146,1
nonroad,2023,PDZXL02.2115,,PDZXL02.2115,0
nonroad,2023,PVPXL10.8CJA,NVPXL10.8CJA,MVPXL10.8CJA,2
nonroad,2023,PKHXL03.4TCG,,PKHXL03.4TCG,0
nonroad,2023,PKHXL02.5TCR,MKHXL02.5TCR,MKHXL02.5TCR,1
nonroad,2024,RFPXL06.7DGS,JFPXL06.7DGS,JFPXL06.7DGS,1
nonroad,2023,PFPXL03.6EH2,MFPXL03.6EH2,MFPXL03.6EH2,1
nonroad,2024,RFPXL10.3TR3,JFPXL10.3TR3,JFPXL10.3TR3,1
nonroad,2023,PKHXL02.5EST,,PKHXL02.5EST,0
nonroad,2023,PKHXL03.4EST,,PKHXL03.4EST,0
nonroad,2023,PDICL01.8LEB,NDICL01.8LEB,KDICL01.8LEB,4
nonroad,2024,RCPXL15.2NZS,PCPXL15.2NZS,CCPXL15.2NZS,12
nonroad,2024,RJDXL04.5141,CJDXL04.5141,CJDXL04.5141,1
nonroad,2024,RLGCL01.9L3D,KLGCL01.9L3D,KLGCL01.9L3D,1
nonroad,2024,RMVXL24.5BBA,9MVXL24.5BBA,RMVXL24.5BBA,0
nonroad,2024,RMVXL01.8EDB,GMVXL01.3EDB,GMVXL01.3EDB,1
nonroad,2024,RLHAL18.0SQC,PLHAL18.0SQC,PLHAL18.0SQC,1
nonroad,2023,PFPXL08.7T4X,,PFPXL08.7T4X,0
nonroad,2024,RPKXL01.5F2V,PPKXL01.5F2V,LPKXL1.49F2V,4
nonroad,2024,RTYCL2.29A48,,RTYCL2.29A48,0
nonroad,2024,RTYCL1.72A34,,RTYCL1.72A34,0
nonroad,2023,PLHAL103.VQC,MLHAL103.VQC,MLHAL103.VQC,1
nonroad,2024,RPKXL01.5N3T,PPKXL01.5N3T,PPKXL01.5N3T,1
nonroad,2024,RDZXL02.9021,PDZXL02.9021,PDZXL02.9021,1
nonroad,2023,PFPXL03.4BPC,HFPXL03.4BPC,DFPXL03.4BPC,5
nonroad,2023,PCPXL15.2HTF,NCPXL15.2HTF,ECPXL15.2HTF,9
nonroad,2023,PJDXL06.8309,FJDXL06.8309,FJDXL06.8309,1
nonroad,2023,PYDXL04.6HDA,,PYDXL04.6HDA,0
nonroad,2023,PPKXL03.6FX1,NPKXL03.6FX1,LPKXL03.6FX1,3
nonroad,2023,PCPXL78.1NVF,NCPXL78.1NVF,GCPXL78.1NVF,7
nonroad,2024,RFPXL11.1T4W,PFPXL11.1T4W,PFPXL11.1T4W,1
nonroad,2023,PVPXL16.1CDD,NVPXL16.1CDD,MVPXL16.1CDD,2
nonroad,2023,PDZXL06.1049,,PDZXL06.1049,0
nonroad,2024,RMDDL21.0ZWR,AMDDL21.0GWR,RMDDL21.0ZWR,0
nonroad,2023,PPKXL02.2IR1,NPKXL02.2IR1,LPKXL2.22IR1,3
nonroad,2024,RYDXL.993NPA,,RYDXL.993NPA,0
nonroad,2024,RYDXL01.3TPA,JYDXL1.27TPA,JYDXL1.27TPA,1
nonroad,2024,RFPXL03.4DER,LFPXL03.4DER,LFPXL03.4DER,1
nonroad,2024,RKBXL.417KCB,DKBXL.416KCB,DKBXL.416KCB,1
nonroad,2024,RKBXL02.6EMD,FKBXL02.6EMD,FKBXL02.6EMD,1
nonroad,2024,RFPXL15.9GT1,PFPXL15.9GT1,PFPXL15.9GT1,1
nonroad,2024,RYDXL03.3S4T,,RYDXL03.3S4T,0
nonroad,2024,RKBXL02.2FCC,CKBXL02.2FCC,CKBXL02.2FCC,1
nonroad,2024,RKBXL03.3BCC,CKBXL03.3BCC,CKBXL03.3BCC,1
nonroad,2024,RKBXL03.6BAC,GKBXL03.6BAC,GKBXL03.6BAC,1
nonroad,2023,PCPXL106.NZS,NCPXL106.NZS,CCPXL106.NZS,11
nonroad,2024,RYDXL02.1HDA,DYDXL2.09HDA,DYDXL2.09HDA,1
nonroad,2023,PFPXL03.6EH1,MFPXL03.6EH1,MFPXL03.6EH1,1
nonroad,2023,PFPXL12.9FR2,,PFPXL12.9FR2,0
nonroad,2024,RFPXL11.1FR1,NFPXL11.1FR1,NFPXL11.1FR1,1
nonroad,2023,PVSXL12.8T4F,,PVSXL12.8T4F,0
nonroad,2023,PVSXL07.7STV,,PVSXL07.7STV,0
nonroad,2023,PCPXL78.1NSF,NCPXL78.1NSF,FCPXL78.1NSF,8
nonroad,2023,PHZXL02.0V53,,PHZXL02.0V53,0
nonroad,2024,RYDXL.320H1N,FYDXL0.32H1N,FYDXL0.32H1N,1
nonroad,2024,RDTAL04.8RJC,FMBXL04.8RJC,FMBXL04.8RJC,1
nonroad,2024,RKOEL4.33TAX,KKOEL4.33TAX,KKOEL4.33TAX,1
nonroad,2024,RSIDL06.6I7C,PSIDL06.6I7C,MSIDL06.6I7C,3
nonroad,2024,RSIDL09.8H6C,PSIDL09.8H6C,PSIDL09.8H6C,1
nonroad,2024,RFGXL3.85ED0,JFGXL3.85ED0,JFGXL3.85ED0,1
nonroad,2024,RCEXL0409AAB,CCEXL0409AAB,CCEXL0409AAB,1
nonroad,2024,RFPXL04.5LBH,JFPXL04.5LBH,JFPXL04.5LBH,1
nonroad,2024,RHZXL02.0V50,,RHZXL02.0V50,0
nonroad,2024,RFPXL12.9TDS,PFPXL12.9TDS,PFPXL12.9TDS,1
nonroad,2024,RYDXL01.1NPA,PYDXL01.1NPA,PYDXL01.1NPA,1
nonroad,2024,RKBXL02.4G3D,KKBXL02.4G3D,KKBXL02.4G3D,1
nonroad,2024,RFPXL03.4BPC,HFPXL03.4BPC,DFPXL03.4BPC,5
nonroad,2024,RFPXL03.4CDC,HFPXL03.4CDC,DFPXL03.4CDC,5
nonroad,2024,RVPXL16.1CEB,,RVPXL16.1CEB,0
nonroad,2024,RCEXL04.5AAH,FCEXL04.5AAH,FCEXL04.5AAH,1
nonroad,2024,RCEXL04.5AAK,,RCEXL04.5AAK,0
nonroad,2024,RKBXL01.6ECB,DKBXL01.7ECB,DKBXL01.7ECB,1
nonroad,2024,RCPXL106.NVF,PCPXL106.NVF,HCPXL106.NVF,7
nonroad,2024,RCEXL78.0AAA,,RCEXL78.0AAA,0
nonroad,2023,PCEXL04.5AAK,,PCEXL04.5AAK,0
nonroad,2021,MCEXL15.0AAL,ECEXL15.0AAL,ECEXL15.0AAL,1
nonroad,2016,GCEXL15.0AAL,FCEXL15.0AAL,ECEXL15.0AAL,2
nonroad,2020,LCEXL0275AAG,,LCEXL0275AAG,0
nonroad,2023,PCEXL08.9AAR,LCEXL08.9AAR,LCEXL08.9AAR,1
nonroad,2015,FCEXL0275AAG,,FCEXL0275AAG,0
nonroad,2014,ECEXL0275AAH,,ECEXL0275AAH,0
nonroad,2024,RCEXL23.0AAD,,RCEXL23.0AAD,0
nonroad,2018,JCEXL0409AAB,,JCEXL0409AAB,0
nonroad,2016,GCEXL0409AAB,,GCEXL0409AAB,0
nonroad,2017,HCEXL0409AAC,,HCEXL0409AAC,0
nonroad,2016,GCEXL0409AAC,,GCEXL0409AAC,0
nonroad,2018,JCEXL0505AAE,ECEXL0505AAE,CCEXL0505AAE,3
nonroad,2024,RCEXL023.AAB,CCEXL023.AAB,CCEXL023.AAB,1
nonroad,2019,KCEXL12.0AAA,FCEXL12.0AAA,FCEXL12.0AAA,1
nonroad,2022,NCEXL0409AAD,,NCEXL0409AAD,0
nonroad,2016,GCEXL0409AAD,,GCEXL0409AAD,0
nonroad,2021,MCEXL08.9AAR,LCEXL08.9AAR,LCEXL08.9AAR,1
nonroad,2023,PCEXL0661AAH,,PCEXL0661AAH,0
nonroad,2020,LCEXL0661AAH,ECEXL0661AAH,ECEXL0661AAH,1
nonroad,2021,MCEXL0661AAH,ECEXL0661AAH,ECEXL0661AAH,1
nonroad,2016,GCEXL0661AAH,ECEXL0661AAH,ECEXL0661AAH,1
nonroad,2023,PLHAL45.0VQC,NLHAL45.0VQC,LLHAL45.0VQC,3
nonroad,2020,LCEXL15.0AAI,ECEXL15.0AAI,CCEXL15.0AAI,3
nonroad,2019,KCEXL15.0AAI,ECEXL15.0AAI,CCEXL15.0AAI,3
nonroad,2025,SSZXL02.2ZTB,ESZXL02.2ZTB,ESZXL02.2ZTB,1
nonroad,2024,RCPXL32.1NZS,PCPXL32.0NZS,CCPXL32.0NZS,12
nonroad,2024,RVPXL16.1CJA,PVPXL16.1CJA,MVPXL16.1CJA,2
nonroad,2020,LDICL03.4LEC,KDICL03.4LEC,HDICL03.4LEC,3
nonroad,2024,RCPXL58.6NXV,PCPXL58.6NXV,LCPXL58.6NXV,4
nonroad,2024,RFPXL03.6EM1,PFPXL03.6EM1,PFPXL03.6EM1,1
nonroad,2025,SJDXL02.9142,FJDXL02.9142,FJDXL02.9142,1
nonroad,2025,SJDXL06.8120,PJDXL06.8120,PJDXL06.8120,1
nonroad,2025,SJDXL04.5141,CJDXL04.5141,CJDXL04.5141,1
nonroad,2025,SJDXL13.5146,EJDXL13.5146,EJDXL13.5146,1
nonroad,2023,PCEXL60.0AAB,,PCEXL60.0AAB,0
nonroad,2020,LCEXL60.0AAB,GCEXL60.0AAB,GCEXL60.0AAB,1
nonroad,2024,RFPXL08.7T4X,PFPXL08.7T4X,PFPXL08.7T4X,1
nonroad,2024,RKHXL.442ACF,,RKHXL.442ACF,0
nonroad,2024,RMDDL76.3XTM,FMDDL95.4XTM,FMDDL95.4XTM,1
nonroad,2025,SFPXL06.7LIM,KFPXL06.7LIM,KFPXL06.7LIM,1
nonroad,2025,SFPXL10.3TR3,JFPXL10.3TR3,JFPXL10.3TR3,1
nonroad,2015,FCEXL78.0AAA,ECEXL78.0AAA,ECEXL78.0AAA,1
nonroad,2025,SSZXL07.8QXA,ESZXL07.8QXA,ESZXL07.8QXA,1
nonroad,2025,SSZXL07.8QXB,KSZXL07.8QXB,KSZXL07.8QXB,1
nonroad,2024,RLHAL09.0SWC,PLHAL09.0SWC,PLHAL09.0SWC,1
nonroad,2024,RLHAL13.5SWC,PLHAL13.5SWC,MLHAL13.5SWC,2
nonroad,2025,SDICL15.1LBA,,SDICL15.1LBA,0
nonroad,2024,RFPXL12.9FR1,,RFPXL12.9FR1,0
nonroad,2025,STYCL1.17A33,,STYCL1.17A33,0
nonroad,2024,RKLXL30.5GDC,JKLXL30.5GDC,JKLXL30.5GDC,1
nonroad,2024,RKLXL06.7AAP,HKLXL06.7AAP,HKLXL06.7AAP,1
nonroad,2024,RKLXL23.2FDD,GKLXL23.2FDD,GKLXL23.2FDD,1
nonroad,2024,RDICL11.0LCG,PDICL11.0LCG,PDICL11.0LCG,1
nonroad,2025,SPKXL02.2TIC,RPKXL02.2TIC,LPKXL2.22TIC,5
nonroad,2024,RDZXL02.9020,,RDZXL02.9020,0
nonroad,2025,SHZXL02.0M54,,SHZXL02.0M54,0
nonroad,2024,RFPXL03.6EH1,MFPXL03.6EH1,MFPXL03.6EH1,1
nonroad,2024,RCEXL060.AAD,,RCEXL060.AAD,0
nonroad,2025,SLHAL16.2VWC,MLHAL16.2VWC,MLHAL16.2VWC,1
nonroad,2025,SLHAL08.0SWC,PLHAL08.0SWC,PLHAL08.0SWC,1
nonroad,2024,RKHXL01.4KSN,,RKHXL01.4KSN,0
nonroad,2025,SSIDL03.3G7B,RSIDL03.3G7B,PSIDL03.3G7B,2
nonroad,2024,RDZXL04.1054,,RDZXL04.1054,0
nonroad,2025,SMNBL24.2OR4,JMNBL24.2OR4,JMNBL24.2OR4,1
nonroad,2021,MCEXL060.AAD,,MCEXL060.AAD,0
nonroad,2019,KCEXL60.0AAF,,KCEXL60.0AAF,0
nonroad,2018,JCEXL60.0AAF,,JCEXL60.0AAF,0
nonroad,2025,SJDXL13.5300,EJDXL13.5300,EJDXL13.5300,1
nonroad,2025,SJDXL13.5310,FJDXL13.5310,FJDXL13.5310,1
nonroad,2024,RVPXL16.1BDA,PVPXL16.1BDA,KVPXL16.1BDA,5
nonroad,2024,RCEXL08.9AAK,,RCEXL08.9AAK,0
nonroad,2022,NLHAL45.0ESP,JLHAL45.0ESP,GLHAL45.0ESP,2
nonroad,2018,JLHAL45.0ESP,GLHAL45.0ESP,GLHAL45.0ESP,1
nonroad,2017,HLHAL24.2VQT,GLHAL24.2VQT,GLHAL24.2VQT,1
nonroad,2018,JLHAL7.96SQC,ELHAL7.96SQC,ELHAL7.96SQC,1
nonroad,2014,ELHAL7.01SQC,,ELHAL7.01SQC,0
nonroad,2025,SKOEL1.09NAX,NKOEL1.09NAX,NKOEL1.09NAX,1
nonroad,2024,RVPXL10.8CJB,,RVPXL10.8CJB,0
nonroad,2021,MLHAL16.2VQC,ELHAL16.2VQC,ELHAL16.2VQC,1
nonroad,2020,LLHAL09.0SQC,KLHAL09.0SQC,KLHAL09.0SQC,1
nonroad,2015,FLHAL7.01SQC,ELHAL7.01SQC,ELHAL7.01SQC,1
nonroad,2025,STYCL1.72A34,PTYCL1.72A34,PTYCL1.72A34,1
nonroad,2024,RKHXL03.4TCP,,RKHXL03.4TCP,0
nonroad,2025,SKBXL03.8C1D,KKBXL03.8C1D,KKBXL03.8C1D,1
nonroad,2020,LLHAL13.5SQC,KLHAL13.5SQC,KLHAL13.5SQC,1
nonroad,2024,RCPXL18.1HTH,PCPXL18.1HTH,GCPXL18.1HTH,8
nonroad,2024,RCPXL12.5HTF,PCPXL12.5HTF,ECPXL12.5HTF,10
nonroad,2025,SKBXL02.6E2D,KKBXL02.6E2D,KKBXL02.6E2D,1
nonroad,2025,SKBXL.899KAB,LKBXL.898KAB,LKBXL.898KAB,1
nonroad,2025,SDCLL01.2D8G,,SDCLL01.2D8G,0
nonroad,2025,SMVXL02.5DAA,8MVXL02.5GGG,SMVXL02.5DAA,0
nonroad,2024,RCEXL78.0AAB,,RCEXL78.0AAB,0
nonroad,2024,RCPXL106.NZS,PCPXL106.NZS,CCPXL106.NZS,12
nonroad,2025,SYDXL.570NXA,PYDXL.570NXA,PYDXL.570NXA,1
nonroad,2025,SMVXL49.0BBA,7MVXL49.0BBA,SMVXL49.0BBA,0
nonroad,2025,SLGCL02.5L4T,GLGCL02.5L4T,FLGCL02.5L4T,2
nonroad,2025,SYDXL.993NPA,RYDXL.993NPA,RYDXL.993NPA,1
nonroad,2025,SCEXL78.0AAB,,SCEXL78.0AAB,0
nonroad,2025,SYDXL01.6TDA,PYDXL01.6TDA,PYDXL01.6TDA,1
nonroad,2025,SYDXL02.0S4T,PYDXL02.0S4T,PYDXL02.0S4T,1
nonroad,2021,MCEXL95.0AAA,,MCEXL95.0AAA,0
nonroad,2025,SYDXL02.1HDA,DYDXL2.09HDA,DYDXL2.09HDA,1
nonroad,2025,SMVXL01.0EBB,,SMVXL01.0EBB,0
nonroad,2025,SCEXL060.AAD,,SCEXL060.AAD,0
nonroad,2024,RDZXL07.8046,,RDZXL07.8046,0
nonroad,2025,SDZXL04.1125,RDZXL04.1125,RDZXL04.1125,1
nonroad,2025,SFPXL04.5SCB,,SFPXL04.5SCB,0
nonroad,2025,SVPXL16.1BDA,RVPXL16.1BDA,KVPXL16.1BDA,6
nonroad,2024,RCPXL15.2HTF,PCPXL15.2HTF,ECPXL15.2HTF,10
nonroad,2024,RDZXL03.6018,,RDZXL03.6018,0
nonroad,2025,SDICL11.0LCG,RDICL11.0LCG,PDICL11.0LCG,2
nonroad,2025,SDZXL02.9118,,SDZXL02.9118,0
nonroad,2025,SCPXL32.1NZS,RCPXL32.1NZS,CCPXL32.0NZS,13
nonroad,2024,RFPXL04.5SCB,LFPXL04.5SCB,LFPXL04.5SCB,1
nonroad,2025,SCEXL030.AAD,CCEXL030.AAD,CCEXL030.AAD,1
nonroad,2025,SDZXL03.6121,,SDZXL03.6121,0
nonroad,2025,SPKXL01.5FTV,RPKXL01.5FTV,LPKXL1.49FTV,5
nonroad,2025,SSIDL06.6I7C,RSIDL06.6I7C,MSIDL06.6I7C,4
nonroad,2025,SDZXL07.8051,,SDZXL07.8051,0
nonroad,2026,TCPXL18.1NZS,SCPXL18.1NZS,CCPXL18.1NZS,14
nonroad,2025,SKHXL03.4EST,,SKHXL03.4EST,0
nonroad,2025,SY9XL16.4DAA,LY9XL16.4DAA,KY9XL16.4DAA,2
nonroad,2025,SKHXL01.9DIM,,SKHXL01.9DIM,0
nonroad,2025,SY9XL16.4DBA,JY9XL16.4DBA,JY9XL16.4DBA,1
nonroad,2025,SDCLL01.8HNV,LDCLL01.8HNV,LDCLL01.8HNV,1
nonroad,2025,SDCLL01.8HIV,PDCLL01.8HIV,PDCLL01.8HIV,1
nonroad,2018,JLHAL12.0SQC,ELHAL12.0SQC,ELHAL12.0SQC,1
nonroad,2017,HLHAL12.0SQC,ELHAL12.0SQC,ELHAL12.0SQC,1
nonroad,2025,SJCBL04.4TA5,LJCBL04.4TA5,LJCBL04.4TA5,1
nonroad,2025,SYDXL01.6NDA,PYDXL01.6NDA,PYDXL01.6NDA,1
nonroad,2022,NCEXL23.0AAD,,NCEXL23.0AAD,0
nonroad,2021,MCEXL23.0AAD,,MCEXL23.0AAD,0
nonroad,2019,KCEXL23.0AAD,,KCEXL23.0AAD,0
nonroad,2018,JCEXL19.0AAA,,JCEXL19.0AAA,0
nonroad,2022,NCEXL19.0AAA,,NCEXL19.0AAA,0
nonroad,2025,SYDXL02.2NDA,RYDXL02.2NDA,RYDXL02.2NDA,1
nonroad,2025,SFTGL03.0R4D,,SFTGL03.0R4D,0
nonroad,2023,PCEXL06.7AAU,,PCEXL06.7AAU,0
nonroad,2019,KFPXL20.1T4B,JFPXL20.1T4B,JFPXL20.1T4B,1
nonroad,2018,JCEXL06.7AAL,,JCEXL06.7AAL,0
nonroad,2019,KCEXL04.5AAJ,,KCEXL04.5AAJ,0
nonroad,2019,KCEXL015.AAH,DCEXL015.AAH,CCEXL015.AAH,2
nonroad,2016,GCEXL015.AAH,DCEXL015.AAH,CCEXL015.AAH,2
nonroad,2014,ECEXL015.AAH,,ECEXL015.AAH,0
nonroad,2026,TCPXL08.8NZS,SCPXL08.8NZS,CCPXL08.8NZS,14
nonroad,2020,LCEXL06.7AAK,,LCEXL06.7AAK,0
nonroad,2018,JCEXL06.7AAR,,JCEXL06.7AAR,0
nonroad,2015,FCEXL06.7AAK,,FCEXL06.7AAK,0
nonroad,2025,SSIDL07.4G6B,RSIDL07.4G6B,MSIDL07.4G6B,4
nonroad,2026,TSZXL03.0RXA,FSZXL03.0RXA,FSZXL03.0RXA,1
nonroad,2026,TSZXL05.2RXB,FSZXL05.2RXB,FSZXL05.2RXB,1
nonroad,2026,TSZXL05.2RXA,FSZXL05.2RXA,FSZXL05.2RXA,1
nonroad,2025,SDZXL05.7053,,SDZXL05.7053,0
nonroad,2026,TSIDL09.8I7C,SSIDL09.8I7C,NSIDL09.8I7C,4
nonroad,2025,SKBXL03.8CKD,DKBXL03.8CKD,DKBXL03.8CKD,1
nonroad,2025,SCEXL06.7AAU,LCEXL06.7AAU,LCEXL06.7AAU,1
nonroad,2023,PDICL03.4LED,NDICL03.4LED,LDICL03.4LED,3
nonroad,2023,PCEXL02.8AAB,ECEXL02.8AAB,ECEXL02.8AAB,1
nonroad,2017,HCEXL02.8AAB,ECEXL02.8AAB,ECEXL02.8AAB,1
nonroad,2016,GCEXL02.8AAB,ECEXL02.8AAB,ECEXL02.8AAB,1
nonroad,2025,SJCBL04.4S09,HJCBL04.4S09,GJCBL04.4S09,2
nonroad,2024,RCEXL02.8AAC,GCEXL02.8AAC,GCEXL02.8AAC,1
nonroad,2025,SMVXL01.0EDB,GMVXL01.0EDB,GMVXL01.0EDB,1
nonroad,2026,TPKXL07.0PW1,SPKXL07.0PW1,EPKXL07.0PW1,12
nonroad,2026,TPKXL04.4NP1,SPKXL04.4NP1,FPKXL04.4NP1,11
nonroad,2026,TKBXL02.2RCB,DKBXL02.2RCB,DKBXL02.2RCB,1
nonroad,2026,TFTGL02.2R3N,GFTGL02.2R3N,FFTGL02.2R3N,2
nonroad,2026,TPKXL01.1IZ1,SPKXL01.1IZ1,MPKXL01.1IZ1,5
nonroad,2025,SKLXL08.9AAM,HKLXL08.9AAM,HKLXL08.9AAM,1
nonroad,2025,SKLXL11.0DDD,MKLXL11.0DDD,MKLXL11.0DDD,1
nonroad,2026,TPKXL.761F1C,SPKXL.761F1C,LPKXL.761F1C,6
nonroad,2023,PCEXL03.3BAA,ECEXL03.3BAA,CCEXL03.3BAA,3
nonroad,2018,JCEXL03.3BAA,ECEXL03.3BAA,CCEXL03.3BAA,3
nonroad,2026,TSZXL07.8QXA,ESZXL07.8QXA,ESZXL07.8QXA,1
nonroad,2025,SPKXL07.0VL1,RPKXL07.0VL1,KPKXL07.0VL1,6
nonroad,2025,SFPXL15.9GT1,PFPXL15.9GT1,PFPXL15.9GT1,1
nonroad,2026,TDZXL06.1048,SDZXL06.1048,SDZXL06.1048,1
nonroad,2025,SMRBL109.EMS,PMRBL109.EMS,PMRBL109.EMS,1
nonroad,2020,LCEXL03.3CAA,DCEXL03.3CAA,CCEXL03.3CAA,2
nonroad,2026,TDZXL02.2114,SDZXL02.2114,MDZXL02.2114,5
nonroad,2012,CCEXL03.3CAA,BCEXL03.3CAA,CCEXL03.3CAA,0
nonroad,2026,TMDDL40.1GNR,GMDDL40.1GNR,FMDDL40.1GNR,2
nonroad,2026,TMDDL21.0ZWR,AMDDL21.0GWR,TMDDL21.0ZWR,0
nonroad,2026,TDZXL04.1056,SDZXL04.1056,SDZXL04.1056,1
nonroad,2025,SDICL03.4LEA,RDICL03.4LEA,HDICL03.4LEA,8
nonroad,2026,TLHAL18.0SQC,PLHAL18.0SQC,PLHAL18.0SQC,1
nonroad,2026,TYDXL.993NSB,,TYDXL.993NSB,0
nonroad,2025,SKLXL12.7LDC,RKLXL12.7LDC,RKLXL12.7LDC,1
nonroad,2026,THZXL.722M92,SHZXL.722M92,PHZXL.722M92,3
nonroad,2025,SKBXL01.1BFB,RKBXL01.1BFB,RKBXL01.1BFB,1
nonroad,2024,RCEXL015.AAH,DCEXL015.AAH,CCEXL015.AAH,2
nonroad,2022,NCEXL015.AAH,DCEXL015.AAH,CCEXL015.AAH,2
nonroad,2025,SCPXL18.1HTF,RCPXL18.1HTF,ECPXL18.1HTF,11
nonroad,2026,TCEXL30.0AAE,JCEXL30.0AAE,JCEXL30.0AAE,1
nonroad,2022,NCEXL03.8AAF,KCEXL03.8AAF,KCEXL03.8AAF,1
nonroad,2026,TYDXL03.1HDB,RYDXL03.1HDB,RYDXL03.1HDB,1
nonroad,2025,SCEXL50.0AAG,,SCEXL50.0AAG,0
nonroad,2025,SCEXL60.0AAF,,SCEXL60.0AAF,0
nonroad,2026,TFPXL06.7LIM,KFPXL06.7LIM,KFPXL06.7LIM,1
nonroad,2026,TDICL03.4LEB,SDICL03.4LEB,FDICL03.4LEB,11
nonroad,2020,LCEXL03.8AAA,FCEXL03.8AAA,FCEXL03.8AAA,1
nonroad,2018,JCEXL03.8AAA,FCEXL03.8AAA,FCEXL03.8AAA,1
nonroad,2017,HCEXL03.8AAA,FCEXL03.8AAA,FCEXL03.8AAA,1
nonroad,2026,TMMLL02.6M73,HMMLL02.6M73,HMMLL02.6M73,1
nonroad,2026,TMMLL02.7D45,DMMLL02.7M40,DMMLL02.7M40,1
nonroad,2026,TMMLL02.7D55,KMMLL02.7D65,KMMLL02.7D65,1
nonroad,2026,TCEXL0540AAB,CCEXL0540AAB,CCEXL0540AAB,1
nonroad,2026,TMMLL02.7R55,KMMLL02.7D65,KMMLL02.7D65,1
nonroad,2026,TCEXL030.AAD,CCEXL030.AAD,CCEXL030.AAD,1
nonroad,2026,TYDXL04.6HDA,PYDXL04.6HDA,PYDXL04.6HDA,1
nonroad,2023,PCEXL03.8AAB,GCEXL03.8AAB,GCEXL03.8AAB,1
nonroad,2021,MCEXL03.8AAB,GCEXL03.8AAB,GCEXL03.8AAB,1
nonroad,2025,SMDDL95.4GTZ,,SMDDL95.4GTZ,0
nonroad,2020,LFPXL03.4DEP,,LFPXL03.4DEP,0
nonroad,2025,SCPXL58.6HXF,RCPXL58.6HXF,FCPXL58.6HXF,10
nonroad,2026,TYDXL.993NUA,,TYDXL.993NUA,0
nonroad,2026,TJCBL04.4S09,HJCBL04.4S09,GJCBL04.4S09,2
nonroad,2026,TYDXL03.8HDA,,TYDXL03.8HDA,0
nonroad,2026,TFPXL02.8DE2,RFPXL02.8DE2,PFPXL02.8DE2,2
nonroad,2025,SVSXL16.1HPE,,SVSXL16.1HPE,0
nonroad,2026,TCPXL78.1NZS,SCPXL78.1NZS,CCPXL78.1NZS,14
nonroad,2026,TCEXL60.0AAF,SCEXL60.0AAF,SCEXL60.0AAF,1
nonroad,2026,TYDXL01.1S3N,PYDXL01.1S3N,PYDXL01.1S3N,1
nonroad,2026,TKLXL08.9AAM,SKLXL08.9AAM,HKLXL08.9AAM,2
nonroad,2026,TYDXL01.6NGA,PYDXL01.6NGA,PYDXL01.6NGA,1
nonroad,2025,SCPXL106.NZS,RCPXL106.NZS,CCPXL106.NZS,13
nonroad,2026,TFPXL11.1FR1,NFPXL11.1FR1,NFPXL11.1FR1,1
nonroad,2026,TFPXL15.9FR1,RFPXL15.9FR1,RFPXL15.9FR1,1
nonroad,2026,TCEXL0409AAD,ECEXL0409AAD,ECEXL0409AAD,1
nonroad,2023,PSZXL09.8QXA,ESZXL09.8QXA,ESZXL09.8QXA,1
nonroad,2024,RSZXL09.8QXA,ESZXL09.8QXA,ESZXL09.8QXA,1
nonroad,2024,RCEXL03.8AAD,GCEXL03.8AAD,GCEXL03.8AAD,1
nonroad,2025,SVSXL07.7STV,,SVSXL07.7STV,0
nonroad,2026,TFPXL03.4DEK,LFPXL03.4DEK,LFPXL03.4DEK,1
nonroad,2024,RLHAL103.ESP,HLHAL103.ESP,HLHAL103.ESP,1
nonroad,2026,TKHXL.442ACF,SKHXL.442ACF,SKHXL.442ACF,1
nonroad,2026,TKLXL06.7AAM,SKLXL06.7AAM,HKLXL06.7AAM,2
nonroad,2025,SCPXL78.1NSF,RCPXL78.1NSF,FCPXL78.1NSF,10
nonroad,2027,VYDXL01.3NWB,,VYDXL01.3NWB,0
nonroad,2026,TTTVL02.9WMS,MTTVL02.9WMS,LTTVL02.9WMS,2
nonroad,2026,TLHAL18.0ESP,SLHAL18.0ESP,NLHAL18.0ESP,2
nonroad,2026,TVPXL07.7BDA,RVPXL07.7BDA,NVPXL07.7BDA,3
nonroad,2018,JCEXL015.AAJ,ECEXL015.AAJ,CCEXL015.AAJ,2
nonroad,2026,TJDXL06.8309,,TJDXL06.8309,0
nonroad,2025,SDTAL15.6RJD,KMBXL15.6RJD,KMBXL15.6RJD,1
nonroad,2024,RDTAL10.6RJD,KMBXL10.6RJD,KMBXL10.6RJD,1
nonroad,2022,NDTAL10.6RJD,KMBXL10.6RJD,KMBXL10.6RJD,1
nonroad,2020,LMBXL10.6RJD,KMBXL10.6RJD,KMBXL10.6RJD,1
nonroad,2019,KMBXL12.8RJD,,KMBXL12.8RJD,0
nonroad,2019,KMBXL15.6RJD,,KMBXL15.6RJD,0
nonroad,2026,THZXL01.5M52,,THZXL01.5M52,0
nonroad,2021,MMBXL07.7RJD,KMBXL07.7RJD,KMBXL07.7RJD,1
nonroad,2013,DCEXL015.AAJ,CCEXL015.AAJ,CCEXL015.AAJ,1
nonroad,2023,PFPXL15.9T4U,FFPXL15.9T4U,FFPXL15.9T4U,1
nonroad,2026,TYDXL01.6TDA,,TYDXL01.6TDA,0
nonroad,2026,TCPXL18.1HXF,SCPXL18.1HXF,CCPXL18.1HXA,14
nonroad,2026,TYDXL02.1TDA,,TYDXL02.1TDA,0
nonroad,2024,RFPXL03.6EHK,MFPXL03.6EHK,MFPXL03.6EHK,1
nonroad,2026,TCEXL02.8AAB,ECEXL02.8AAB,ECEXL02.8AAB,1
nonroad,2026,TCEXL02.8AAC,GCEXL02.8AAC,GCEXL02.8AAC,1
nonroad,2026,TMVXL01.0EBB,SMVXL01.0EBB,SMVXL01.0EBB,1
nonroad,2026,TYDXL02.1HDA,,TYDXL02.1HDA,0
nonroad,2026,TMRBL122.EMS,,TMRBL122.EMS,0
nonroad,2026,TCPXL12.5NTF,SCPXL12.5NTF,LCPXL12.5NTF,6
nonroad,2023,PCEXL050.AAD,,PCEXL050.AAD,0
nonroad,2027,VKBXL03.3E5D,,VKBXL03.3E5D,0
nonroad,2026,TSIDL08.0I7C,SSIDL08.0I7C,SSIDL08.0I7C,1
nonroad,2026,TKBXL06.1C5D,PKBXL06.1C5D,PKBXL06.1C5D,1
nonroad,2015,FFPXL08.7T4W,EFPXL08.7T4W,EFPXL08.7T4W,1
nonroad,2026,TKBXL02.6EKD,DKBXL02.6EKD,DKBXL02.6EKD,1
nonroad,2026,TKBXL03.3EMD,FKBXL03.3EMD,FKBXL03.3EMD,1
nonroad,2026,TKBXL.277KCB,DKBXL.276KCB,DKBXL.276KCB,1
nonroad,2026,TKBXL03.8P5D,SKBXL03.8P5D,SKBXL03.8P5D,1
nonroad,2026,TKBXL.326KCB,DKBXL.325KCB,DKBXL.325KCB,1
nonroad,2026,TCPXL27.0HXF,SCPXL27.0HXF,CCPXL27.0HXA,14
nonroad,2026,TCPXL106.NVF,SCPXL106.NVF,HCPXL106.NVF,9
nonroad,2026,TCPXL32.1HXG,SCPXL32.1HXG,FCPXL32.0HXG,11
nonroad,2019,KFPXL08.7T4W,HFPXL08.7T4W,HFPXL08.7T4W,1
nonroad,2015,FFPXL06.7SDA,,FFPXL06.7SDA,0
nonroad,2026,TVPXL16.1CDD,SVPXL16.1CDD,MVPXL16.1CDD,5
nonroad,2026,TMDDL95.4GTZ,,TMDDL95.4GTZ,0
nonroad,2026,TVPXL07.7CJB,SVPXL07.7CJB,PVPXL07.7CJB,3
nonroad,2015,FFPXL08.7T4V,EFPXL08.7T4V,EFPXL08.7T4V,1
nonroad,2024,RFPXL08.7T4V,EFPXL08.7T4V,EFPXL08.7T4V,1
nonroad,2026,TDICL07.5LEB,,TDICL07.5LEB,0
nonroad,2012,CYDXL2.09M4N,BYDXL2.09M4N,CYDXL2.09M4N,0
nonroad,2011,BCTEL.418F86,AWXCL.418F86,BCTEL.418F86,0
nonroad,2011,BCXGL0.42DXY,,BCXGL0.42DXY,0
nonroad,2011,BTLEL5.99ADE,ATLEL5.99ADE,BTLEL5.99ADE,0
nonroad,2011,BZHXL3.17AAA,,BZHXL3.17AAA,0
nonroad,2011,BFLTL.418AGA,,BFLTL.418AGA,0
nonroad,2011,BSHLL1.53LDE,,BSHLL1.53LDE,0
nonroad,2011,BWWBL0.505KM,,BWWBL0.505KM,0
nonroad,2012,CDZXL15.9001,,CDZXL15.9001,0
nonroad,2012,CCEXL015.AAJ,BCEXL015.AAJ,CCEXL015.AAJ,0
nonroad,2012,CCEXL0661AAH,BCEXL0661AAH,CCEXL0661AAH,0
nonroad,2012,CDZXL07.1031,,CDZXL07.1031,0
nonroad,2012,CVPXL16.1BDA,BVPXL16.1BDA,CVPXL16.1BDA,0
nonroad,2012,CJDXL02.9050,9JDXL02.9050,CJDXL02.9050,0
nonroad,2012,CVSXL10.8T4I,BVSXL10.8T4I,CVSXL10.8T4I,0
nonroad,2012,CVSXL16.1T4I,BVSXL16.1T4I,CVSXL16.1T4I,0
nonroad,2011,BDCLL02.0D83,ADCLL02.0D83,BDCLL02.0D83,0
nonroad,2012,CKBXL03.8AAC,,CKBXL03.8AAC,0
nonroad,2012,CKBXL.416KCB,BKBXL.416KCB,CKBXL.416KCB,0
nonroad,2012,CKBXL.325NCB,BKBXL.325NCB,CKBXL.325NCB,0
nonroad,2012,CKBXL01.3DCC,BKBXL01.3DCC,CKBXL01.3DCC,0
nonroad,2012,CKBXL01.7BCD,BKBXL01.7BCD,CKBXL01.7BCD,0
nonroad,2012,CKBXL03.3CAD,BKBXL03.3CAD,CKBXL03.3CAD,0
nonroad,2012,CPKXL04.4NJ2,BPKXL04.4NJ2,CPKXL04.4NJ2,0
nonroad,2012,CKBXL03.6BAC,BKBXL03.6BAC,CKBXL03.6BAC,0
nonroad,2012,CPKXL06.6PJ2,BPKXL06.6PJ2,CPKXL06.6PJ2,0
nonroad,2012,CPKXL04.4NL1,BPKXL04.4NL1,CPKXL04.4NL1,0
nonroad,2012,CPKXL04.4NM1,BPKXL04.4NM1,CPKXL04.4NM1,0
nonroad,2012,CCPXL18.1NYS,BCPXL18.1NYS,CCPXL18.1NYS,0
nonroad,2012,CYDXL3.32F4T,,CYDXL3.32F4T,0
nonroad,2012,CH3XL2.22NLT,BH3XL2.22NLT,CH3XL2.22NLT,0
nonroad,2012,CH3XL2.22L84,BH3XL2.22L84,CH3XL2.22L84,0
nonroad,2012,CH3XL1.49N3V,BH3XL1.49N3V,CH3XL1.49N3V,0
nonroad,2012,CH3XL2.00NCS,BH3XL2.00NCS,CH3XL2.00NCS,0
nonroad,2012,CCPXL18.1ESK,BCPXL18.1ESK,CCPXL18.1ESK,0
nonroad,2012,CFZLL.418F86,BFZLL.418F86,BFZLL.418F86,1
nonroad,2011,BJCBL04.4TC5,,BJCBL04.4TC5,0
nonroad,2012,CFPXL06.7SCA,BVEXL06.7SCA,CFPXL06.7SCA,0
nonroad,2012,CYDXL0.57U2N,BYDXL0.57U2N,CYDXL0.57U2N,0
nonroad,2012,CYDXL0.85U3N,BYDXL0.85U3N,CYDXL0.85U3N,0
nonroad,2012,CYDXL1.33J3N,BYDXL1.33J3N,CYDXL1.33J3N,0
nonroad,2012,CNDXL02.7TNA,BNDXL02.7TNA,CNDXL02.7TNA,0
nonroad,2012,CKMCL1.17A33,8KMCL1.17A33,CKMCL1.17A33,0
nonroad,2012,CKMCL1.56A37,8KMCL1.56A37,CKMCL1.56A37,0
nonroad,2012,CYDXL3.32C4T,BYDXL3.32C4T,CYDXL3.32C4T,0
nonroad,2012,CKMCL2.28A42,8KMCL2.28A42,CKMCL2.28A42,0
nonroad,2012,CWWBL0.505KM,BWWBL0.505KM,BWWBL0.505KM,1
nonroad,2012,CCHCL1.12AAA,BCHCL1.12AAA,BCHCL1.12AAA,1
nonroad,2011,BJDXL04.5144,,BJDXL04.5144,0
nonroad,2012,CSIDL04.9G6A,,CSIDL04.9G6A,0
nonroad,2012,CMVXL01.3DDD,BMVXL01.3DDD,CMVXL01.3DDD,0
nonroad,2012,CMVXL01.8DDD,BMVXL01.8DDD,CMVXL01.8DDD,0
nonroad,2012,CJDXL04.5111,7JDXL04.5111,CJDXL04.5111,0
nonroad,2012,CMVXL02.5EEE,BMVXL02.5EEE,CMVXL02.5EEE,0
nonroad,2011,BDZXL03.6036,,BDZXL03.6036,0
nonroad,2012,CMBXL15.9RJB,BMBXL15.9RJB,CMBXL15.9RJB,0
nonroad,2012,CMBXL12.8RJB,BMBXL12.8RJB,CMBXL12.8RJB,0
nonroad,2012,CDZXL03.2088,BDZXL03.2088,CDZXL03.2088,0
nonroad,2012,CMBXL04.8RJB,BMBXL04.8RJB,CMBXL04.8RJB,0
nonroad,2012,CDZXL07.8004,BDZXL07.8004,CDZXL07.8004,0
nonroad,2012,CMVXL02.5HHH,BMVXL02.5HHH,CMVXL02.5HHH,0
nonroad,2012,CMVXL03.3AAH,BMVXL03.3AAH,CMVXL03.3AAH,0
nonroad,2012,CMVXL03.3AAC,BMVXL03.3AAC,CMVXL03.3AAC,0
nonroad,2012,CCPXL07.2ESJ,ACPXL07.2ESL,CCPXL07.2ESJ,0
nonroad,2012,CHZXL.243C20,BHYXL.243C20,CHZXL.243C20,0
nonroad,2012,CHZXL.243V20,BHYXL.243V20,CHZXL.243V20,0
nonroad,2012,CHZXL.517C50,BHYXL.517C50,CHZXL.517C50,0
nonroad,2012,CSCLL02.5I38,BSCLL02.5I38,CSCLL02.5I38,0
nonroad,2012,CSZJL.456AAA,BSZJL.456AAA,BSZJL.456AAA,1
nonroad,2012,CVWXL02.0CBJ,8VWXL02.0CBJ,CVWXL02.0CBJ,0
nonroad,2012,CL5XL1.86CNI,8L5XL1.86CNI,CL5XL1.86CNI,0
nonroad,2012,CL5XL1.86FTI,8L5XL1.86FTI,CL5XL1.86FTI,0
nonroad,2012,CJDXL06.8116,9JDXL06.8116,CJDXL06.8116,0
nonroad,2012,CJDXL13.5103,6JDXL13.5103,CJDXL13.5103,0
nonroad,2012,CICLL2.20C4H,BICLL2.20C4H,CICLL2.20C4H,0
nonroad,2012,CWKPL2.19AAA,BWKPL2.19AAA,BWKPL2.19AAA,1
nonroad,2013,DMMLL02.6N62,,DMMLL02.6N62,0
nonroad,2012,CMVXL33.9BBA,BMVXL33.9BBA,CMVXL33.9BBA,0
nonroad,2012,CCPXL27.0NZS,BCPXL27.0NZS,CCPXL27.0NZS,0
nonroad,2012,CDZXL06.1022,,CDZXL06.1022,0
nonroad,2012,CFPXL04.5DTD,BVEXL04.5DTD,CFPXL04.5DTD,0
nonroad,2013,DCEXL04.5AAF,,DCEXL04.5AAF,0
nonroad,2013,DCEXL0505AAE,CCEXL0505AAE,CCEXL0505AAE,1
nonroad,2013,DCEXL08.9AAH,CCEXL08.9AAH,CCEXL08.9AAH,1
nonroad,2013,DYDXL1.27NS1,,DYDXL1.27NS1,0
nonroad,2013,DYDXL0.99NS2,,DYDXL0.99NS2,0
nonroad,2012,CLHAL7.01SZC,,CLHAL7.01SZC,0
nonroad,2013,DCPXL12.5HPC,,DCPXL12.5HPC,0
nonroad,2013,DPKXL12.5TAG,CPKXL12.5TAG,CPKXL12.5TAG,1
nonroad,2013,DVPXL12.8BCA,CVPXL12.8BCA,CVPXL12.8BCA,1
nonroad,2013,DVPXL16.1ADA,CVPXL16.1ADA,CVPXL16.1ADA,1
nonroad,2013,DFPXL12.9IGR,CFPXL12.9IGR,CFPXL12.9IGR,1
nonroad,2013,DKBXL01.5BCC,,DKBXL01.5BCC,0
nonroad,2012,CJDXL13.5201,BJDXL13.5201,BJDXL13.5201,1
nonroad,2013,DKBXL01.3DCC,,DKBXL01.3DCC,0
nonroad,2012,CMDDL57.2XTC,,CMDDL57.2XTC,0
nonroad,2012,CPKXL04.4MK1,,CPKXL04.4MK1,0
nonroad,2013,DPKXL04.4NM1,CPKXL04.4NM1,CPKXL04.4NM1,1
nonroad,2012,CCPXL78.1NZS,BCPXL78.1NZS,CCPXL78.1NZS,0
nonroad,2013,DMDDL35.8GRR,7MDDL35.8GRR,DMDDL35.8GRR,0
nonroad,2013,DMDDL95.4XTR,9MDDL95.4XTR,DMDDL95.4XTR,0
nonroad,2013,DDICL05.8HTB,CDICL05.8HTB,CDICL05.8HTB,1
nonroad,2013,DKBXL01.5BCB,,DKBXL01.5BCB,0
nonroad,2013,DH3XL1.49N3C,CH3XL1.49N3C,CH3XL1.49N3C,1
nonroad,2013,DH3XL2.22TCC,CH3XL2.22TCC,CH3XL2.22TCC,1
nonroad,2013,DH3XL1.49N3V,CH3XL1.49N3V,CH3XL1.49N3V,1
nonroad,2013,DH3XL2.22N4T,CH3XL2.22N4T,CH3XL2.22N4T,1
nonroad,2012,CCPXL08.8ESJ,ACPXL08.8ESK,CCPXL08.8ESJ,0
nonroad,2013,DMMLL03.5N79,CMMLL03.5N79,CMMLL03.5N79,1
nonroad,2013,DYDXL1.64NMA,,DYDXL1.64NMA,0
nonroad,2013,DNVXL05700FA,,DNVXL05700FA,0
nonroad,2013,DDCLL01.0D75,BDCLL01.0D75,BDCLL01.0D75,1
nonroad,2013,DKMCL2.28A46,,DKMCL2.28A46,0
nonroad,2013,DYDXL1.27NS4,,DYDXL1.27NS4,0
nonroad,2013,DYDXL0.99NS4,,DYDXL0.99NS4,0
nonroad,2014,EFPXL06.7DGB,DFPXL06.7DGB,CFPXL06.7DGB,2
nonroad,2014,EKLXL06.7AAJ,DKLXL06.7AAJ,CKLXL06.7AAJ,2
nonroad,2014,EKLXL04.5AAG,DKLXL04.5AAG,DKLXL04.5AAG,1
nonroad,2013,DHZXL.517C50,,DHZXL.517C50,0
nonroad,2014,EMVXL01.3EEE,,EMVXL01.3EEE,0
nonroad,2014,EFPXL06.7SCA,DFPXL06.7SCA,DFPXL06.7SCA,1
nonroad,2012,CSZXL03.0UTA,BSZXL03.0UTA,CSZXL03.0UTA,0
nonroad,2012,CSZXL03.0UTB,8SZXL03.0UTB,CSZXL03.0UTB,0
nonroad,2013,DKHXL2.48TCR,,DKHXL2.48TCR,0
nonroad,2014,EVPXL16.1ACW,DVPXL16.1ACW,CVPXL16.1ACW,2
nonroad,2014,EVPXL16.1ADA,DVPXL16.1ADA,CVPXL16.1ADA,2
nonroad,2014,EVPXL16.1BEA,DVPXL16.1BEA,CVPXL16.1BEA,2
nonroad,2014,EDDXL14.0WLD,DDDXL14.0WLD,CDDXL14.0WLD,2
nonroad,2013,DKBXL02.4GND,,DKBXL02.4GND,0
nonroad,2014,EDICL18.3USA,CDICL18.3USA,CDICL18.3USA,1
nonroad,2013,DHZXL.997C40,,DHZXL.997C40,0
nonroad,2014,ECEXL03.3ACF,,ECEXL03.3ACF,0
nonroad,2014,EKLXL03.3JDB,DKLXL03.3JDB,DKLXL03.3JDB,1
nonroad,2014,EPKXL04.4NL1,DPKXL04.4NL1,CPKXL04.4NL1,2
nonroad,2014,EMVXL37.1BBA,7MVXL37.1BBA,EMVXL37.1BBA,0
nonroad,2014,EPKXL06.6PJ2,DPKXL06.6PJ2,CPKXL06.6PJ2,2
nonroad,2014,EMMLL03.5N79,DMMLL03.5N79,CMMLL03.5N79,2
nonroad,2014,EYDXL2.19NFA,DYDXL2.19NFA,DYDXL2.19NFA,1
nonroad,2014,EH3XL.507E2C,DH3XL.507E2C,CH3XL.507E2C,2
nonroad,2014,EH3XL2.224LC,DH3XL2.224LC,CH3XL2.224LC,2
nonroad,2014,EH3XL1.49F2C,DH3XL1.49F2C,DH3XL1.49F2C,1
nonroad,2014,EKBXL02.2FCC,CKBXL02.2FCC,CKBXL02.2FCC,1
nonroad,2014,EKBXL02.6GND,DKBXL02.6GND,DKBXL02.6GND,1
nonroad,2014,EMDDL14.0ZWK,AMDDL14.0GWK,EMDDL14.0ZWK,0
nonroad,2014,EKBXL03.8CKD,DKBXL03.8CKD,DKBXL03.8CKD,1
nonroad,2014,EYDXL1.64NMA,DYDXL1.64NMA,DYDXL1.64NMA,1
nonroad,2014,EKMCL1.71A39,DKMCL1.71A39,DKMCL1.71A39,1
nonroad,2014,EYDXL1.50L3T,CYDXL1.50K3T,CYDXL1.50K3T,1
nonroad,2014,EMDDL35.8GRR,7MDDL35.8GRR,EMDDL35.8GRR,0
nonroad,2014,EPKXL04.4NJ1,DPKXL04.4NJ1,CPKXL04.4NJ1,2
nonroad,2014,ELHAL7.01SYC,CLHAL7.01SYC,CLHAL7.01SYC,1
nonroad,2014,ELHAL24.2VZC,DLHAL24.2VZC,DLHAL24.2VZC,1
nonroad,2013,DDZXL06.1008,,DDZXL06.1008,0
nonroad,2014,EDCLL01.0D75,DDCLL01.0D75,BDCLL01.0D75,2
nonroad,2014,EDCLL02.4F7T,DDCLL02.4F7T,DDCLL02.4F7T,1
nonroad,2014,EFPXL03.4CDC,DFPXL03.4CDC,DFPXL03.4CDC,1
nonroad,2014,EKHXL1.86DIM,,EKHXL1.86DIM,0
nonroad,2014,EYDXL2.00S4T,CYDXL2.00J4T,CYDXL2.00J4T,1
nonroad,2013,DDZXL06.1044,,DDZXL06.1044,0
nonroad,2014,EKLXL15.2EDC,,EKLXL15.2EDC,0
nonroad,2014,EH3XL1.49N3T,DH3XL1.49N3T,CH3XL1.49N3T,2
nonroad,2014,EH3XL2.22N4L,DH3XL2.22N4L,CH3XL2.22N4L,2
nonroad,2014,EHZXL1.72M41,,EHZXL1.72M41,0
nonroad,2014,EKLXL08.9AAM,,EKLXL08.9AAM,0
nonroad,2013,DDZXL07.8002,,DDZXL07.8002,0
nonroad,2013,DLHAL7.01SEC,CLHAL7.01SEC,CLHAL7.01SEC,1
nonroad,2013,DDZXL07.1005,,DDZXL07.1005,0
nonroad,2015,FYDXL2.19NFA,DYDXL2.19NFA,DYDXL2.19NFA,1
nonroad,2014,EYDXL3.32TDB,DYDXL3.32TDA,DYDXL3.32TDA,1
nonroad,2014,ESCLL02.6C74,,ESCLL02.6C74,0
nonroad,2014,EJDXL04.5304,,EJDXL04.5304,0
nonroad,2014,EMMLL02.6T62,,EMMLL02.6T62,0
nonroad,2014,EH3XL1.49AB1,,EH3XL1.49AB1,0
nonroad,2014,EH3XL2.22AB2,,EH3XL2.22AB2,0
nonroad,2014,EFPXL03.4FSD,,EFPXL03.4FSD,0
nonroad,2014,EMDDL35.7GNC,,EMDDL35.7GNC,0
nonroad,2014,EMMLL02.6N67,DMMLL02.6N67,DMMLL02.6N67,1
nonroad,2014,EH3XL2.22ABT,,EH3XL2.22ABT,0
nonroad,2014,ECPXL106.NZS,DCPXL106.NZS,CCPXL106.NZS,2
nonroad,2014,EJCBL04.8T12,,EJCBL04.8T12,0
nonroad,2015,FCPXL32.0NZS,ECPXL32.0NZS,CCPXL32.0NZS,3
nonroad,2014,ECPXL18.1NZS,DCPXL18.1NZS,CCPXL18.1NZS,2
nonroad,2015,FDICL02.4LEB,,FDICL02.4LEB,0
nonroad,2015,FFPXL06.7CLA,,FFPXL06.7CLA,0
nonroad,2015,FLGCL01.9L3T,,FLGCL01.9L3T,0
nonroad,2014,EPKXL07.0PW1,,EPKXL07.0PW1,0
nonroad,2015,FJDXL13.5132,CJDXL13.5132,CJDXL13.5132,1
nonroad,2015,FMVXL01.3FFF,EMVXL01.3FFF,EMVXL01.3FFF,1
nonroad,2015,FH3XL.507E2C,EH3XL.507E2C,CH3XL.507E2C,3
nonroad,2015,FH3XL1.13MSL,EH3XL1.13MSL,CH3XL1.13MSL,3
nonroad,2015,FH3XL2.00N84,EH3XL2.00N84,CH3XL2.00N84,3
nonroad,2015,FH3XL1.13F2C,EH3XL1.13F2C,DH3XL1.13F2C,2
nonroad,2015,FH3XL2.22TF3,EH3XL2.22TF3,DH3XL2.22TF3,2
nonroad,2015,FJDXL04.5212,CJDXL04.5212,CJDXL04.5212,1
nonroad,2015,FH3XL2.22ABT,EH3XL2.22ABT,EH3XL2.22ABT,1
nonroad,2015,FSIDL04.9G6C,ESIDL04.9G6C,ESIDL04.9G6C,1
nonroad,2015,FMDDL31.8XRR,7MDDL35.8GRR,FMDDL31.8XRR,0
nonroad,2015,FCEXL11.9AAA,DCEXL11.9AAA,CCEXL11.9AAA,2
nonroad,2015,FKHXL1.86DIM,EKHXL1.86DIM,EKHXL1.86DIM,1
nonroad,2015,FMMLL02.7C33,EMMLL02.7C33,EMMLL02.7C33,1
nonroad,2015,FMMLL02.7M30,EMMLL02.7M30,EMMLL02.7M30,1
nonroad,2015,FKBXL.325NCB,DKBXL.325NCB,DKBXL.325NCB,1
nonroad,2015,FKBXL.778KCB,DKBXL.778KCB,DKBXL.778KCB,1
nonroad,2015,FKBXL01.0BCB,DKBXL01.0BCB,DKBXL01.0BCB,1
nonroad,2015,FKBXL02.4EKC,EKBXL02.4EKC,EKBXL02.4EKC,1
nonroad,2014,EJDXL04.5214,DJDXL04.5214,DJDXL04.5214,1
nonroad,2015,FMVXL65.4BBA,9MVXL65.4BBA,FMVXL65.4BBA,0
nonroad,2015,FPKXL04.4NR2,,FPKXL04.4NR2,0
nonroad,2015,FKBXL03.3EKD,DKBXL03.3EKD,DKBXL03.3EKD,1
nonroad,2015,FYDXL3.32TDB,DYDXL3.32TDA,DYDXL3.32TDA,1
nonroad,2014,EJDXL09.0202,CJDXL09.0202,CJDXL09.0202,1
nonroad,2015,FHZXL.517M50,EHZXL.517M50,DHZXL.517V51,2
nonroad,2015,FY9XL12.7DAA,EY9XL12.7DAA,EY9XL12.7DAA,1
nonroad,2015,FDZXL15.9058,,FDZXL15.9058,0
nonroad,2015,FHZXL.517M51,EHZXL.517M51,DHZXL.517V52,2
nonroad,2015,FHZXL.347C30,EHZXL.347C30,DHZXL.347C30,2
nonroad,2014,ECPXL32.0HZA,DCPXL32.0HZA,CCPXL32.0HZA,2
nonroad,2014,ECPXL32.0HXF,DCPXL32.0HXF,CCPXL32.0HXA,2
nonroad,2015,FKMCL1.72A32,,FKMCL1.72A32,0
nonroad,2014,EDZXL02.9016,,EDZXL02.9016,0
nonroad,2015,FDZXL02.9021,EDZXL02.9021,EDZXL02.9021,1
nonroad,2015,FHZXL2.57V43,,FHZXL2.57V43,0
nonroad,2015,FHZXL3.43C43,,FHZXL3.43C43,0
nonroad,2014,EPKXL07.0BN1,,EPKXL07.0BN1,0
nonroad,2015,FPKXL04.4NM2,,FPKXL04.4NM2,0
nonroad,2015,FFTGL02.2R3N,,FFTGL02.2R3N,0
nonroad,2015,FCEXL03.3ACG,ECEXL03.3ACG,ECEXL03.3ACG,1
nonroad,2015,FYDXL0.44H1N,,FYDXL0.44H1N,0
nonroad,2016,GJDXL13.5132,CJDXL13.5132,CJDXL13.5132,1
nonroad,2016,GCPXL27.0NZS,FCPXL27.0NZS,CCPXL27.0NZS,4
nonroad,2016,GCPXL32.0NZS,FCPXL32.0NZS,CCPXL32.0NZS,4
nonroad,2016,GYDXL3.32C4N,CYDXL3.32C4N,CYDXL3.32C4N,1
nonroad,2016,GYDXL3.32S4T,CYDXL3.32C4T,CYDXL3.32C4T,1
nonroad,2016,GVPXL16.1ACW,FVPXL16.1ACW,CVPXL16.1ACW,4
nonroad,2016,GPKXL04.4NM1,FPKXL04.4NM1,CPKXL04.4NM1,4
nonroad,2016,GKBXL.416KCC,,GKBXL.416KCC,0
nonroad,2016,GMVXL65.4BBA,9MVXL65.4BBA,GMVXL65.4BBA,0
nonroad,2016,GMMLL02.7M30,EMMLL02.7M30,EMMLL02.7M30,1
nonroad,2015,FKBXL03.8AMD,,FKBXL03.8AMD,0
nonroad,2016,GKBXL01.5BCB,DKBXL01.5BCB,DKBXL01.5BCB,1
nonroad,2016,GKBXL01.5FCC,DKBXL01.5FCC,DKBXL01.5FCC,1
nonroad,2016,GH3XL.761E3V,FH3XL.761E3V,CH3XL.761E3V,4
nonroad,2016,GH3XL1.13SLV,FH3XL1.13SLV,CH3XL1.13SLV,4
nonroad,2016,GKBXL02.4EMD,FKBXL02.4EMD,FKBXL02.4EMD,1
nonroad,2016,GKBXL06.1AMD,FKBXL06.1AMD,FKBXL06.1AMD,1
nonroad,2016,GH3XL2.22N4T,FH3XL2.22N4T,CH3XL2.22N4T,4
nonroad,2016,GCEXL13.0AAA,ECEXL13.0AAA,ECEXL13.0AAA,1
nonroad,2016,GKHXL2.48EST,FKHXL2.48EST,FKHXL2.48EST,1
nonroad,2016,GKMCL1.71A39,DKMCL1.71A39,DKMCL1.71A39,1
nonroad,2016,GKMCL2.39A45,BKMCL2.39A45,BKMCL2.39A45,1
nonroad,2016,GMBXL07.2RJC,FMBXL07.2RJC,FMBXL07.2RJC,1
nonroad,2016,GTIEL03.01KD,FTIEL03.01KD,ETIEL03.01KD,2
nonroad,2016,GYDXL0.99NS4,DYDXL0.99NS4,DYDXL0.99NS4,1
nonroad,2016,GYDXL1.27NS4,DYDXL1.27NS4,DYDXL1.27NS4,1
nonroad,2016,GYDXL1.64NGA,EYDXL1.64NGA,EYDXL1.64NGA,1
nonroad,2016,GICLL1.50C3X,FICLL1.50C3X,DICLL1.50C3X,3
nonroad,2015,FVPXL07.7CJA,,FVPXL07.7CJA,0
nonroad,2016,GYDXL0.99NS3,DYDXL0.99NS3,DYDXL0.99NS3,1
nonroad,2016,GDCLL02.4F7T,DDCLL02.4F7T,DDCLL02.4F7T,1
nonroad,2016,GDICL05.8LEA,FDICL05.8LEA,FDICL05.8LEA,1
nonroad,2016,GKMCL1.17A33,DKMCL1.17A33,DKMCL1.17A33,1
nonroad,2015,FCPXL12.5HTF,ECPXL12.5HTF,ECPXL12.5HTF,1
nonroad,2015,FCPXL08.8NZS,ECPXL08.8NZS,CCPXL08.8NZS,3
nonroad,2015,FMDDL21.0ZWR,AMDDL21.0GWR,FMDDL21.0ZWR,0
nonroad,2016,GKHXL.442155,FKHXL.442155,DKHXL.442155,3
nonroad,2016,GYDXL1.33S3N,CYDXL1.33J3N,CYDXL1.33J3N,1
nonroad,2016,GY9XL09.3DAA,EY9XL09.3DAA,EY9XL09.3DAA,1
nonroad,2016,GDZXL06.1048,FDZXL06.1048,FDZXL06.1048,1
nonroad,2016,GDZXL03.6018,FDZXL03.6018,EDZXL03.6018,2
nonroad,2016,GKMCL1.72A32,FKMCL1.72A32,FKMCL1.72A32,1
nonroad,2016,GDZXL04.1054,FDZXL04.1054,FDZXL04.1054,1
nonroad,2016,GHZXL.347C30,FHZXL.347C30,DHZXL.347C30,3
nonroad,2016,GDZXL07.8046,FDZXL07.8046,FDZXL07.8046,1
nonroad,2016,GHZXL1.95V50,FHZXL1.95V50,FHZXL1.95V50,1
nonroad,2016,GJCBL04.4TA5,GJCBL04.4TA5,GJCBL04.4TA5,0
nonroad,2016,GMBXL10.6RJA,FMBXL10.6RJA,EMBXL10.6RJA,2
nonroad,2016,GYDXL2.09HDA,DYDXL2.09HDA,DYDXL2.09HDA,1
nonroad,2016,GYDXL2.09TDA,DYDXL2.09TDA,DYDXL2.09TDA,1
nonroad,2016,GVPXL16.1ACG,FVPXL16.1ACG,CVPXL16.1ACG,4
nonroad,2013,DSZXL09.8LXA,CSZXL09.8LXA,CSZXL09.8LXA,1
nonroad,2016,GSIDL03.3G7B,,GSIDL03.3G7B,0
nonroad,2017,HSZXL02.2VNK,8SZXL02.2VNC,HSZXL02.2VNK,0
nonroad,2016,GDZXL04.1056,,GDZXL04.1056,0
nonroad,2016,GCPXL12.5NYS,FCPXL12.5NYS,ECPXL12.5NYS,2
nonroad,2017,HCPXL18.1NYS,GCPXL18.1NYS,CCPXL18.1NYS,5
nonroad,2016,GYDXL1.27NS1,DYDXL1.27NS1,DYDXL1.27NS1,1
nonroad,2016,GKBXL03.8AAC,,GKBXL03.8AAC,0
nonroad,2016,GDCLL01.0D75,DDCLL01.0D75,BDCLL01.0D75,2
nonroad,2017,HMVXL02.2EAA,DMVXL02.2AAA,DMVXL02.2AAA,1
nonroad,2014,ESIDL09.8H6C,,ESIDL09.8H6C,0
nonroad,2016,GSIDL09.8H6C,,GSIDL09.8H6C,0
nonroad,2015,FSIDL07.4G6B,,FSIDL07.4G6B,0
nonroad,2016,GPKXL04.4MU1,FPKXL04.4MU1,FPKXL04.4MU1,1
nonroad,2016,GFTGL02.2R3N,FFTGL02.2R3N,FFTGL02.2R3N,1
nonroad,2017,HYDXL1.27NS4,DYDXL1.27NS4,DYDXL1.27NS4,1
nonroad,2017,HVPXL16.1BDA,GVPXL16.1BDA,CVPXL16.1BDA,5
nonroad,2017,HKBXL.416KCC,GKBXL.416KCC,GKBXL.416KCC,1
nonroad,2017,HKBXL.778KCB,DKBXL.778KCB,DKBXL.778KCB,1
nonroad,2017,HMDDL21.0ZWR,AMDDL21.0GWR,HMDDL21.0ZWR,0
nonroad,2017,HKMCL3.41D43,CKMCL3.41D43,CKMCL3.41D43,1
nonroad,2017,HMMLL02.7M40,DMMLL02.7M40,DMMLL02.7M40,1
nonroad,2016,GMBXL07.7RJA,GMBXL07.7RJA,GMBXL07.7RJA,0
nonroad,2017,HDCLL01.8F7D,FDCLL01.8F7D,FDCLL01.8F7D,1
nonroad,2018,JYDXL0.99NWA,DYDXL0.99NWA,DYDXL0.99NWA,1
nonroad,2017,HKMCL1.17A33,DKMCL1.17A33,DKMCL1.17A33,1
nonroad,2016,GCPXL58.6HXF,FCPXL58.6HXF,FCPXL58.6HXF,1
nonroad,2016,GFTGL02.2R3C,GFTGL02.2R3C,GFTGL02.2R3C,0
nonroad,2017,HMDDL40.1GNR,GMDDL40.1GNR,FMDDL40.1GNR,2
nonroad,2017,HMDDL35.8GRR,7MDDL35.8GRR,HMDDL35.8GRR,0
nonroad,2017,HICLL1.12B3X,GICLL1.12B3X,DICLL1.12B3X,4
nonroad,2017,HVWXL02.0CPY,DVWXL02.0CPY,DVWXL02.0CPY,1
nonroad,2017,HFPXL12.9IGR,HFPXL12.9IGR,HFPXL12.9IGR,0
nonroad,2016,GJDXL04.5304,EJDXL04.5304,EJDXL04.5304,1
nonroad,2016,GCPXL09.3HTF,FCPXL09.3HTF,ECPXL09.3HTF,2
nonroad,2016,GCPXL18.1HXF,FCPXL18.1HXF,CCPXL18.1HXA,4
nonroad,2016,GJDXL04.5311,,GJDXL04.5311,0
nonroad,2016,GCPXL18.1HTF,FCPXL18.1HTF,ECPXL18.1HTF,2
nonroad,2017,HKHXL1.86DIM,GKHXL1.86DIM,EKHXL1.86DIM,3
nonroad,2017,HMVXL02.5DAA,8MVXL02.5GGG,HMVXL02.5DAA,0
nonroad,2017,HDZXL07.1028,GDZXL07.1028,CDZXL07.1028,5
nonroad,2016,GH3XL2.22TF4,FH3XL2.22TF4,DH3XL2.22TF4,3
nonroad,2017,HJCBL04.8S12,,HJCBL04.8S12,0
nonroad,2017,HCPXL12.5NYS,GCPXL12.5NYS,ECPXL12.5NYS,3
nonroad,2017,HDZXL03.6063,GDZXL03.6063,FDZXL03.6063,2
nonroad,2017,HJDXL02.9303,EJDXL02.9303,EJDXL02.9303,1
nonroad,2017,HDZXL07.1032,GDZXL07.1032,CDZXL07.1032,5
nonroad,2017,HHZXL1.95C50,GHZXL1.95C50,FHZXL1.95C50,2
nonroad,2017,HCEXL08.9AAL,FCEXL08.9AAL,FCEXL08.9AAL,1
nonroad,2018,JMVXL03.3CBA,GMVXL03.3CBA,GMVXL03.3CBA,1
nonroad,2017,HCEXL0661AAH,ECEXL0661AAH,ECEXL0661AAH,1
nonroad,2017,HKBXL02.4EKC,EKBXL02.4EKC,EKBXL02.4EKC,1
nonroad,2017,HKBXL02.4END,DKBXL02.4END,DKBXL02.4END,1
nonroad,2017,HKBXL02.6END,DKBXL02.6END,DKBXL02.6END,1
nonroad,2017,HMDDL21.0XWM,FMDDL21.0XWM,FMDDL21.0XWM,1
nonroad,2017,HDZXL04.1056,GDZXL04.1056,GDZXL04.1056,1
nonroad,2017,HCPXL78.1NSF,GCPXL78.1NSF,FCPXL78.1NSF,2
nonroad,2018,JFPXL12.9IGR,,JFPXL12.9IGR,0
nonroad,2017,HYDXL3.32NDA,,HYDXL3.32NDA,0
nonroad,2017,HPKXL07.0PW1,GPKXL07.0PW1,EPKXL07.0PW1,3
nonroad,2017,HJDXL09.0308,GJDXL09.0308,GJDXL09.0308,1
nonroad,2017,HDICL07.6LEA,GDICL07.6LEA,GDICL07.6LEA,1
nonroad,2017,HYDXL3.32NGA,,HYDXL3.32NGA,0
nonroad,2018,JCPXL27.0NZS,HCPXL27.0NZS,CCPXL27.0NZS,6
nonroad,2018,JJDXL13.5146,EJDXL13.5146,EJDXL13.5146,1
nonroad,2018,JPKXL07.0PW1,HPKXL07.0PW1,EPKXL07.0PW1,4
nonroad,2017,HKBXL03.8CMD,GKBXL03.8CMD,GKBXL03.8CMD,1
nonroad,2018,JPKXL04.4MK1,HPKXL04.4MK1,FPKXL04.4MK1,3
nonroad,2018,JPKXL04.4ML1,HPKXL04.4ML1,FPKXL04.4ML1,3
nonroad,2018,JNFXL03.0DD3,HNFXL03.0DD3,GNFXL03.0DD3,2
nonroad,2018,JYDXL0.99NS1,DYDXL0.99NS1,DYDXL0.99NS1,1
nonroad,2019,KYDXL1.27NWB,HYDXL1.27NWB,HYDXL1.27NWB,1
nonroad,2017,HDZXL07.8051,,HDZXL07.8051,0
nonroad,2018,JKHXL1.37SF1,GKHXL1.37SF1,DKHXL1.37SF1,4
nonroad,2017,HKBXL.898KCB,DKBXL.898KCB,DKBXL.898KCB,1
nonroad,2017,HKBXL03.8AAC,GKBXL03.8AAC,GKBXL03.8AAC,1
nonroad,2018,JYDXL1.64S3A,CYDXL1.64J3N,CYDXL1.64J3N,1
nonroad,2017,HKLXL23.2FDC,,HKLXL23.2FDC,0
nonroad,2017,HJCBL04.4TA5,,HJCBL04.4TA5,0
nonroad,2018,JKBXL.719KCC,DKBXL.719KCC,DKBXL.719KCC,1
nonroad,2018,JKBXL03.3BCC,CKBXL03.3BCC,CKBXL03.3BCC,1
nonroad,2018,JKBXL02.4GND,DKBXL02.4GND,DKBXL02.4GND,1
nonroad,2017,HKLXL08.9AAM,,HKLXL08.9AAM,0
nonroad,2017,HMDDL14.0ZWK,AMDDL14.0GWK,HMDDL14.0ZWK,0
nonroad,2017,HFPXL06.7CLA,HFPXL06.7CLA,HFPXL06.7CLA,0
nonroad,2018,JH3XL2.22TD7,HH3XL2.22TD7,GH3XL2.22TD7,2
nonroad,2018,JDZXL05.7052,HDZXL05.7052,FDZXL05.7052,3
nonroad,2018,JMMLL02.7C33,EMMLL02.7C33,EMMLL02.7C33,1
nonroad,2018,JMMLL02.7C38,EMMLL02.7C38,EMMLL02.7C38,1
nonroad,2018,JMMLL02.7C45,GMMLL02.7C45,GMMLL02.7C45,1
nonroad,2018,JH3XL2.22TCC,HH3XL2.22TCC,CH3XL2.22TCC,6
nonroad,2018,JH3XL2.22TIC,HH3XL2.22TIC,CH3XL2.22TIC,6
nonroad,2018,JH3XL2.22TF3,FH3XL2.22TF3,DH3XL2.22TF3,3
nonroad,2018,JH3XL.761F2V,HH3XL.761F2V,HH3XL.761F2V,1
nonroad,2018,JH3XL1.13F2V,FH3XL1.13F2V,DH3XL1.13F2V,3
nonroad,2018,JH3XL1.49FTV,FH3XL1.49FTV,FH3XL1.49FTV,1
nonroad,2018,JHZXL.997M40,HHZXL.997M40,DHZXL.997V41,5
nonroad,2017,HCPXL27.0HXF,GCPXL27.0HXF,CCPXL27.0HXA,5
nonroad,2018,JHZXL.347C31,,JHZXL.347C31,0
nonroad,2017,HH3XL.761E3V,GH3XL.761E3V,CH3XL.761E3V,5
nonroad,2017,HH3XL1.13MSL,GH3XL1.13MSL,CH3XL1.13MSL,5
nonroad,2017,HH3XL1.13SLC,GH3XL1.13SLC,CH3XL1.13SLC,5
nonroad,2017,HH3XL2.22N4T,GH3XL2.22N4T,CH3XL2.22N4T,5
nonroad,2017,HH3XL2.224LC,GH3XL2.224LC,CH3XL2.224LC,5
nonroad,2018,JMDDL21.0XWM,FMDDL21.0XWM,FMDDL21.0XWM,1
nonroad,2018,JSIDL07.4G6B,,JSIDL07.4G6B,0
nonroad,2019,KMMLL02.6C59,,KMMLL02.6C59,0
nonroad,2018,JVSXL12.8T4F,,JVSXL12.8T4F,0
nonroad,2018,JKLXL11.0DDC,,JKLXL11.0DDC,0
nonroad,2018,JH3XL1.13LCS,HH3XL1.13LCS,CH3XL1.13LCS,6
nonroad,2019,KHZXL.722M91,JHZXL.722M91,HHZXL.722M91,2
nonroad,2019,KHZXL.997M40,JHZXL.997M40,DHZXL.997V41,6
nonroad,2019,KKBXL02.6E3D,,KKBXL02.6E3D,0
nonroad,2018,JH3XL1.13J2V,,JH3XL1.13J2V,0
nonroad,2018,JCPXL58.6HXG,,JCPXL58.6HXG,0
nonroad,2018,JDICL03.4LEC,HDICL03.4LEC,HDICL03.4LEC,1
nonroad,2018,JJCBL04.4S09,HJCBL04.4S09,GJCBL04.4S09,2
nonroad,2018,JDZXL04.1056,,JDZXL04.1056,0
nonroad,2018,JDZXL06.1050,,JDZXL06.1050,0
nonroad,2018,JJCBL04.8S12,HJCBL04.8S12,HJCBL04.8S12,1
nonroad,2019,KSZXL02.2PXC,DSZXL02.2PXA,DSZXL02.2PXA,1
nonroad,2018,JDZXL07.8047,,JDZXL07.8047,0
nonroad,2018,JCPXL15.2NYS,HCPXL15.2NYS,CCPXL15.2NYS,6
nonroad,2019,KH3XL2.22TIC,JH3XL2.22TIC,CH3XL2.22TIC,7
nonroad,2019,KH3XL1.49N3C,JH3XL1.49N3C,CH3XL1.49N3C,7
nonroad,2019,KSIDL16.8H6C,JSIDL16.8H6C,JSIDL16.8H6C,1
nonroad,2019,KPKXL04.4NM2,JPKXL04.4NM2,FPKXL04.4NM2,4
nonroad,2019,KSIDL04.9G6C,JSIDL04.9G6C,HSIDL04.9G6C,2
nonroad,2019,KJDXL04.5119,CJDXL04.5119,CJDXL04.5119,1
nonroad,2019,KJDXL06.8120,CJDXL06.8120,CJDXL06.8120,1
nonroad,2019,KPKXL04.4NR2,JPKXL04.4NR2,FPKXL04.4NR2,4
nonroad,2019,KCPXL15.2NYS,JCPXL15.2NYS,CCPXL15.2NYS,7
nonroad,2019,KJDXL02.9303,EJDXL02.9303,EJDXL02.9303,1
nonroad,2018,JPKXL04.4MT1,HPKXL04.4MT1,FPKXL04.4MT1,3
nonroad,2019,KJDXL06.8204,CJDXL06.8204,CJDXL06.8204,1
nonroad,2019,KMVXL02.5LLL,7MVXL02.5EEE,KMVXL02.5LLL,0
nonroad,2019,KMVXL02.2EBA,HMVXL02.2EBA,HMVXL02.2EBA,1
nonroad,2019,KFPXL03.4ADC,,KFPXL03.4ADC,0
nonroad,2019,KH3XL1.66JTV,JH3XL1.66JTV,JH3XL1.66JTV,1
nonroad,2018,JFPXL03.4BPD,HFPXL03.4BPD,EFPXL03.4BPD,4
nonroad,2019,KFPXL03.4CDD,JFPXL03.4CDD,HFPXL03.4CDD,2
nonroad,2018,JYDXL1.64NDA,HYDXL1.64NDA,HYDXL1.64NDA,1
nonroad,2018,JDICL02.4LEB,HDICL02.4LEB,FDICL02.4LEB,3
nonroad,2018,JCPXL78.1NSF,HCPXL78.1NSF,FCPXL78.1NSF,3
nonroad,2019,KDCLL01.8F7D,FDCLL01.8F7D,FDCLL01.8F7D,1
nonroad,2019,KDCLL02.4F7T,,KDCLL02.4F7T,0
nonroad,2018,JYDXL3.32NGA,HYDXL3.32NGA,HYDXL3.32NGA,1
nonroad,2019,KDZXL07.8051,JDZXL07.8051,JDZXL07.8051,1
nonroad,2019,KMBXL10.6RJA,,KMBXL10.6RJA,0
nonroad,2019,KDZXL03.6055,JDZXL03.6055,JDZXL03.6055,1
nonroad,2019,KKMCL3.41D43,CKMCL3.41D43,CKMCL3.41D43,1
nonroad,2018,JYDXL3.32TDB,HYDXL3.32TDB,HYDXL3.32TDB,1
nonroad,2019,KDZXL07.1030,HDZXL07.1030,CDZXL07.1030,6
nonroad,2012,CFPXL03.2TAI,BVEXL03.2TAI,CFPXL03.2TAI,0
nonroad,2012,CFPXL03.2TCI,BVEXL03.2TCI,CFPXL03.2TCI,0
nonroad,2019,KKBXL01.8EKD,DKBXL01.8EKD,DKBXL01.8EKD,1
nonroad,2019,KKBXL01.8EMD,FKBXL01.8EMD,FKBXL01.8EMD,1
nonroad,2019,KMMLL03.5N92,HMMLL03.5N92,HMMLL03.5N92,1
nonroad,2019,KMMLL03.5H20,HMMLL03.5H20,HMMLL03.5H20,1
nonroad,2019,KYDXL2.09HDA,DYDXL2.09HDA,DYDXL2.09HDA,1
nonroad,2018,JMVXL37.1BBA,7MVXL37.1BBA,JMVXL37.1BBA,0
nonroad,2018,JMVXL65.4BBA,9MVXL65.4BBA,JMVXL65.4BBA,0
nonroad,2019,KYDXL1.64NMA,DYDXL1.64NMA,DYDXL1.64NMA,1
nonroad,2019,KKBXL03.8C1D,,KKBXL03.8C1D,0
nonroad,2019,KMVXL49.0BBA,7MVXL49.0BBA,KMVXL49.0BBA,0
nonroad,2018,JCPXL32.0HXF,HCPXL32.0HXF,CCPXL32.0HXA,6
nonroad,2015,FSZXL02.2PXA,DSZXL02.2PXA,DSZXL02.2PXA,1
nonroad,2017,HSZXL02.2PXC,DSZXL02.2PXA,DSZXL02.2PXA,1
nonroad,2015,FSZXL03.0PTA,DSZXL03.0PTA,DSZXL03.0PTA,1
nonroad,2016,GSZXL03.0PTA,DSZXL03.0PTA,DSZXL03.0PTA,1
nonroad,2019,KFGXL3.85ED0,JFGXL3.85ED0,JFGXL3.85ED0,1
nonroad,2020,LMVXL01.0EDB,GMVXL01.0EDB,GMVXL01.0EDB,1
nonroad,2019,KJDXL04.5316,JJDXL04.5316,JJDXL04.5316,1
nonroad,2019,KFPXL06.7CLA,,KFPXL06.7CLA,0
nonroad,2019,KFPXL06.7SDB,JFPXL06.7SDB,JFPXL06.7SDB,1
nonroad,2020,LYDXL1.27NS2,DYDXL1.27NS2,DYDXL1.27NS2,1
nonroad,2020,LYDXL1.12NPA,JYDXL1.12NPA,JYDXL1.12NPA,1
nonroad,2020,LJDXL06.8120,CJDXL06.8120,CJDXL06.8120,1
nonroad,2020,LJDXL04.5141,CJDXL04.5141,CJDXL04.5141,1
nonroad,2019,KFPXL03.4FSD,JFPXL03.4FSD,HFPXL03.4FSD,2
nonroad,2019,KVPXL16.1CJA,,KVPXL16.1CJA,0
nonroad,2019,KVPXL16.1ACG,,KVPXL16.1ACG,0
nonroad,2019,KVPXL16.1ACW,,KVPXL16.1ACW,0
nonroad,2020,LFPXL06.7DGS,JFPXL06.7DGS,JFPXL06.7DGS,1
nonroad,2020,LFPXL08.7TR3,JFPXL08.7TR3,HFPXL08.7TR3,2
nonroad,2020,LFPXL03.4CSD,JFPXL03.4CSD,JFPXL03.4CSD,1
nonroad,2020,LJDXL06.8312,GJDXL06.8312,GJDXL06.8312,1
nonroad,2020,LJDXL04.5304,EJDXL04.5304,EJDXL04.5304,1
nonroad,2020,LCPXL12.5NYS,KCPXL12.5NYS,ECPXL12.5NYS,6
nonroad,2020,LCPXL15.2NZS,KCPXL15.2NZS,CCPXL15.2NZS,8
nonroad,2020,LJDXL09.0301,EJDXL09.0301,EJDXL09.0301,1
nonroad,2020,LKBXL02.4GND,DKBXL02.4GND,DKBXL02.4GND,1
nonroad,2020,LCPXL58.6HXS,,LCPXL58.6HXS,0
nonroad,2019,KDZXL04.1054,,KDZXL04.1054,0
nonroad,2020,LKBXL03.8CMD,GKBXL03.8CMD,GKBXL03.8CMD,1
nonroad,2020,LYDXL1.11S3N,CYDXL1.11U3N,CYDXL1.11U3N,1
nonroad,2019,KPKXL07.0PW1,JPKXL07.0PW1,EPKXL07.0PW1,5
nonroad,2020,LKMCL3.41D43,CKMCL3.41D43,CKMCL3.41D43,1
nonroad,2019,KH3XL2.22TD3,,KH3XL2.22TD3,0
nonroad,2019,KH3XL1.13F2V,JH3XL1.13F2V,DH3XL1.13F2V,4
nonroad,2020,LLGCL02.5L4A,HLGCL02.5L4A,HLGCL02.5L4A,1
nonroad,2019,KPKXL07.0BN1,JPKXL07.0BN1,EPKXL07.0BN1,5
nonroad,2019,KPKXL04.4MU1,JPKXL04.4MU1,FPKXL04.4MU1,4
nonroad,2020,LYDXL3.32TGA,HYDXL3.32TGA,HYDXL3.32TGA,1
nonroad,2020,LJCBL04.4TA5,,LJCBL04.4TA5,0
nonroad,2020,LHZXL1.95C50,GHZXL1.95C50,FHZXL1.95C50,2
nonroad,2020,LH3XL1.49F2C,KH3XL1.49F2C,DH3XL1.49F2C,5
nonroad,2019,KDZXL02.9021,,KDZXL02.9021,0
nonroad,2019,KDZXL02.2110,,KDZXL02.2110,0
nonroad,2020,LHZXL1.46M52,,LHZXL1.46M52,0
nonroad,2020,LLHAL12.0SQC,ELHAL12.0SQC,ELHAL12.0SQC,1
nonroad,2020,LDZXL04.8029,KDZXL04.8029,CDZXL04.8029,7
nonroad,2020,LDZXL06.1048,JDZXL06.1048,FDZXL06.1048,4
nonroad,2020,LDZXL06.1061,JDZXL06.1061,FDZXL06.1061,4
nonroad,2019,KH3XL2.22NFV,JH3XL2.22NFV,GH3XL2.22NFV,2
nonroad,2019,KCPXL12.5HTF,JCPXL12.5HTF,ECPXL12.5HTF,5
nonroad,2020,LKHXL3.36TCG,,LKHXL3.36TCG,0
nonroad,2020,LJDXL04.5317,,LJDXL04.5317,0
nonroad,2019,KKLXL04.5AAI,GKLXL04.5AAI,GKLXL04.5AAI,1
nonroad,2019,KFPXL03.4BSD,JFPXL03.4BSD,HFPXL03.4BSD,2
nonroad,2021,MKLXL02.4KDC,,MKLXL02.4KDC,0
nonroad,2020,LPKXL.507F1V,,LPKXL.507F1V,0
nonroad,2020,LPKXL1.13J2V,,LPKXL1.13J2V,0
nonroad,2020,LMNBL09.0OR4,KMNBL09.0OR4,KMNBL09.0OR4,1
nonroad,2020,LPKXL1.66JTV,,LPKXL1.66JTV,0
nonroad,2020,LKLXL03.3JDB,DKLXL03.3JDB,DKLXL03.3JDB,1
nonroad,2020,LPKXL1.13F2V,,LPKXL1.13F2V,0
nonroad,2020,LCEXL0540AAB,FCEXL0540AAB,CCEXL0540AAB,2
nonroad,2020,LPKXL1.13SLV,,LPKXL1.13SLV,0
nonroad,2020,LPKXL2.00N84,,LPKXL2.00N84,0
nonroad,2020,LDCLL01.0D75,DDCLL01.0D75,BDCLL01.0D75,2
nonroad,2020,LFGXL3.85ED0,JFGXL3.85ED0,JFGXL3.85ED0,1
nonroad,2020,LMVXL02.2EBA,HMVXL02.2EBA,HMVXL02.2EBA,1
nonroad,2015,FSZXL15.7QXA,ESZXL15.7QXA,ESZXL15.7QXA,1
nonroad,2020,LPKXL04.4NP1,KPKXL04.4NP1,FPKXL04.4NP1,5
nonroad,2020,LPKXL2.22TDI,,LPKXL2.22TDI,0
nonroad,2021,MHZXL.347C32,,MHZXL.347C32,0
nonroad,2020,LSIDL06.6G6D,,LSIDL06.6G6D,0
nonroad,2020,LSIDL07.4I7C,,LSIDL07.4I7C,0
nonroad,2021,MCEXL0275AAK,ECEXL0275AAK,CCEXL0275AAK,3
nonroad,2021,MKLXL04.5AAI,GKLXL04.5AAI,GKLXL04.5AAI,1
nonroad,2020,LYDXL2.19NFB,,LYDXL2.19NFB,0
nonroad,2020,LJCBL04.4S09,HJCBL04.4S09,GJCBL04.4S09,2
nonroad,2020,LCPXL106.NVF,KCPXL106.NVF,HCPXL106.NVF,3
nonroad,2019,KCEXL08.9AAK,ECEXL08.9AAK,ECEXL08.9AAK,1
nonroad,2020,LWEHL52.3EMS,,LWEHL52.3EMS,0
nonroad,2021,MPKXL01.1SLV,LPKXL1.13SLV,LPKXL1.13SLV,1
nonroad,2021,MYDXL.993NS1,DYDXL0.99NS1,DYDXL0.99NS1,1
nonroad,2021,MYDXL.993NSA,DYDXL0.99NS1,DYDXL0.99NS1,1
nonroad,2021,MMMLL02.7C49,DMMLL02.7C49,DMMLL02.7C49,1
nonroad,2020,LYDXL2.09TDA,HYDXL2.09TDA,HYDXL2.09TDA,1
nonroad,2020,LKBXL03.8AMD,HKBXL03.8AMD,HKBXL03.8AMD,1
nonroad,2021,MPKXL01.1J2V,LPKXL1.13J2V,LPKXL1.13J2V,1
nonroad,2021,MKHXL03.4EST,LKHXL3.36EST,LKHXL3.36EST,1
nonroad,2021,MPKXL01.1F2C,LPKXL1.13F2C,LPKXL1.13F2C,1
nonroad,2020,LJDXL09.0308,GJDXL09.0308,GJDXL09.0308,1
nonroad,2016,GYDXL1.64NKA,DYDXL1.64NKA,DYDXL1.64NKA,1
nonroad,2021,MKBXL.778KCB,DKBXL.778KCB,DKBXL.778KCB,1
nonroad,2021,MKBXL01.0BCB,DKBXL01.0BCB,DKBXL01.0BCB,1
nonroad,2021,MKBXL01.3DCB,DKBXL01.3DCB,DKBXL01.3DCB,1
nonroad,2021,MYDXL01.6S3A,CYDXL1.64J3N,CYDXL1.64J3N,1
nonroad,2021,MYDXL01.6S3N,CYDXL1.64M3N,CYDXL1.64M3N,1
nonroad,2021,MDZXL07.1030,LDZXL07.1030,CDZXL07.1030,8
nonroad,2021,MY9XL16.4DBA,LY9XL16.4DBA,JY9XL16.4DBA,2
nonroad,2020,LDZXL05.7052,,LDZXL05.7052,0
nonroad,2020,LDZXL05.7053,,LDZXL05.7053,0
nonroad,2021,MKBXL01.8EMD,FKBXL01.8EMD,FKBXL01.8EMD,1
nonroad,2021,MKBXL02.4END,DKBXL02.4END,DKBXL02.4END,1
nonroad,2021,MKBXL02.4EMD,FKBXL02.4EMD,FKBXL02.4EMD,1
nonroad,2021,MKBXL02.6EMD,FKBXL02.6EMD,FKBXL02.6EMD,1
nonroad,2021,MKBXL02.6END,DKBXL02.6END,DKBXL02.6END,1
nonroad,2021,MKBXL03.3E2D,KKBXL03.3E2D,KKBXL03.3E2D,1
nonroad,2020,LPKXL04.4SU1,,LPKXL04.4SU1,0
nonroad,2021,MFPXL03.4CDC,HFPXL03.4CDC,DFPXL03.4CDC,5
nonroad,2021,MDCLL01.0D75,DDCLL01.0D75,BDCLL01.0D75,2
nonroad,2022,NYDXL02.1NFB,MYDXL2.09NFB,MYDXL2.09NFB,1
nonroad,2020,LCPXL12.5HTF,KCPXL12.5HTF,ECPXL12.5HTF,6
nonroad,2020,LCPXL09.3NTF,KCPXL09.3NTF,KCPXL09.3NTF,1
nonroad,2021,MFPXL03.6EH1,,MFPXL03.6EH1,0
nonroad,2021,MMDDL21.0ZWR,AMDDL21.0GWR,MMDDL21.0ZWR,0
nonroad,2020,LCPXL18.1HTH,KCPXL18.1HTH,GCPXL18.1HTH,4
nonroad,2020,LCPXL106.NZS,KCPXL106.NZS,CCPXL106.NZS,8
nonroad,2021,MSIDL07.4G6B,,MSIDL07.4G6B,0
nonroad,2021,MSIDL03.3G7B,,MSIDL03.3G7B,0
nonroad,2021,MTIEL03.01KD,LTIEL03.01KD,ETIEL03.01KD,7
nonroad,2021,MJDXL04.5317,,MJDXL04.5317,0
nonroad,2021,MKBXL02.6G3D,KKBXL02.6G3D,KKBXL02.6G3D,1
nonroad,2021,MFPXL12.9TDS,HFPXL12.9TDS,HFPXL12.9TDS,1
nonroad,2021,MDZXL04.1054,,MDZXL04.1054,0
nonroad,2021,MDZXL02.2115,,MDZXL02.2115,0
nonroad,2022,NMVXL01.8EBA,GMVXL01.3EBA,GMVXL01.3EBA,1
nonroad,2022,NFPXL10.3TR3,JFPXL10.3TR3,JFPXL10.3TR3,1
nonroad,2022,NFPXL12.9IGR,JFPXL12.9IGR,JFPXL12.9IGR,1
nonroad,2022,NCPXL15.2NZS,MCPXL15.2NZS,CCPXL15.2NZS,10
nonroad,2021,MCPXL84.7NSF,LCPXL84.7NSF,FCPXL84.7NSF,6
nonroad,2021,MCPXL78.1NVF,LCPXL78.1NVF,GCPXL78.1NVF,5
nonroad,2021,MKBXL02.432D,LKBXL02.432D,LKBXL02.432D,1
nonroad,2021,MKBXL02.4E1C,LKBXL02.4E1C,LKBXL02.4E1C,1
nonroad,2021,MCPXL08.8NZS,LCPXL08.8NZS,CCPXL08.8NZS,9
nonroad,2021,MFPXL03.4CSD,JFPXL03.4CSD,JFPXL03.4CSD,1
nonroad,2021,MFPXL03.4DEK,LFPXL03.4DEK,LFPXL03.4DEK,1
nonroad,2021,MHZXL1.95C50,,MHZXL1.95C50,0
nonroad,2022,NJDXL02.9121,DJDXL02.9121,DJDXL02.9121,1
nonroad,2022,NJDXL04.5119,CJDXL04.5119,CJDXL04.5119,1
nonroad,2021,MFPXL03.4BSD,JFPXL03.4BSD,HFPXL03.4BSD,2
nonroad,2022,NHZXL1.95C50,GHZXL1.95C50,FHZXL1.95C50,2
nonroad,2021,MPKXL02.2IR1,LPKXL2.22IR1,LPKXL2.22IR1,1
nonroad,2021,MVPXL16.1CDD,,MVPXL16.1CDD,0
nonroad,2022,NKHXL02.5TCR,MKHXL02.5TCR,MKHXL02.5TCR,1
nonroad,2022,NJDXL13.5334,MJDXL13.5334,MJDXL13.5334,1
nonroad,2022,NKHXL02.5ESM,,NKHXL02.5ESM,0
nonroad,2022,NYDXL.993NSB,DYDXL0.99NS1,DYDXL0.99NS1,1
nonroad,2022,NCEXL02.8AAD,LCEXL02.8AAD,LCEXL02.8AAD,1
nonroad,2015,FCEXL030.AAD,CCEXL030.AAD,CCEXL030.AAD,1
nonroad,2021,MMDDL95.4GTZ,,MMDDL95.4GTZ,0
nonroad,2022,NPKXL04.4NR2,MPKXL04.4NR2,FPKXL04.4NR2,7
nonroad,2022,NPKXL04.4NM2,MPKXL04.4NM2,FPKXL04.4NM2,7
nonroad,2022,NKBXL02.4E2D,KKBXL02.4E2D,KKBXL02.4E2D,1
nonroad,2022,NKBXL02.4E3D,KKBXL02.4E3D,KKBXL02.4E3D,1
nonroad,2022,NKBXL02.4E1D,KKBXL02.4E1D,KKBXL02.4E1D,1
nonroad,2022,NYDXL03.3NDA,HYDXL3.32NDA,HYDXL3.32NDA,1
nonroad,2022,NYDXL03.3NDB,HYDXL3.32NDB,HYDXL3.32NDB,1
nonroad,2021,MMDDL76.3XTM,FMDDL95.4XTM,FMDDL95.4XTM,1
nonroad,2021,MCPXL106.NZS,LCPXL106.NZS,CCPXL106.NZS,9
nonroad,2022,NPKXL01.1J2V,MPKXL01.1J2V,LPKXL1.13J2V,2
nonroad,2022,NPKXL01.7JTV,MPKXL01.7JTV,LPKXL1.66JTV,2
nonroad,2022,NKBXL03.8CKD,DKBXL03.8CKD,DKBXL03.8CKD,1
nonroad,2022,NKBXL03.8CMD,GKBXL03.8CMD,GKBXL03.8CMD,1
nonroad,2021,MKMCL2.29A41,FKMCL2.29A41,FKMCL2.29A41,1
nonroad,2022,NKMCL1.17A33,DKMCL1.17A33,DKMCL1.17A33,1
nonroad,2022,NJDXL13.5314,GJDXL13.5314,GJDXL13.5314,1
nonroad,2021,MDZXL04.1056,,MDZXL04.1056,0
nonroad,2021,MDZXL02.9016,,MDZXL02.9016,0
nonroad,2021,MVSXL16.1T4F,,MVSXL16.1T4F,0
nonroad,2022,NMMLL02.7C38,EMMLL02.7C38,EMMLL02.7C38,1
nonroad,2022,NMMLL02.7M40,DMMLL02.7M40,DMMLL02.7M40,1
nonroad,2022,NDZXL07.8047,MDZXL07.8047,MDZXL07.8047,1
nonroad,2022,NYDXL01.1NPB,,NYDXL01.1NPB,0
nonroad,2022,NMVXL49.0BBA,7MVXL49.0BBA,NMVXL49.0BBA,0
nonroad,2021,MICLL1.83F3X,,MICLL1.83F3X,0
nonroad,2021,MKLXL11.0DDC,EKLXL11.0DDC,EKLXL11.0DDC,1
nonroad,2022,NYDXL02.1NFC,,NYDXL02.1NFC,0
nonroad,2021,MVPXL07.7CJA,,MVPXL07.7CJA,0
nonroad,2022,NDZXL03.6121,MDZXL03.6121,MDZXL03.6121,1
nonroad,2022,NSIDL06.6I7C,MSIDL06.6I7C,MSIDL06.6I7C,1
nonroad,2021,MCPXL15.2HTF,LCPXL15.2HTF,ECPXL15.2HTF,7
nonroad,2021,MCPXL18.1HTH,LCPXL18.1HTH,GCPXL18.1HTH,5
nonroad,2022,NDTAL04.8RJC,FMBXL04.8RJC,FMBXL04.8RJC,1
nonroad,2022,NICLL01.5C3X,GICLL1.50C3X,DICLL1.50C3X,4
nonroad,2022,NYDXL02.1HKA,,NYDXL02.1HKA,0
nonroad,2022,NCEXL023.AAB,CCEXL023.AAB,CCEXL023.AAB,1
nonroad,2022,NKOEL1.64NAX,,NKOEL1.64NAX,0
nonroad,2022,NAELL3.46ECR,LAELL3.46ECR,LAELL3.46ECR,1
nonroad,2022,NCPXL32.0HXG,MCPXL32.0HXG,FCPXL32.0HXG,7
nonroad,2022,NKBXL01.5A1D,LKBXL01.5A1D,LKBXL01.5A1D,1
nonroad,2022,NCPXL18.1NZS,MCPXL18.1NZS,CCPXL18.1NZS,10
nonroad,2022,NFGXL3.85ED0,JFGXL3.85ED0,JFGXL3.85ED0,1
nonroad,2022,NVPXL12.8BCA,MVPXL12.8BCA,KVPXL12.8BCA,3
nonroad,2022,NDZXL06.1061,,NDZXL06.1061,0
nonroad,2022,NFGXL3.85E0V,JFGXL3.85E0V,JFGXL3.85E0V,1
nonroad,2022,NCPXL27.0NZS,MCPXL27.0NZS,CCPXL27.0NZS,10
nonroad,2022,NJCBL04.8S12,HJCBL04.8S12,HJCBL04.8S12,1
nonroad,2022,NLHAL18.0ESP,,NLHAL18.0ESP,0
nonroad,2020,LSZXL03.0RXA,FSZXL03.0RXA,FSZXL03.0RXA,1
nonroad,2017,HSZXL03.0RXB,FSZXL03.0RXB,FSZXL03.0RXB,1
nonroad,2019,KSZXL05.2QXA,ESZXL05.2QXA,ESZXL05.2QXA,1
nonroad,2017,HSZXL05.2RXA,FSZXL05.2RXA,FSZXL05.2RXA,1
nonroad,2019,KSZXL05.2RXA,FSZXL05.2RXA,FSZXL05.2RXA,1
nonroad,2020,LSZXL05.2RXA,FSZXL05.2RXA,FSZXL05.2RXA,1
nonroad,2019,KSZXL05.2RXB,FSZXL05.2RXB,FSZXL05.2RXB,1
nonroad,2021,MSZXL05.2RXB,FSZXL05.2RXB,FSZXL05.2RXB,1
nonroad,2022,NYDXL01.3NPA,DYDXL1.27NPA,DYDXL1.27NPA,1
nonroad,2022,NYDXL01.6NGA,EYDXL1.64NGA,EYDXL1.64NGA,1
nonroad,2022,NYDXL02.2NDA,DYDXL2.19NDA,DYDXL2.19NDA,1
nonroad,2022,NMNBL15.3OR4,,NMNBL15.3OR4,0
nonroad,2014,ESZXL07.8QXA,,ESZXL07.8QXA,0
nonroad,2022,NSZXL07.8QXB,KSZXL07.8QXB,KSZXL07.8QXB,1
nonroad,2021,MSZXL07.8QXA,ESZXL07.8QXA,ESZXL07.8QXA,1
nonroad,2019,KSZXL07.8QXA,ESZXL07.8QXA,ESZXL07.8QXA,1
nonroad,2017,HSZXL07.8QXA,ESZXL07.8QXA,ESZXL07.8QXA,1
nonroad,2021,MSZXL09.8QXA,ESZXL09.8QXA,ESZXL09.8QXA,1
nonroad,2023,PDZXL04.8029,NDZXL04.8029,CDZXL04.8029,10
nonroad,2023,PDZXL07.1031,NDZXL07.1031,CDZXL07.1031,10
nonroad,2023,PCPXL15.2NYS,NCPXL15.2NYS,CCPXL15.2NYS,11
nonroad,2023,PDZXL03.6060,NDZXL03.6060,MDZXL03.6060,2
nonroad,2023,PJDXL04.5214,DJDXL04.5214,DJDXL04.5214,1
nonroad,2023,PJDXL13.5132,CJDXL13.5132,CJDXL13.5132,1
nonroad,2018,JSZXL15.7QXB,FSZXL15.7QXB,FSZXL15.7QXB,1
nonroad,2019,KSZXL15.7QXB,FSZXL15.7QXB,FSZXL15.7QXB,1
nonroad,2022,NKBXL06.1AMD,FKBXL06.1AMD,FKBXL06.1AMD,1
nonroad,2023,PDZXL06.1048,NDZXL06.1048,MDZXL06.1048,2
nonroad,2022,NKLXL11.0DDD,MKLXL11.0DDD,MKLXL11.0DDD,1
nonroad,2022,NDZXL03.6055,,NDZXL03.6055,0
nonroad,2022,NKLXL06.7AAP,HKLXL06.7AAP,HKLXL06.7AAP,1
nonroad,2023,PSZXL05.2RXB,FSZXL05.2RXB,FSZXL05.2RXB,1
nonroad,2022,NICLL02.4F4I,,NICLL02.4F4I,0
nonroad,2022,NICLL02.4F4X,,NICLL02.4F4X,0
nonroad,2023,PSZXL07.8QXA,ESZXL07.8QXA,ESZXL07.8QXA,1
nonroad,2022,NKLXL78.0AAI,KKLXL78.0AAI,KKLXL78.0AAI,1
nonroad,2022,NDZXL02.9118,,NDZXL02.9118,0
nonroad,2022,NCPXL58.6HXZ,MCPXL58.6HXZ,LCPXL58.6HXZ,2
nonroad,2019,KKHXL3.36TDS,,KKHXL3.36TDS,0
nonroad,2023,PJDXL02.9339,NJDXL02.9339,NJDXL02.9339,1
nonroad,2023,PHZXL1.46M52,LHZXL1.46M52,LHZXL1.46M52,1
nonroad,2023,PPKXL04.4NR2,NPKXL04.4NR2,FPKXL04.4NR2,8
nonroad,2023,PPKXL04.4NM2,NPKXL04.4NM2,FPKXL04.4NM2,8
nonroad,2022,NPKXL03.6FX1,MPKXL03.6FX1,LPKXL03.6FX1,2
nonroad,2022,NFPXL03.6EH2,MFPXL03.6EH2,MFPXL03.6EH2,1
nonroad,2023,PKBXL.898KCC,JKBXL.898KCC,JKBXL.898KCC,1
nonroad,2022,NKLXL60.0AAI,,NKLXL60.0AAI,0
nonroad,2023,PKBXL.898KAB,LKBXL.898KAB,LKBXL.898KAB,1
nonroad,2022,NKLXL15.2EDC,EKLXL15.2EDC,EKLXL15.2EDC,1
nonroad,2023,PPKXL01.7JTV,NPKXL01.7JTV,LPKXL1.66JTV,3
nonroad,2023,PPKXL01.7J2V,NPKXL01.7J2V,LPKXL1.66J2V,3
nonroad,2023,PKLXL15.2EDC,EKLXL15.2EDC,EKLXL15.2EDC,1
nonroad,2023,PMMLL02.6T70,JMMLL02.6T70,JMMLL02.6T70,1
nonroad,2022,NLGCL01.9L3T,JLGCL01.9L3T,FLGCL01.9L3T,3
nonroad,2023,PYDXL.993NS2,,PYDXL.993NS2,0
nonroad,2023,PKBXL02.4END,DKBXL02.4END,DKBXL02.4END,1
nonroad,2023,PYDXL01.3NS1,DYDXL1.27NS1,DYDXL1.27NS1,1
nonroad,2022,NVPXL16.1CJA,MVPXL16.1CJA,MVPXL16.1CJA,1
nonroad,2023,PYDXL01.6NKA,,PYDXL01.6NKA,0
nonroad,2023,PYDXL03.3S4T,,PYDXL03.3S4T,0
nonroad,2023,PYDXL02.2S4N,,PYDXL02.2S4N,0
nonroad,2023,PYDXL02.1HKB,MYDXL02.1HKB,MYDXL02.1HKB,1
nonroad,2023,PYDXL01.6HDA,,PYDXL01.6HDA,0
nonroad,2022,NDICL21.9LBG,,NDICL21.9LBG,0
nonroad,2023,PJDXL13.5300,EJDXL13.5300,EJDXL13.5300,1
nonroad,2023,PYDXL03.3TKA,,PYDXL03.3TKA,0
nonroad,2023,PKBXL02.6E3D,KKBXL02.6E3D,KKBXL02.6E3D,1
nonroad,2023,PLHAL18.0ESP,NLHAL18.0ESP,NLHAL18.0ESP,1
nonroad,2023,PKBXL03.6BAC,GKBXL03.6BAC,GKBXL03.6BAC,1
nonroad,2023,PYDXL03.3TDB,,PYDXL03.3TDB,0
nonroad,2023,PYDXL02.2NDA,DYDXL2.19NDA,DYDXL2.19NDA,1
nonroad,2023,PFPXL08.7TR3,JFPXL08.7TR3,HFPXL08.7TR3,2
nonroad,2023,PFPXL10.3TR3,JFPXL10.3TR3,JFPXL10.3TR3,1
nonroad,2022,NLHAL10.5SWC,,NLHAL10.5SWC,0
nonroad,2022,NVSXL07.7STV,,NVSXL07.7STV,0
nonroad,2023,PDCLL02.4HIV,MDCLL02.4HIV,MDCLL02.4HIV,1
nonroad,2023,PAELL2.76ECR,LAELL2.76ECR,LAELL2.76ECR,1
nonroad,2023,PDCLL01.8HIV,,PDCLL01.8HIV,0
nonroad,2023,PKOEL4.33TAX,KKOEL4.33TAX,KKOEL4.33TAX,1
nonroad,2023,PKOEL1.64NAX,NKOEL1.64NAX,NKOEL1.64NAX,1
nonroad,2022,NCPXL15.2HTF,MCPXL15.2HTF,ECPXL15.2HTF,8
nonroad,2023,PYDXL01.3NPB,,PYDXL01.3NPB,0
nonroad,2023,PTYCL2.29A41,,PTYCL2.29A41,0
nonroad,2023,PMVXL01.8EDB,GMVXL01.3EDB,GMVXL01.3EDB,1
nonroad,2023,PMVXL0.64EBA,LMVXL0.64EBA,LMVXL0.64EBA,1
nonroad,2023,PCEXL50.0AAG,,PCEXL50.0AAG,0
nonroad,2023,PLHAL18.0SQC,,PLHAL18.0SQC,0
nonroad,2023,PYDXL02.1HKA,,PYDXL02.1HKA,0
nonroad,2023,PY9XL16.4DAA,LY9XL16.4DAA,KY9XL16.4DAA,2
nonroad,2023,PY9XL12.7DAA,,PY9XL12.7DAA,0
nonroad,2023,PJDXL06.8120,,PJDXL06.8120,0
nonroad,2023,PCEXL0275AAK,,PCEXL0275AAK,0
nonroad,2023,PYDXL03.3TDA,,PYDXL03.3TDA,0
nonroad,2023,PFPXL02.8DE1,,PFPXL02.8DE1,0
nonroad,2023,PKBXL.719KCB,DKBXL.719KCB,DKBXL.719KCB,1
nonroad,2019,KKLXL60.0AAI,,KKLXL60.0AAI,0
nonroad,2023,PLHAL13.5SWC,MLHAL13.5SWC,MLHAL13.5SWC,1
nonroad,2021,MDICL02.4LEA,LDICL02.4LEA,FDICL02.4LEA,6
nonroad,2024,RCPXL58.6HXG,PCPXL58.6HXG,JCPXL58.6HXG,6
nonroad,2024,RSZXL02.2PXB,ESZXL02.2PXB,ESZXL02.2PXB,1
nonroad,2024,RCPXL58.6HXS,PCPXL58.6HXS,LCPXL58.6HXS,4
nonroad,2023,PDCLL01.6D87,,PDCLL01.6D87,0
nonroad,2024,RSZXL05.2RXB,FSZXL05.2RXB,FSZXL05.2RXB,1
nonroad,2023,PYDXL.570NXA,,PYDXL.570NXA,0
nonroad,2023,PDICL01.8LEA,NDICL01.8LEA,LDICL01.8LEA,3
nonroad,2021,MCEXL08.9AAQ,KCEXL08.9AAQ,KCEXL08.9AAQ,1
nonroad,2024,RSZXL05.2QXA,ESZXL05.2QXA,ESZXL05.2QXA,1
nonroad,2023,PCPXL12.5HTF,NCPXL12.5HTF,ECPXL12.5HTF,9
nonroad,2024,RCEXL50.0AAG,,RCEXL50.0AAG,0
nonroad,2023,PCPXL32.0NZS,NCPXL32.0NZS,CCPXL32.0NZS,11
nonroad,2023,PDICL02.4LEA,NDICL02.4LEA,FDICL02.4LEA,8
nonroad,2024,RCPXL18.1NZS,PCPXL18.1NZS,CCPXL18.1NZS,12
nonroad,2024,RPKXL04.4NL1,PPKXL04.4NL1,CPKXL04.4NL1,12
nonroad,2024,RMVXL01.8EBA,GMVXL01.3EBA,GMVXL01.3EBA,1
nonroad,2024,RMVXL03.3AAJ,7MVXL03.3AAC,RMVXL03.3AAJ,0
nonroad,2024,RMVXL03.3AAK,7MVXL03.3AAF,RMVXL03.3AAK,0
nonroad,2023,PFPXL11.1T4W,,PFPXL11.1T4W,0
nonroad,2023,PFPXL15.9T4D,,PFPXL15.9T4D,0
nonroad,2024,RPKXL01.1F2V,PPKXL01.1F2V,LPKXL1.13F2V,4
nonroad,2023,PPKXL03.6FW1,NPKXL03.6FW1,LPKXL03.6FW1,3
nonroad,2024,RTYCL3.41D43,,RTYCL3.41D43,0
nonroad,2023,PPKXL04.4MU1,MPKXL04.4MU1,FPKXL04.4MU1,7
nonroad,2024,RDZXL02.9016,PDZXL02.9016,NDZXL02.9016,2
nonroad,2024,RJDXL09.0313,GJDXL09.0313,GJDXL09.0313,1
nonroad,2024,RDZXL02.9120,PDZXL02.9120,NDZXL02.9120,2
nonroad,2023,PFPXL03.4BSD,MFPXL03.4BSD,HFPXL03.4BSD,3
nonroad,2023,PFPXL03.4DEP,LFPXL03.4DEP,LFPXL03.4DEP,1
nonroad,2023,PPKXL02.8FL1,NPKXL02.8FL1,LPKXL02.8FL1,3
nonroad,2024,RDCLL01.2D78,PDCLL01.2D78,PDCLL01.2D78,1
nonroad,2024,RDCLL01.8HIV,PDCLL01.8HIV,PDCLL01.8HIV,1
nonroad,2024,RJDXL04.5337,PJDXL04.5337,PJDXL04.5337,1
nonroad,2024,RKBXL01.3DCC,DKBXL01.3DCC,DKBXL01.3DCC,1
nonroad,2024,RKBXL.899KAB,LKBXL.898KAB,LKBXL.898KAB,1
nonroad,2024,RMMLL02.7H39,DMMLL02.7M40,DMMLL02.7M40,1
nonroad,2023,PFPXL03.4ASD,JFPXL03.4ASD,HFPXL03.4ASD,2
nonroad,2024,RKBXL.277KCB,DKBXL.276KCB,DKBXL.276KCB,1
nonroad,2024,RKBXL02.6E2D,KKBXL02.6E2D,KKBXL02.6E2D,1
nonroad,2024,RJDXL09.0308,GJDXL09.0308,GJDXL09.0308,1
nonroad,2023,PFPXL02.8DC1,,PFPXL02.8DC1,0
nonroad,2024,RYDXL.993NS1,PYDXL.993NS1,PYDXL.993NS1,1
nonroad,2024,RLHAL45.0VQC,NLHAL45.0VQC,LLHAL45.0VQC,3
nonroad,2024,RLHAL10.5SQC,ELHAL10.5SQC,ELHAL10.5SQC,1
nonroad,2024,RDICL01.8LEB,PDICL01.8LEB,KDICL01.8LEB,5
nonroad,2024,RMRBL65.4EMS,PMRBL65.4EMS,PMRBL65.4EMS,1
nonroad,2024,RJCBL04.4TAE,KJCBL04.4TAE,KJCBL04.4TAE,1
nonroad,2023,PCPXL27.0HXF,NCPXL27.0HXF,CCPXL27.0HXA,11
nonroad,2023,PCPXL84.7NSF,NCPXL84.7NSF,FCPXL84.7NSF,8
nonroad,2023,PCPXL32.0HXG,NCPXL32.0HXG,FCPXL32.0HXG,8
nonroad,2023,PCPXL12.5NTF,NCPXL12.5NTF,LCPXL12.5NTF,3
nonroad,2023,PFGXL3.85ED0,JFGXL3.85ED0,JFGXL3.85ED0,1
nonroad,2023,PVPXL12.8CJB,,PVPXL12.8CJB,0
nonroad,2024,RJCBL04.4EM1,PJCBL04.4EM1,PJCBL04.4EM1,1
nonroad,2024,RKOEL3.24NAX,JKOEL3.24NAX,JKOEL3.24NAX,1
nonroad,2024,RSIDL03.3G7B,PSIDL03.3G7B,PSIDL03.3G7B,1
nonroad,2024,RSIDL07.5I7C,PSIDL07.5I7C,NSIDL07.5I7C,2
nonroad,2024,RCEXL0409AAC,CCEXL0409AAC,CCEXL0409AAC,1
nonroad,2024,RCEXL0409AAD,,RCEXL0409AAD,0
nonroad,2024,RCEXL15.0AAL,ECEXL15.0AAL,ECEXL15.0AAL,1
nonroad,2024,RYDXL01.3NUA,PYDXL01.3NUA,PYDXL01.3NUA,1
nonroad,2024,RYDXL02.2NDA,,RYDXL02.2NDA,0
nonroad,2024,RFPXL03.4DES,LFPXL03.4DES,LFPXL03.4DES,1
nonroad,2023,PCEXL08.9AAL,FCEXL08.9AAL,FCEXL08.9AAL,1
nonroad,2022,NCEXL04.5AAH,,NCEXL04.5AAH,0
nonroad,2020,LCEXL04.5AAK,,LCEXL04.5AAK,0
nonroad,2020,LCEXL15.0AAL,ECEXL15.0AAL,ECEXL15.0AAL,1
nonroad,2018,JCEXL15.0AAL,ECEXL15.0AAL,ECEXL15.0AAL,1
nonroad,2024,RMVXL01.8EDC,PMVXL01.8EDC,PMVXL01.8EDC,1
nonroad,2020,LCEXL06.7AAT,,LCEXL06.7AAT,0
nonroad,2021,MCEXL0275AAG,,MCEXL0275AAG,0
nonroad,2022,NCEXL08.9AAR,LCEXL08.9AAR,LCEXL08.9AAR,1
nonroad,2016,GCEXL0275AAG,,GCEXL0275AAG,0
nonroad,2013,DCEXL0275AAG,,DCEXL0275AAG,0
nonroad,2022,NCEXL0275AAH,,NCEXL0275AAH,0
nonroad,2017,HCEXL0275AAH,,HCEXL0275AAH,0
nonroad,2015,FCEXL0275AAH,,FCEXL0275AAH,0
nonroad,2020,LCEXL0409AAB,,LCEXL0409AAB,0
nonroad,2021,MCEXL08.9AAL,FCEXL08.9AAL,FCEXL08.9AAL,1
nonroad,2023,PCEXL0409AAC,,PCEXL0409AAC,0
nonroad,2014,ECEXL0409AAC,,ECEXL0409AAC,0
nonroad,2012,CCEXL0409AAC,,CCEXL0409AAC,0
nonroad,2023,PCEXL0505AAE,ECEXL0505AAE,CCEXL0505AAE,3
nonroad,2022,NCEXL0505AAE,ECEXL0505AAE,CCEXL0505AAE,3
nonroad,2021,MCEXL0505AAE,ECEXL0505AAE,CCEXL0505AAE,3
nonroad,2020,LCEXL0505AAE,ECEXL0505AAE,CCEXL0505AAE,3
nonroad,2020,LCEXL12.0AAA,FCEXL12.0AAA,FCEXL12.0AAA,1
nonroad,2020,LCEXL0409AAD,,LCEXL0409AAD,0
nonroad,2017,HCEXL0409AAD,,HCEXL0409AAD,0
nonroad,2015,FCEXL0409AAD,,FCEXL0409AAD,0
nonroad,2024,RFPXL06.7SDB,,RFPXL06.7SDB,0
nonroad,2018,JCEXL15.0AAI,ECEXL15.0AAI,CCEXL15.0AAI,3
nonroad,2024,RKBXL.899KCB,DKBXL.898KCB,DKBXL.898KCB,1
nonroad,2025,SSZXL02.2ZTA,FSZXL02.2ZTA,FSZXL02.2ZTA,1
nonroad,2022,NLHAL45.0VQC,MLHAL45.0VQC,LLHAL45.0VQC,2
nonroad,2024,RSIDL07.4G6B,PSIDL07.4G6B,MSIDL07.4G6B,3
nonroad,2019,KDICL03.4LEA,JDICL03.4LEA,HDICL03.4LEA,2
nonroad,2023,PDICL03.4LEC,NDICL03.4LEC,HDICL03.4LEC,6
nonroad,2024,RDZXL07.1126,,RDZXL07.1126,0
nonroad,2025,SJDXL02.9121,DJDXL02.9121,DJDXL02.9121,1
nonroad,2025,SJDXL13.5103,CJDXL13.5103,CJDXL13.5103,1
nonroad,2025,SJDXL13.5132,CJDXL13.5132,CJDXL13.5132,1
nonroad,2020,LCEXL78.0AAB,,LCEXL78.0AAB,0
nonroad,2024,RKLXL04.5AAP,PKLXL04.5AAP,PKLXL04.5AAP,1
nonroad,2025,SFPXL04.5DTD,JFPXL04.5DTD,JFPXL04.5DTD,1
nonroad,2022,NCEXL78.0AAA,,NCEXL78.0AAA,0
nonroad,2025,SFPXL06.7SCA,RFPXL06.7SCA,RFPXL06.7SCA,1
nonroad,2024,RKBXL01.5BCB,DKBXL01.5BCB,DKBXL01.5BCB,1
nonroad,2024,RSIDL09.8I7C,PSIDL09.8I7C,NSIDL09.8I7C,2
nonroad,2025,SSIDL04.9G6C,RSIDL04.9G6C,PSIDL04.9G6C,2
nonroad,2025,SSIDL09.8I7C,RSIDL09.8I7C,NSIDL09.8I7C,3
nonroad,2024,RDZXL07.1031,,RDZXL07.1031,0
nonroad,2025,SCPXL18.1NZS,RCPXL18.1NZS,CCPXL18.1NZS,13
nonroad,2024,RKLXL12.7LDC,,RKLXL12.7LDC,0
nonroad,2025,SDZXL07.1032,RDZXL07.1032,RDZXL07.1032,1
nonroad,2025,SKBXL01.3DCC,DKBXL01.3DCC,DKBXL01.3DCC,1
nonroad,2025,SLGCL01.9L3C,HLGCL01.9L3C,FLGCL01.9L3C,3
nonroad,2024,RKLXL04.5AAI,GKLXL04.5AAI,GKLXL04.5AAI,1
nonroad,2017,HCEXL060.AAD,,HCEXL060.AAD,0
nonroad,2025,SJDXL04.5337,PJDXL04.5337,PJDXL04.5337,1
nonroad,2024,RCEXL50.0AAH,PCEXL50.0AAH,PCEXL50.0AAH,1
nonroad,2024,RVPXL07.7BDA,PVPXL07.7BDA,NVPXL07.7BDA,2
nonroad,2024,RCPXL27.0NZS,PCPXL27.0NZS,CCPXL27.0NZS,12
nonroad,2020,LLHAL45.0ESP,JLHAL45.0ESP,GLHAL45.0ESP,2
nonroad,2025,SICLL01.5C3X,GICLL1.50C3X,DICLL1.50C3X,4
nonroad,2024,RMVXL0.64EBA,LMVXL0.64EBA,LMVXL0.64EBA,1
nonroad,2025,SPKXL02.8FM1,PPKXL02.8FM1,NPKXL02.8FM1,2
nonroad,2024,RVPXL05.1CJB,PVPXL05.1CJB,PVPXL05.1CJB,1
nonroad,2025,SVPXL05.1CJB,RVPXL05.1CJB,PVPXL05.1CJB,2
nonroad,2024,RVSXL16.1HPE,,RVSXL16.1HPE,0
nonroad,2014,ELHAL16.2VQC,,ELHAL16.2VQC,0
nonroad,2025,SDCLL02.4HIV,MDCLL02.4HIV,MDCLL02.4HIV,1
nonroad,2015,FLHAL16.2VQC,ELHAL16.2VQC,ELHAL16.2VQC,1
nonroad,2025,SKOEL3.24TAX,JKOEL3.24TAX,JKOEL3.24TAX,1
nonroad,2025,SYDXL01.3NUA,PYDXL01.3NUA,PYDXL01.3NUA,1
nonroad,2022,NLHAL09.0SQC,KLHAL09.0SQC,KLHAL09.0SQC,1
nonroad,2019,KLHAL7.01SQC,ELHAL7.01SQC,ELHAL7.01SQC,1
nonroad,2019,KLHAL10.5SQC,ELHAL10.5SQC,ELHAL10.5SQC,1
nonroad,2020,LLHAL7.01SQC,ELHAL7.01SQC,ELHAL7.01SQC,1
nonroad,2025,SKBXL03.8AAC,GKBXL03.8AAC,GKBXL03.8AAC,1
nonroad,2024,RKHXL02.5TCR,,RKHXL02.5TCR,0
nonroad,2024,RKHXL03.4TDS,,RKHXL03.4TDS,0
nonroad,2021,MLHAL13.5SQC,KLHAL13.5SQC,KLHAL13.5SQC,1
nonroad,2022,NLHAL13.5SQC,KLHAL13.5SQC,KLHAL13.5SQC,1
nonroad,2025,SKBXL02.6E1D,KKBXL02.6E1D,KKBXL02.6E1D,1
nonroad,2024,RSCLL03.6R74,KSCLL03.6R74,KSCLL03.6R74,1
nonroad,2025,SFPXL12.9FR1,RFPXL12.9FR1,RFPXL12.9FR1,1
nonroad,2025,SJCBL04.4EM1,PJCBL04.4EM1,PJCBL04.4EM1,1
nonroad,2025,SJCBL04.8EM1,PJCBL04.8EM1,PJCBL04.8EM1,1
nonroad,2025,SYDXL03.1HDB,RYDXL03.1HDB,RYDXL03.1HDB,1
nonroad,2025,SMMLL02.6M73,HMMLL02.6M73,HMMLL02.6M73,1
nonroad,2025,SMMLL02.1E35,DMMLL02.7C49,DMMLL02.7C49,1
nonroad,2025,SYDXL01.6NKA,PYDXL01.6NKA,PYDXL01.6NKA,1
nonroad,2023,PCEXL78.0AAB,,PCEXL78.0AAB,0
nonroad,2024,RPKXL01.7J2V,PPKXL01.7J2V,LPKXL1.66J2V,4
nonroad,2025,SDZXL03.1041,CDZXL03.1041,CDZXL03.1041,1
nonroad,2024,RKLXL02.4KDC,MKLXL02.4KDC,MKLXL02.4KDC,1
nonroad,2024,RDZXL06.1061,,RDZXL06.1061,0
nonroad,2025,SVPXL16.1ADA,RVPXL16.1ADA,KVPXL16.1ADA,6
nonroad,2024,RVPXL07.7CJB,PVPXL07.7CJB,PVPXL07.7CJB,1
nonroad,2024,RDZXL05.7052,,RDZXL05.7052,0
nonroad,2025,SDZXL02.9120,,SDZXL02.9120,0
nonroad,2025,SDZXL02.2114,RDZXL02.2114,MDZXL02.2114,4
nonroad,2025,SDZXL02.9016,,SDZXL02.9016,0
nonroad,2025,SDZXL02.9119,,SDZXL02.9119,0
nonroad,2025,SCPXL18.1NYS,RCPXL18.1NYS,CCPXL18.1NYS,13
nonroad,2025,SSIDL07.5I7C,RSIDL07.5I7C,NSIDL07.5I7C,3
nonroad,2025,SPKXL01.1IZ1,RPKXL01.1IZ1,MPKXL01.1IZ1,4
nonroad,2025,SPKXL02.2IR1,PPKXL02.2IR1,LPKXL2.22IR1,4
nonroad,2025,SKHXL03.4TDS,,SKHXL03.4TDS,0
nonroad,2017,HFPXL04.5SCB,,HFPXL04.5SCB,0
nonroad,2019,KFPXL04.5SCB,JFPXL04.5SCB,HFPXL04.5SCB,2
nonroad,2025,SPKXL07.0VM1,RPKXL07.0VM1,KPKXL07.0VM1,6
nonroad,2025,SPKXL03.6FW1,PPKXL03.6FW1,LPKXL03.6FW1,4
nonroad,2018,JCEXL30.0AAE,,JCEXL30.0AAE,0
nonroad,2020,LCEXL30.0AAE,,LCEXL30.0AAE,0
nonroad,2025,SDZXL03.6123,,SDZXL03.6123,0
nonroad,2026,TJDXL04.5141,CJDXL04.5141,CJDXL04.5141,1
nonroad,2026,TJDXL04.5214,DJDXL04.5214,DJDXL04.5214,1
nonroad,2021,MCEXL06.7AAL,,MCEXL06.7AAL,0
nonroad,2024,RCEXL04.5AAJ,,RCEXL04.5AAJ,0
nonroad,2025,SY9XL12.7EAA,,SY9XL12.7EAA,0
nonroad,2026,TSZXL02.2PXC,DSZXL02.2PXA,DSZXL02.2PXA,1
nonroad,2025,SKHXL01.4KSE,,SKHXL01.4KSE,0
nonroad,2026,TCPXL58.6HXG,SCPXL58.6HXG,JCPXL58.6HXG,8
nonroad,2016,GCEXL06.7AAK,,GCEXL06.7AAK,0
nonroad,2021,MCEXL06.7AAR,,MCEXL06.7AAR,0
nonroad,2017,HCEXL06.7AAK,,HCEXL06.7AAK,0
nonroad,2025,SFPXL02.8DC1,RFPXL02.8DC1,RFPXL02.8DC1,1
nonroad,2025,SDCLL01.0D75,,SDCLL01.0D75,0
nonroad,2024,RICLL01.8F3N,PICLL01.8F3N,PICLL01.8F3N,1
nonroad,2025,SCEXL08.9AAR,,SCEXL08.9AAR,0
nonroad,2026,TMVXL37.1BBA,7MVXL37.1BBA,TMVXL37.1BBA,0
nonroad,2025,SDICL07.6LEA,RDICL07.6LEA,GDICL07.6LEA,9
nonroad,2025,SCEXL06.7AAT,,SCEXL06.7AAT,0
nonroad,2024,RDICL03.4LED,PDICL03.4LED,LDICL03.4LED,4
nonroad,2022,NDICL03.4LED,MDICL03.4LED,LDICL03.4LED,2
nonroad,2017,HCEXL02.8AAC,GCEXL02.8AAC,GCEXL02.8AAC,1
nonroad,2025,SCPXL58.6HXZ,RCPXL58.6HXZ,LCPXL58.6HXZ,5
nonroad,2025,SFPXL03.6EK1,NFPXL03.6EK1,NFPXL03.6EK1,1
nonroad,2026,TKBXL02.4RNB,NKBXL02.4RNB,NKBXL02.4RNB,1
nonroad,2026,TMMLL03.0H65,,TMMLL03.0H65,0
nonroad,2026,TMMLL03.0H55,,TMMLL03.0H55,0
nonroad,2026,TMMLL03.0H50,,TMMLL03.0H50,0
nonroad,2025,SMDDL76.3XTM,FMDDL95.4XTM,FMDDL95.4XTM,1
nonroad,2025,SKLXL02.4KDC,,SKLXL02.4KDC,0
nonroad,2026,TDZXL04.1125,RDZXL04.1125,RDZXL04.1125,1
nonroad,2026,TDZXL07.1126,RDZXL07.1126,RDZXL07.1126,1
nonroad,2025,SPKXL07.0BN1,RPKXL07.0BN1,EPKXL07.0BN1,11
nonroad,2025,SCPXL106.NVF,RCPXL106.NVF,HCPXL106.NVF,8
nonroad,2022,NCEXL03.3BAA,ECEXL03.3BAA,CCEXL03.3BAA,3
nonroad,2019,KCEXL03.3BAA,ECEXL03.3BAA,CCEXL03.3BAA,3
nonroad,2014,ECEXL03.3BAA,DCEXL03.3BAA,CCEXL03.3BAA,2
nonroad,2026,TSZXL05.2QXA,ESZXL05.2QXA,ESZXL05.2QXA,1
nonroad,2026,TSZXL09.8QXA,ESZXL09.8QXA,ESZXL09.8QXA,1
nonroad,2026,TICLL01.5C3X,GICLL1.50C3X,DICLL1.50C3X,4
nonroad,2026,TDZXL06.1049,SDZXL06.1049,SDZXL06.1049,1
nonroad,2015,FFPXL12.9TSS,EFPXL12.9TSS,EFPXL12.9TSS,1
nonroad,2017,HCEXL03.3CAA,DCEXL03.3CAA,CCEXL03.3CAA,2
nonroad,2015,FCEXL03.3CAA,ECEXL03.3CAA,CCEXL03.3CAA,3
nonroad,2026,TMDDL22.4ZWR,,TMDDL22.4ZWR,0
nonroad,2026,TDZXL02.9016,SDZXL02.9016,SDZXL02.9016,1
nonroad,2026,TDZXL02.9020,SDZXL02.9020,SDZXL02.9020,1
nonroad,2026,TKBXL03.8AAC,GKBXL03.8AAC,GKBXL03.8AAC,1
nonroad,2025,SFPXL15.9T4U,,SFPXL15.9T4U,0
nonroad,2026,TYDXL01.3NSA,,TYDXL01.3NSA,0
nonroad,2026,TYDXL01.3NS1,,TYDXL01.3NS1,0
nonroad,2026,TDCLL01.8HIV,PDCLL01.8HIV,PDCLL01.8HIV,1
nonroad,2025,SDICL03.4LED,RDICL03.4LED,LDICL03.4LED,5
nonroad,2025,SFPXL15.9FR1,RFPXL15.9FR1,RFPXL15.9FR1,1
nonroad,2026,TYDXL.993NS1,,TYDXL.993NS1,0
nonroad,2026,TCEXL03.3CAA,DCEXL03.3CAA,CCEXL03.3CAA,2
nonroad,2024,RLHAL103.E9P,NLHAL103.E9P,NLHAL103.E9P,1
nonroad,2026,THZXL.347V32,SHZXL.347V32,NHZXL.347V32,4
nonroad,2025,SKBXL.899KFB,PKBXL.898KFB,PKBXL.898KFB,1
nonroad,2025,SCPXL15.2HTF,RCPXL15.2HTF,ECPXL15.2HTF,11
nonroad,2024,RFPXL06.7SDA,,RFPXL06.7SDA,0
nonroad,2020,LCEXL03.8AAE,KCEXL03.8AAE,KCEXL03.8AAE,1
nonroad,2025,SCEXL0540AAB,CCEXL0540AAB,CCEXL0540AAB,1
nonroad,2021,MFPXL06.7SDA,JFPXL06.7SDA,JFPXL06.7SDA,1
nonroad,2025,SCPXL12.5NTF,RCPXL12.5NTF,LCPXL12.5NTF,5
nonroad,2026,TYDXL03.3TDA,PYDXL03.3TDA,PYDXL03.3TDA,1
nonroad,2026,TDICL01.8LEB,SDICL01.8LEB,KDICL01.8LEB,7
nonroad,2026,TYDXL02.2NDA,RYDXL02.2NDA,RYDXL02.2NDA,1
nonroad,2025,SDICL05.8LEB,RDICL05.8LEB,MDICL05.8LEB,4
nonroad,2026,TPKXL02.8FM1,SPKXL02.8FM1,NPKXL02.8FM1,3
nonroad,2026,TMMLL02.7H39,DMMLL02.7M40,DMMLL02.7M40,1
nonroad,2026,TCEXL023.AAB,CCEXL023.AAB,CCEXL023.AAB,1
nonroad,2026,TYDXL02.1HKB,RYDXL02.1HKB,RYDXL02.1HKB,1
nonroad,2026,TFPXL06.7FR1,SFPXL06.7FR1,SFPXL06.7FR1,1
nonroad,2025,SVSXL12.8T4F,,SVSXL12.8T4F,0
nonroad,2026,TKLXL06.7AAV,,TKLXL06.7AAV,0
nonroad,2025,SCPXL15.2NYS,RCPXL15.2NYS,CCPXL15.2NYS,13
nonroad,2019,KCEXL03.8AAC,GCEXL03.8AAC,GCEXL03.8AAC,1
nonroad,2016,GCEXL03.8AAC,,GCEXL03.8AAC,0
nonroad,2026,TFPXL08.7TR3,,TFPXL08.7TR3,0
nonroad,2026,TVSXL12.8STV,,TVSXL12.8STV,0
nonroad,2025,SITIL4.08CTD,,SITIL4.08CTD,0
nonroad,2026,TFPXL20.1T4B,JFPXL20.1T4B,JFPXL20.1T4B,1
nonroad,2026,TYDXL03.3TGA,PYDXL03.3TGA,PYDXL03.3TGA,1
nonroad,2026,TFPXL03.4DE1,RFPXL03.4DE1,RFPXL03.4DE1,1
nonroad,2026,TKHXL02.5EST,SKHXL02.5EST,SKHXL02.5EST,1
nonroad,2026,TKLXL06.7AAP,SKLXL06.7AAP,SKLXL06.7AAP,1
nonroad,2017,HLHAL103.ESP,,HLHAL103.ESP,0
nonroad,2026,TFPXL02.8DC1,RFPXL02.8DC1,RFPXL02.8DC1,1
nonroad,2026,TFPXL02.8DC2,RFPXL02.8DC2,RFPXL02.8DC2,1
nonroad,2026,TKOEL1.09NAX,NKOEL1.09NAX,NKOEL1.09NAX,1
nonroad,2026,TYDXL03.3S4T,RYDXL03.3S4T,RYDXL03.3S4T,1
nonroad,2025,SCPXL18.1HTH,RCPXL18.1HTH,GCPXL18.1HTH,9
nonroad,2026,TCPXL18.1HTH,SCPXL18.1HTH,GCPXL18.1HTH,10
nonroad,2026,TMNBL15.3OR4,,TMNBL15.3OR4,0
nonroad,2026,TFPXL04.5LBH,JFPXL04.5LBH,JFPXL04.5LBH,1
nonroad,2026,TCEXL04.5AAK,,TCEXL04.5AAK,0
nonroad,2026,TCEXL06.7AAK,,TCEXL06.7AAK,0
nonroad,2026,TKHXL02.5TCR,SKHXL02.5TCR,SKHXL02.5TCR,1
nonroad,2017,HCEXL015.AAJ,ECEXL015.AAJ,CCEXL015.AAJ,2
nonroad,2026,TDTAL15.6RJD,KMBXL15.6RJD,KMBXL15.6RJD,1
nonroad,2023,PDTAL10.6RJD,KMBXL10.6RJD,KMBXL10.6RJD,1
nonroad,2021,MCEXL15.0AAS,,MCEXL15.0AAS,0
nonroad,2026,TJDXL04.5337,,TJDXL04.5337,0
nonroad,2025,SFPXL03.6EHK,MFPXL03.6EHK,MFPXL03.6EHK,1
nonroad,2026,TCEXL015.AAJ,CCEXL015.AAJ,CCEXL015.AAJ,1
nonroad,2026,TFPXL03.6EHP,PFPXL03.6EHP,PFPXL03.6EHP,1
nonroad,2026,TKHXL03.4TDS,SKHXL03.4TDS,SKHXL03.4TDS,1
nonroad,2026,TMVXL01.1EDA,RMVXL01.1EDA,RMVXL01.1EDA,1
nonroad,2026,TCEXL78.0AAB,SCEXL78.0AAB,SCEXL78.0AAB,1
nonroad,2026,TMNBL12.4OR4,HMNBL12.4OR4,GMNBL12.4OR4,2
nonroad,2024,RFPXL03.6EHP,PFPXL03.6EHP,PFPXL03.6EHP,1
nonroad,2026,TJDXL06.8302,,TJDXL06.8302,0
nonroad,2026,TCEXL06.7AAQ,,TCEXL06.7AAQ,0
nonroad,2026,TMDDL95.3GTF,,TMDDL95.3GTF,0
nonroad,2026,TMDDL76.3XTM,FMDDL95.4XTM,FMDDL95.4XTM,1
nonroad,2026,TJCBL04.8S12,HJCBL04.8S12,HJCBL04.8S12,1
nonroad,2026,TKBXL03.3E2D,KKBXL03.3E2D,KKBXL03.3E2D,1
nonroad,2026,TMMLL02.7K70,,TMMLL02.7K70,0
nonroad,2026,TKBXL.479KCC,MKBXL.479KCC,MKBXL.479KCC,1
nonroad,2016,GFPXL06.7SDA,,GFPXL06.7SDA,0
nonroad,2026,TKBXL02.4GMC,NKBXL02.4GMC,NKBXL02.4GMC,1
nonroad,2025,SCEXL0409AAB,GCEXL0409AAB,GCEXL0409AAB,1
nonroad,2026,TPKXL07.0BN1,SPKXL07.0BN1,EPKXL07.0BN1,12
nonroad,2026,TSIDL07.4G6B,SSIDL07.4G6B,MSIDL07.4G6B,5
nonroad,2014,EFPXL08.7T4V,,EFPXL08.7T4V,0
nonroad,2020,LCEXL050.AAD,,LCEXL050.AAD,0
nonroad,2015,FCEXL50.0AAF,,FCEXL50.0AAF,0
nonroad,2026,TDICL05.8LEB,SDICL05.8LEB,MDICL05.8LEB,5
nonroad,2018,JCEXL50.0AAF,,JCEXL50.0AAF,0
nonroad,2026,TITIL4.08CTD,SITIL4.08CTD,SITIL4.08CTD,1
nonroad,2020,LFPXL08.7T4V,EFPXL08.7T4V,EFPXL08.7T4V,1
nonroad,2021,MFPXL08.7T4V,EFPXL08.7T4V,EFPXL08.7T4V,1
nonroad,2011,BLGCL02.5S4D,4LGCL02.0L3L,BLGCL02.5S4D,0
nonroad,2011,BFDUL0.2918W,AFDUL0.2918W,BFDUL0.2918W,0
nonroad,2011,BFDUL00.743F,AFDUL00.743F,BFDUL00.743F,0
nonroad,2011,BCHCL1.12AAA,,BCHCL1.12AAA,0
nonroad,2012,CCEXL03.3BAA,BCEXL03.3BAA,CCEXL03.3BAA,0
nonroad,2011,BWWBL0.954KM,,BWWBL0.954KM,0
nonroad,2011,BFHML0.435CH,AFHML0.435CH,BFHML0.435CH,0
nonroad,2012,CDZXL06.1006,,CDZXL06.1006,0
nonroad,2012,CCEXL0275AAH,BCEXL0275AAG,CCEXL0275AAH,0
nonroad,2011,BFGDL.418F86,,BFGDL.418F86,0
nonroad,2012,CKBXL03.8AKD,,CKBXL03.8AKD,0
nonroad,2012,CKBXL06.1AMD,,CKBXL06.1AMD,0
nonroad,2012,CDZXL07.1032,,CDZXL07.1032,0
nonroad,2012,CVPXL16.1ACW,BVPXL16.1ACW,CVPXL16.1ACW,0
nonroad,2012,CJDXL03.0203,8JDXL03.0203,CJDXL03.0203,0
nonroad,2012,CMMLL01.8C40,BMMLL01.8C40,CMMLL01.8C40,0
nonroad,2012,CKBXL01.5BCC,BKBXL01.5BCC,CKBXL01.5BCC,0
nonroad,2012,CKBXL03.3BCC,BKBXL03.3BCC,CKBXL03.3BCC,0
nonroad,2012,CKBXL02.2FCD,BKBXL02.2FCD,CKBXL02.2FCD,0
nonroad,2012,CKBXL01.5FAD,BKBXL01.5FAD,CKBXL01.5FAD,0
nonroad,2012,CKBXL03.8CGD,BKBXL03.8CGD,CKBXL03.8CGD,0
nonroad,2012,CSIDL07.4G6A,BSIDL07.4G6A,CSIDL07.4G6A,0
nonroad,2012,CKLXL23.2FD5,BKLXL23.2FD5,CKLXL23.2FD5,0
nonroad,2012,CCPXL11.1ESK,BCPXL11.1ESK,CCPXL11.1ESK,0
nonroad,2012,CSHLL2.16DDD,BSHLL2.16DDD,BSHLL2.16DDD,1
nonroad,2012,CSHLL2.16LDE,BSHLL2.16LDE,BSHLL2.16LDE,1
nonroad,2012,CDDXL14.0WLD,BDDXL14.0WLD,CDDXL14.0WLD,0
nonroad,2012,CH3XL2.00N4T,BH3XL2.00N4T,CH3XL2.00N4T,0
nonroad,2012,CH3XL2.22N4T,BH3XL2.22N4T,CH3XL2.22N4T,0
nonroad,2012,CDDXL14.0VLD,BDDXL14.0VLD,CDDXL14.0VLD,0
nonroad,2012,CDZXL06.1042,,CDZXL06.1042,0
nonroad,2012,CYDXL0.85V3N,BYDXL0.85V3N,CYDXL0.85V3N,0
nonroad,2012,CYDXL0.57V2N,BYDXL0.57V2N,CYDXL0.57V2N,0
nonroad,2012,CYDXL1.50H3T,BYDXL1.50H3T,CYDXL1.50H3T,0
nonroad,2012,CCHCL2.84AAA,BCHCL2.84AAA,BCHCL2.84AAA,1
nonroad,2012,CDICL05.8HTA,BDICL05.8HTA,BDICL05.8HTA,1
nonroad,2012,CKHXL1.8711L,BLBDL1.8711L,CKHXL1.8711L,0
nonroad,2012,CMVXL02.5GGG,BMVXL02.5GGG,CMVXL02.5GGG,0
nonroad,2012,CKHXL1.37SF2,BLBDL1.37SF2,CKHXL1.37SF2,0
nonroad,2012,CFPXL06.7DGS,BVEXL06.7DGS,CFPXL06.7DGS,0
nonroad,2011,BDZXL03.6035,,BDZXL03.6035,0
nonroad,2012,CHZXL.517C51,BHYXL.517C51,CHZXL.517C51,0
nonroad,2012,CHZXL.347V30,BHYXL.347V30,CHZXL.347V30,0
nonroad,2012,CFPXL12.9IGR,BVEXL12.9IGR,CFPXL12.9IGR,0
nonroad,2012,CDCLL01.0D5G,,CDCLL01.0D5G,0
nonroad,2012,CDCLL02.2D7G,,CDCLL02.2D7G,0
nonroad,2012,CDZXL02.3099,BDZXL02.3099,CDZXL02.3099,0
nonroad,2012,CDCLL02.2DTG,,CDCLL02.2DTG,0
nonroad,2012,CHZXL.280C27,BHYXL.280C27,CHZXL.280C27,0
nonroad,2012,CDZXL07.8003,BDZXL07.8003,CDZXL07.8003,0
nonroad,2012,CMDDL35.8GRR,8MDDL35.8GRR,CMDDL35.8GRR,0
nonroad,2012,CHZXL.997C40,BHYXL.997C40,CHZXL.997C40,0
nonroad,2012,CHZXL3.43C41,BHZXL3.43C41,CHZXL3.43C41,0
nonroad,2012,CDHXL.9532D1,BDHXL.9532D1,CDHXL.9532D1,0
nonroad,2012,CKHXL2.19CH1,BLBDL2.19CH1,CKHXL2.19CH1,0
nonroad,2012,CMDDL14.0ZWK,AMDDL14.0GWK,CMDDL14.0ZWK,0
nonroad,2013,DCEXL06.7AAF,CCEXL06.7AAF,CCEXL06.7AAF,1
nonroad,2013,DCEXL06.7AAH,CCEXL06.7AAH,CCEXL06.7AAH,1
nonroad,2013,DKLXL06.7AAJ,CKLXL06.7AAJ,CKLXL06.7AAJ,1
nonroad,2012,CYDXL0.90V3N,BYDXL0.90V3N,CYDXL0.90V3N,0
nonroad,2012,CDZXL02.9045,,CDZXL02.9045,0
nonroad,2013,DFPXL06.7DGS,CFPXL06.7DGS,CFPXL06.7DGS,1
nonroad,2012,CLHAL7.01SYC,,CLHAL7.01SYC,0
nonroad,2012,CJDXL06.8204,BJDXL06.8204,CJDXL06.8204,0
nonroad,2013,DVPXL16.1ACB,CVPXL16.1ACB,CVPXL16.1ACB,1
nonroad,2013,DJDXL13.5132,CJDXL13.5132,CJDXL13.5132,1
nonroad,2013,DJDXL04.5111,CJDXL04.5111,CJDXL04.5111,1
nonroad,2013,DKBXL.325NCB,,DKBXL.325NCB,0
nonroad,2013,DFPXL03.4BPD,,DFPXL03.4BPD,0
nonroad,2013,DFPXL12.9TST,CFPXL12.9TST,CFPXL12.9TST,1
nonroad,2013,DDDXL14.0WLD,CDDXL14.0WLD,CDDXL14.0WLD,1
nonroad,2013,DPKXL06.6PJ3,CPKXL06.6PJ3,CPKXL06.6PJ3,1
nonroad,2013,DFPXL03.4CDC,,DFPXL03.4CDC,0
nonroad,2013,DDDXL14.0VLD,CDDXL14.0VLD,CDDXL14.0VLD,1
nonroad,2012,CFZKL.418F86,,CFZKL.418F86,0
nonroad,2013,DCEXL78.0AAA,,DCEXL78.0AAA,0
nonroad,2012,CJDXL04.5141,,CJDXL04.5141,0
nonroad,2012,CNFXL03.0DD1,,CNFXL03.0DD1,0
nonroad,2013,DH3XL2.00NCS,CH3XL2.00NCS,CH3XL2.00NCS,1
nonroad,2013,DJDXL04.5212,CJDXL04.5212,CJDXL04.5212,1
nonroad,2013,DH3XL2.22TF3,,DH3XL2.22TF3,0
nonroad,2012,CCPXL18.1HPA,BCPXL18.1HPA,CCPXL18.1HPA,0
nonroad,2013,DMBXL04.8RJB,BMBXL04.8RJB,DMBXL04.8RJB,0
nonroad,2012,CDZXL02.9040,,CDZXL02.9040,0
nonroad,2013,DPKXL06.6BK1,CPKXL06.6BK1,CPKXL06.6BK1,1
nonroad,2013,DDZXL07.1030,CDZXL07.1030,CDZXL07.1030,1
nonroad,2013,DDZXL07.1032,CDZXL07.1032,CDZXL07.1032,1
nonroad,2013,DKMCL2.39A45,BKMCL2.39A45,BKMCL2.39A45,1
nonroad,2013,DKBXL02.2FCC,CKBXL02.2FCC,CKBXL02.2FCC,1
nonroad,2013,DYDXL1.27NWA,,DYDXL1.27NWA,0
nonroad,2013,DH3XL.761F2V,,DH3XL.761F2V,0
nonroad,2013,DMVXL02.5LLL,7MVXL02.5EEE,DMVXL02.5LLL,0
nonroad,2013,DCEXL050.AAD,CCEXL050.AAD,CCEXL050.AAD,1
nonroad,2013,DMVXL03.3AAK,7MVXL03.3AAF,DMVXL03.3AAK,0
nonroad,2014,EFPXL06.7DGS,DFPXL06.7DGS,CFPXL06.7DGS,2
nonroad,2014,EFPXL12.9IGR,DFPXL12.9IGR,CFPXL12.9IGR,2
nonroad,2013,DCPXL27.0NZS,CCPXL27.0NZS,CCPXL27.0NZS,1
nonroad,2013,DKLXL060.AAE,ACEXL060.AAB,DKLXL060.AAE,0
nonroad,2014,ECEXL04.5AAE,DCEXL04.5AAE,CCEXL04.5AAE,2
nonroad,2013,DYDXL1.27NUA,,DYDXL1.27NUA,0
nonroad,2014,EVPXL09.4BAA,DVPXL09.4BAA,CVPXL09.4BAA,2
nonroad,2013,DKBXL01.3DCB,,DKBXL01.3DCB,0
nonroad,2013,DJDXL06.8210,CJDXL06.8210,CJDXL06.8210,1
nonroad,2013,DPKXL04.4ML1,CPKXL04.4ML1,CPKXL04.4ML1,1
nonroad,2012,CSZXL03.0MXA,,CSZXL03.0MXA,0
nonroad,2014,EFPXL03.4CDD,DFPXL03.4CDD,DFPXL03.4CDD,1
nonroad,2013,DKBXL02.4EKD,,DKBXL02.4EKD,0
nonroad,2014,EDICL21.9UYA,CDICL21.9UYA,CDICL21.9UYA,1
nonroad,2013,DHZXL.280C27,,DHZXL.280C27,0
nonroad,2014,ECEXL03.3ACJ,,ECEXL03.3ACJ,0
nonroad,2014,EPKXL04.4NJ2,DPKXL04.4NJ2,CPKXL04.4NJ2,2
nonroad,2014,EKBXL01.3DCC,DKBXL01.3DCC,DKBXL01.3DCC,1
nonroad,2014,EYDXL1.33S3N,CYDXL1.33J3N,CYDXL1.33J3N,1
nonroad,2014,EMVXL02.5LLL,7MVXL02.5EEE,EMVXL02.5LLL,0
nonroad,2014,EKBXL01.7ECB,DKBXL01.7ECB,DKBXL01.7ECB,1
nonroad,2014,EMDDL21.0ZWR,AMDDL21.0GWR,EMDDL21.0ZWR,0
nonroad,2013,DPKXL04.4MK1,CPKXL04.4MK1,CPKXL04.4MK1,1
nonroad,2014,EKBXL06.1AMD,CKBXL06.1AMD,CKBXL06.1AMD,1
nonroad,2015,FKBXL01.1DCB,DKBXL01.1DCB,DKBXL01.1DCB,1
nonroad,2014,EYDXL0.99NS3,DYDXL0.99NS3,DYDXL0.99NS3,1
nonroad,2014,EYDXL1.64L3N,CYDXL1.64M3N,CYDXL1.64M3N,1
nonroad,2014,EMDDL35.7XNC,,EMDDL35.7XNC,0
nonroad,2013,DCPXL78.1NZS,CCPXL78.1NZS,CCPXL78.1NZS,1
nonroad,2014,ELHAL7.01SEC,CLHAL7.01SEC,CLHAL7.01SEC,1
nonroad,2014,EMMLL02.7NEF,DMMLL02.7NEF,DMMLL02.7NEF,1
nonroad,2014,EMMLL02.6N62,DMMLL02.6N62,DMMLL02.6N62,1
nonroad,2014,EMMLL02.7M40,DMMLL02.7M40,DMMLL02.7M40,1
nonroad,2014,EMVXL01.0EBA,,EMVXL01.0EBA,0
nonroad,2014,EMBXL12.8RJA,,EMBXL12.8RJA,0
nonroad,2013,DCPXL27.0HYA,CCPXL27.0HYA,CCPXL27.0HYA,1
nonroad,2014,EH3XL2.22TIC,DH3XL2.22TIC,CH3XL2.22TIC,2
nonroad,2014,EDZXL06.1010,DDZXL06.1010,DDZXL06.1010,1
nonroad,2014,EDZXL06.1033,DDZXL06.1033,DDZXL06.1033,1
nonroad,2014,EHZXL.347C30,DHZXL.347C30,DHZXL.347C30,1
nonroad,2013,DCPXL12.5HPA,CCPXL12.5HPA,CCPXL12.5HPA,1
nonroad,2014,ESIDL16.8H6C,,ESIDL16.8H6C,0
nonroad,2013,DLHAL7.01TEC,CLHAL7.01TEC,CLHAL7.01TEC,1
nonroad,2013,DDZXL06.1007,,DDZXL06.1007,0
nonroad,2013,DDZXL06.1006,,DDZXL06.1006,0
nonroad,2013,DDZXL15.9001,,DDZXL15.9001,0
nonroad,2014,EDICL02.4LEA,,EDICL02.4LEA,0
nonroad,2014,EKMCL1.72A31,,EKMCL1.72A31,0
nonroad,2014,EMVXL01.3GGG,,EMVXL01.3GGG,0
nonroad,2015,FKLXL03.3JDB,DKLXL03.3JDB,DKLXL03.3JDB,1
nonroad,2014,ECPXL32.0NZS,DCPXL32.0NZS,CCPXL32.0NZS,2
nonroad,2015,FFPXL10.3TR3,EFPXL10.3TR3,CFPXL10.3TR3,3
nonroad,2015,FFPXL03.4BDD,EFPXL03.4BDD,DFPXL03.4BDD,2
nonroad,2014,EH3XL2.22AB3,,EH3XL2.22AB3,0
nonroad,2014,EJDXL04.5119,CJDXL04.5119,CJDXL04.5119,1
nonroad,2014,EY9XL16.4DAA,,EY9XL16.4DAA,0
nonroad,2014,EH3XL2.22AB4,,EH3XL2.22AB4,0
nonroad,2014,EH3XL2.00CN1,,EH3XL2.00CN1,0
nonroad,2014,EH3XL1.49AB8,,EH3XL1.49AB8,0
nonroad,2015,FCEXL023.AAB,CCEXL023.AAB,CCEXL023.AAB,1
nonroad,2015,FKLXL11.0DDC,EKLXL11.0DDC,EKLXL11.0DDC,1
nonroad,2015,FCPXL18.1NZS,ECPXL18.1NZS,CCPXL18.1NZS,3
nonroad,2014,ECPXL18.1NYS,DCPXL18.1NYS,CCPXL18.1NYS,2
nonroad,2015,FH3XL1.13SLC,EH3XL1.13SLC,CH3XL1.13SLC,3
nonroad,2015,FH3XL1.49NTV,EH3XL1.49NTV,CH3XL1.49NTV,3
nonroad,2015,FCEXL0275AAK,ECEXL0275AAK,CCEXL0275AAK,3
nonroad,2015,FSIDL16.8H6C,ESIDL16.8H6C,ESIDL16.8H6C,1
nonroad,2014,EPKXL06.6BK1,,EPKXL06.6BK1,0
nonroad,2014,EPKXL04.4MK1,,EPKXL04.4MK1,0
nonroad,2015,FDDXL14.0VLD,DDDXL14.0VLD,CDDXL14.0VLD,2
nonroad,2014,EYDXL0.57NUA,DYDXL0.57NUA,DYDXL0.57NUA,1
nonroad,2015,FVPXL16.1BDA,EVPXL16.1BDA,CVPXL16.1BDA,3
nonroad,2015,FKBXL01.5BPD,DKBXL01.5BPD,DKBXL01.5BPD,1
nonroad,2015,FKBXL03.3BCC,CKBXL03.3BCC,CKBXL03.3BCC,1
nonroad,2016,GKBXL.719NCB,EKBXL.719NCB,DKBXL.719NCB,2
nonroad,2014,EYDXL1.57HDA,DYDXL1.57HDA,DYDXL1.57HDA,1
nonroad,2015,FKMCL1.71A39,DKMCL1.71A39,DKMCL1.71A39,1
nonroad,2015,FMVXL24.5BBA,9MVXL24.5BBA,FMVXL24.5BBA,0
nonroad,2015,FMVXL33.9BBA,8MVXL33.9BBA,FMVXL33.9BBA,0
nonroad,2015,FYDXL1.50L3T,CYDXL1.50K3T,CYDXL1.50K3T,1
nonroad,2015,FKBXL02.4END,DKBXL02.4END,DKBXL02.4END,1
nonroad,2014,ECPXL12.5NYS,,ECPXL12.5NYS,0
nonroad,2015,FMVXL02.2AAA,EMVXL02.2AAA,EMVXL02.2AAA,1
nonroad,2015,FMVXL01.0EDA,,FMVXL01.0EDA,0
nonroad,2014,ECPXL78.1NSA,DCPXL78.1NSA,CCPXL78.1NSA,2
nonroad,2015,FMVXL01.3EDA,,FMVXL01.3EDA,0
nonroad,2014,EDZXL02.9020,DDZXL02.9020,DDZXL02.9020,1
nonroad,2015,FJDXL09.0202,CJDXL09.0202,CJDXL09.0202,1
nonroad,2016,GFPXL06.7DGB,FFPXL06.7DGB,CFPXL06.7DGB,4
nonroad,2016,GFPXL06.7DGS,FFPXL06.7DGS,CFPXL06.7DGS,4
nonroad,2015,FKBXL01.8EMD,,FKBXL01.8EMD,0
nonroad,2015,FCEXL03.3ACF,ECEXL03.3ACF,ECEXL03.3ACF,1
nonroad,2016,GMVXL01.3EBA,,GMVXL01.3EBA,0
nonroad,2015,FYDXL0.44K1N,,FYDXL0.44K1N,0
nonroad,2015,FYDXL0.32K1N,,FYDXL0.32K1N,0
nonroad,2015,FSZXL03.0MXC,CSZXL03.0MXA,CSZXL03.0MXA,1
nonroad,2015,FDCLL01.0D75,DDCLL01.0D75,BDCLL01.0D75,2
nonroad,2015,FJDXL02.9142,,FJDXL02.9142,0
nonroad,2015,FJDXL09.0306,,FJDXL09.0306,0
nonroad,2016,GYDXL2.19S4N,CYDXL2.19J4N,CYDXL2.19J4N,1
nonroad,2015,FYDXL1.27NS2,DYDXL1.27NS2,DYDXL1.27NS2,1
nonroad,2016,GYDXL1.27NWA,DYDXL1.27NWA,DYDXL1.27NWA,1
nonroad,2015,FKBXL02.4EMD,,FKBXL02.4EMD,0
nonroad,2016,GCEXL0275AAK,ECEXL0275AAK,CCEXL0275AAK,3
nonroad,2015,FCPXL106.NZS,ECPXL106.NZS,CCPXL106.NZS,3
nonroad,2015,FCPXL58.6HXF,,FCPXL58.6HXF,0
nonroad,2016,GMVXL37.1BBA,7MVXL37.1BBA,GMVXL37.1BBA,0
nonroad,2016,GMMLL02.7C40,DMMLL02.7C40,DMMLL02.7C40,1
nonroad,2016,GMMLL02.7C49,DMMLL02.7C49,DMMLL02.7C49,1
nonroad,2016,GKBXL.778KCB,DKBXL.778KCB,DKBXL.778KCB,1
nonroad,2015,FYDXL1.57HDA,DYDXL1.57HDA,DYDXL1.57HDA,1
nonroad,2016,GKBXL01.0BCC,DKBXL01.0BCC,DKBXL01.0BCC,1
nonroad,2016,GKBXL01.7ECB,DKBXL01.7ECB,DKBXL01.7ECB,1
nonroad,2016,GH3XL1.13MSL,FH3XL1.13MSL,CH3XL1.13MSL,4
nonroad,2016,GH3XL1.49N3C,FH3XL1.49N3C,CH3XL1.49N3C,4
nonroad,2016,GKBXL01.8EKD,DKBXL01.8EKD,DKBXL01.8EKD,1
nonroad,2016,GKBXL02.4GND,DKBXL02.4GND,DKBXL02.4GND,1
nonroad,2016,GH3XL1.49NTV,FH3XL1.49NTV,CH3XL1.49NTV,4
nonroad,2016,GH3XL2.00NCS,FH3XL2.00NCS,CH3XL2.00NCS,4
nonroad,2016,GKBXL03.8AMD,FKBXL03.8AMD,FKBXL03.8AMD,1
nonroad,2016,GH3XL2.22L84,FH3XL2.22L84,CH3XL2.22L84,4
nonroad,2016,GH3XL2.22NLC,FH3XL2.22NLC,CH3XL2.22NLC,4
nonroad,2016,GDDXL14.0WLD,DDDXL14.0WLD,CDDXL14.0WLD,2
nonroad,2016,GPKXL04.4ML1,FPKXL04.4ML1,FPKXL04.4ML1,1
nonroad,2015,FCPXL84.7NSF,,FCPXL84.7NSF,0
nonroad,2016,GCPXL78.1NVF,,GCPXL78.1NVF,0
nonroad,2016,GJDXL04.5212,CJDXL04.5212,CJDXL04.5212,1
nonroad,2016,GMMLL02.6T52,EMMLL02.6T52,EMMLL02.6T52,1
nonroad,2016,GKLXL23.2FDD,,GKLXL23.2FDD,0
nonroad,2016,GYDXL0.99NPA,DYDXL0.99NPA,DYDXL0.99NPA,1
nonroad,2015,FDCLL01.6D87,,FDCLL01.6D87,0
nonroad,2015,FVSXL12.8T4F,,FVSXL12.8T4F,0
nonroad,2015,FDZXL06.1061,,FDZXL06.1061,0
nonroad,2016,GDCLL01.8F7T,DDCLL01.8F7T,DDCLL01.8F7T,1
nonroad,2015,FJDXL04.5305,,FJDXL04.5305,0
nonroad,2015,FJDXL06.8309,,FJDXL06.8309,0
nonroad,2016,GH3XL2.22AB5,FH3XL2.22AB5,EH3XL2.22AB5,2
nonroad,2015,FCPXL18.1HTG,,FCPXL18.1HTG,0
nonroad,2015,FDZXL07.8047,,FDZXL07.8047,0
nonroad,2017,HYDXL0.99NWA,DYDXL0.99NWA,DYDXL0.99NWA,1
nonroad,2015,FMDDL95.4XTR,9MDDL95.4XTR,FMDDL95.4XTR,0
nonroad,2015,FVSXL16.1T4F,,FVSXL16.1T4F,0
nonroad,2016,GDZXL06.1061,FDZXL06.1061,FDZXL06.1061,1
nonroad,2016,GDZXL03.6063,FDZXL03.6063,FDZXL03.6063,1
nonroad,2016,GKHXL3.36TCG,,GKHXL3.36TCG,0
nonroad,2016,GKMCL1.72A31,FKMCL1.72A31,FKMCL1.72A31,1
nonroad,2016,GDZXL03.6060,FDZXL03.6060,FDZXL03.6060,1
nonroad,2016,GDZXL15.9058,FDZXL15.9058,FDZXL15.9058,1
nonroad,2016,GH3XL2.22TDI,DH3XL2.22TDI,DH3XL2.22TDI,1
nonroad,2015,FJCBL04.4TA5,DJCBL04.4TA5,DJCBL04.4TA5,1
nonroad,2016,GJDXL04.5214,DJDXL04.5214,DJDXL04.5214,1
nonroad,2016,GDZXL07.1030,FDZXL07.1030,CDZXL07.1030,4
nonroad,2016,GJCBL04.4S09,,GJCBL04.4S09,0
nonroad,2016,GPKXL04.4NR1,FPKXL04.4NR1,FPKXL04.4NR1,1
nonroad,2016,GYDXL1.57TDA,DYDXL1.57TDA,DYDXL1.57TDA,1
nonroad,2013,DSZXL05.2LXA,CSZXL05.2LXA,CSZXL05.2LXA,1
nonroad,2012,CSZXL09.8LXA,,CSZXL09.8LXA,0
nonroad,2017,HYDXL1.64S3A,CYDXL1.64J3N,CYDXL1.64J3N,1
nonroad,2016,GNFXL03.0DD3,,GNFXL03.0DD3,0
nonroad,2016,GDICL02.4LEB,FDICL02.4LEB,FDICL02.4LEB,1
nonroad,2016,GMMLL02.7C45,,GMMLL02.7C45,0
nonroad,2016,GPKXL04.4MK1,FPKXL04.4MK1,FPKXL04.4MK1,1
nonroad,2017,HJDXL02.9121,DJDXL02.9121,DJDXL02.9121,1
nonroad,2017,HJDXL04.5119,CJDXL04.5119,CJDXL04.5119,1
nonroad,2017,HJDXL09.0114,CJDXL09.0114,CJDXL09.0114,1
nonroad,2016,GDICL01.8LEA,FDICL01.8LEA,FDICL01.8LEA,1
nonroad,2016,GJDXL04.5305,FJDXL04.5305,FJDXL04.5305,1
nonroad,2014,ESIDL07.4G6B,,ESIDL07.4G6B,0
nonroad,2012,CSIDL08.4H6B,,CSIDL08.4H6B,0
nonroad,2016,GPKXL04.4MT1,FPKXL04.4MT1,FPKXL04.4MT1,1
nonroad,2016,GFPXL11.1T4W,,GFPXL11.1T4W,0
nonroad,2015,FFPXL11.1T4W,,FFPXL11.1T4W,0
nonroad,2017,HMMLL02.6T52,EMMLL02.6T52,EMMLL02.6T52,1
nonroad,2017,HMMLL02.6N52,DMMLL02.6N52,DMMLL02.6N52,1
nonroad,2017,HYDXL0.99NS3,DYDXL0.99NS3,DYDXL0.99NS3,1
nonroad,2017,HVPXL12.8BCA,GVPXL12.8BCA,CVPXL12.8BCA,5
nonroad,2017,HMMLL02.7C49,DMMLL02.7C49,DMMLL02.7C49,1
nonroad,2016,GCPXL12.5HTG,FCPXL12.5HTG,FCPXL12.5HTG,1
nonroad,2016,GCPXL18.1HTG,FCPXL18.1HTG,FCPXL18.1HTG,1
nonroad,2017,HYDXL2.00S4T,CYDXL2.00J4T,CYDXL2.00J4T,1
nonroad,2017,HKBXL.276KCB,DKBXL.276KCB,DKBXL.276KCB,1
nonroad,2017,HKBXL.416KCB,DKBXL.416KCB,DKBXL.416KCB,1
nonroad,2017,HKBXL01.5BCC,DKBXL01.5BCC,DKBXL01.5BCC,1
nonroad,2016,GH3XL.761F1C,FH3XL.761F1C,DH3XL.507F1C,3
nonroad,2016,GH3XL1.49F2V,FH3XL1.49F2V,FH3XL1.49F2V,1
nonroad,2017,HKBXL02.4EMC,FKBXL02.4EMC,FKBXL02.4EMC,1
nonroad,2017,HDCLL01.0D75,DDCLL01.0D75,BDCLL01.0D75,2
nonroad,2018,JYDXL0.99NWB,HYDXL0.99NWB,HYDXL0.99NWB,1
nonroad,2017,HMBXL04.8RJC,FMBXL04.8RJC,FMBXL04.8RJC,1
nonroad,2016,GJDXL02.9303,EJDXL02.9303,EJDXL02.9303,1
nonroad,2017,HMMLL02.7C42,EMMLL02.7C42,EMMLL02.7C42,1
nonroad,2016,GCPXL32.0HXF,FCPXL32.0HXF,CCPXL32.0HXA,4
nonroad,2016,GH3XL2.22NFV,GH3XL2.22NFV,GH3XL2.22NFV,0
nonroad,2017,HDZXL04.8025,GDZXL04.8025,CDZXL04.8025,5
nonroad,2016,GH3XL2.22TF3,GH3XL2.22TF3,GH3XL2.22TF3,0
nonroad,2016,GJDXL06.8312,,GJDXL06.8312,0
nonroad,2017,HKHXL1.37SF1,GKHXL1.37SF1,DKHXL1.37SF1,4
nonroad,2017,HKHXL3.36TCG,GKHXL3.36TCG,GKHXL3.36TCG,1
nonroad,2017,HDZXL07.1027,GDZXL07.1027,CDZXL07.1027,5
nonroad,2017,HDZXL05.7052,GDZXL05.7052,FDZXL05.7052,2
nonroad,2014,EFPXL06.7SCB,,EFPXL06.7SCB,0
nonroad,2017,HFPXL06.7DGS,,HFPXL06.7DGS,0
nonroad,2017,HYDXL2.09HDA,DYDXL2.09HDA,DYDXL2.09HDA,1
nonroad,2017,HMMLL03.5H15,,HMMLL03.5H15,0
nonroad,2017,HDZXL06.1049,GDZXL06.1049,FDZXL06.1049,2
nonroad,2017,HYDXL2.09TGA,,HYDXL2.09TGA,0
nonroad,2018,JCPXL15.2NZS,HCPXL15.2NZS,CCPXL15.2NZS,6
nonroad,2017,HDICL05.8LEA,GDICL05.8LEA,FDICL05.8LEA,2
nonroad,2017,HFTGL02.2R3N,GFTGL02.2R3N,FFTGL02.2R3N,2
nonroad,2018,JKHXL3.36EST,FKHXL3.36EST,FKHXL3.36EST,1
nonroad,2017,HDZXL03.6055,,HDZXL03.6055,0
nonroad,2017,HKBXL03.3GMD,,HKBXL03.3GMD,0
nonroad,2017,HSIDL16.8H6C,,HSIDL16.8H6C,0
nonroad,2017,HSIDL04.9G6C,,HSIDL04.9G6C,0
nonroad,2018,JPKXL7.01BL1,HPKXL7.01BL1,FPKXL7.01BL1,3
nonroad,2017,HMVXL01.0EDB,GMVXL01.0EDB,GMVXL01.0EDB,1
nonroad,2017,HNFXL03.0DD3,GNFXL03.0DD3,GNFXL03.0DD3,1
nonroad,2018,JSIDL06.6G6D,HSIDL06.6G6D,HSIDL06.6G6D,1
nonroad,2017,HMMLL03.5N92,,HMMLL03.5N92,0
nonroad,2018,JYDXL1.27NS4,DYDXL1.27NS4,DYDXL1.27NS4,1
nonroad,2018,JYDXL0.57NXA,DYDXL0.57NXA,DYDXL0.57NXA,1
nonroad,2017,HH3XL1.49F2C,FH3XL1.49F2C,DH3XL1.49F2C,3
nonroad,2017,HKBXL01.3DCB,DKBXL01.3DCB,DKBXL01.3DCB,1
nonroad,2018,JYDXL1.33S3N,CYDXL1.33J3N,CYDXL1.33J3N,1
nonroad,2017,HCPXL106.NVF,,HCPXL106.NVF,0
nonroad,2017,HJDXL06.8302,EJDXL06.8302,EJDXL06.8302,1
nonroad,2017,HJDXL06.8309,FJDXL06.8309,FJDXL06.8309,1
nonroad,2017,HKBXL01.8EMD,FKBXL01.8EMD,FKBXL01.8EMD,1
nonroad,2018,JTIEL01.81ZS,HTIEL01.81ZS,ETIEL01.81ZS,4
nonroad,2018,JDCLL01.0D5G,GDCLL01.0D5G,CDCLL01.0D5G,2
nonroad,2017,HVSXL10.8T4F,EVSXL10.8T4F,EVSXL10.8T4F,1
nonroad,2018,JMMLL03.5N71,DMMLL03.5N71,DMMLL03.5N71,1
nonroad,2018,JMMLL02.6M73,HMMLL02.6M73,HMMLL02.6M73,1
nonroad,2018,JKBXL02.4EMD,FKBXL02.4EMD,FKBXL02.4EMD,1
nonroad,2018,JKBXL03.3GMD,HKBXL03.3GMD,HKBXL03.3GMD,1
nonroad,2018,JVPXL16.1BDA,HVPXL16.1BDA,CVPXL16.1BDA,6
nonroad,2018,JKMCL1.71A39,DKMCL1.71A39,DKMCL1.71A39,1
nonroad,2018,JMMLL03.5H00,HMMLL03.5H00,HMMLL03.5H00,1
nonroad,2018,JKMCL2.39A45,BKMCL2.39A45,BKMCL2.39A45,1
nonroad,2018,JFTGL02.2R3N,GFTGL02.2R3N,FFTGL02.2R3N,2
nonroad,2018,JDZXL07.1030,HDZXL07.1030,CDZXL07.1030,6
nonroad,2018,JH3XL1.49TFV,FH3XL1.49TFV,EH3XL1.49TFV,2
nonroad,2018,JH3XL.507F1V,,JH3XL.507F1V,0
nonroad,2018,JH3XL2.22F2V,,JH3XL2.22F2V,0
nonroad,2017,HKLXL03.3JDB,,HKLXL03.3JDB,0
nonroad,2018,JLGCL02.5L4T,GLGCL02.5L4T,FLGCL02.5L4T,2
nonroad,2018,JHZXL1.72M41,HHZXL1.72M41,EHZXL1.72M41,4
nonroad,2018,JHZXL.517M50,GHZXL.517M50,DHZXL.517V51,4
nonroad,2018,JMMLL02.7NEF,DMMLL02.7NEF,DMMLL02.7NEF,1
nonroad,2017,HFPXL03.4ASD,HFPXL03.4ASD,HFPXL03.4ASD,0
nonroad,2018,JMBXL07.2RJC,FMBXL07.2RJC,FMBXL07.2RJC,1
nonroad,2018,JCKPL0.42AAA,GCKPL0.42AAA,GCKPL0.42AAA,1
nonroad,2017,HCPXL15.2HTF,GCPXL15.2HTF,ECPXL15.2HTF,3
nonroad,2017,HH3XL1.49N3T,GH3XL1.49N3T,CH3XL1.49N3T,5
nonroad,2017,HH3XL2.22N4L,GH3XL2.22N4L,CH3XL2.22N4L,5
nonroad,2017,HH3XL2.00N84,HH3XL2.00N84,HH3XL2.00N84,0
nonroad,2017,HH3XL1.13LCS,GH3XL1.13LCS,CH3XL1.13LCS,5
nonroad,2018,JMMLL02.6T70,,JMMLL02.6T70,0
nonroad,2018,JLGCL01.9L3D,,JLGCL01.9L3D,0
nonroad,2018,JVPXL05.1CJA,,JVPXL05.1CJA,0
nonroad,2018,JFGXL3.85ED0,,JFGXL3.85ED0,0
nonroad,2018,JVPXL10.8CJA,,JVPXL10.8CJA,0
nonroad,2018,JMMLL02.1E35,,JMMLL02.1E35,0
nonroad,2018,JVPXL16.1CJA,,JVPXL16.1CJA,0
nonroad,2018,JKLXL03.3JDC,,JKLXL03.3JDC,0
nonroad,2019,KSZXL02.2VNL,JSZXL02.2VNL,JSZXL02.2VNL,1
nonroad,2019,KKHXL3.36EST,JKHXL3.36EST,FKHXL3.36EST,2
nonroad,2018,JKOEL3.24TAX,,JKOEL3.24TAX,0
nonroad,2018,JJDXL04.5316,,JJDXL04.5316,0
nonroad,2019,KH3XL2.22TCC,JH3XL2.22TCC,CH3XL2.22TCC,7
nonroad,2019,KH3XL2.22NLC,JH3XL2.22NLC,CH3XL2.22NLC,7
nonroad,2019,KPKXL04.4NL1,JPKXL04.4NL1,CPKXL04.4NL1,7
nonroad,2019,KPKXL04.4NM1,JPKXL04.4NM1,CPKXL04.4NM1,7
nonroad,2019,KCPXL12.5NYS,JCPXL12.5NYS,ECPXL12.5NYS,5
nonroad,2018,JKBXL02.6EKD,DKBXL02.6EKD,DKBXL02.6EKD,1
nonroad,2019,KYDXL0.32H1N,FYDXL0.32H1N,FYDXL0.32H1N,1
nonroad,2019,KYDXL2.00S4T,CYDXL2.00J4T,CYDXL2.00J4T,1
nonroad,2019,KYDXL1.64S3N,CYDXL1.64M3N,CYDXL1.64M3N,1
nonroad,2019,KYDXL1.27NUA,DYDXL1.27NUA,DYDXL1.27NUA,1
nonroad,2019,KYDXL2.19NFA,DYDXL2.19NFA,DYDXL2.19NFA,1
nonroad,2018,JFPXL11.1T4W,HFPXL11.1T4W,HFPXL11.1T4W,1
nonroad,2018,JCPXL18.1NYS,HCPXL18.1NYS,CCPXL18.1NYS,6
nonroad,2019,KH3XL1.13SLV,JH3XL1.13SLV,CH3XL1.13SLV,7
nonroad,2018,JMDDL95.4GTR,9MDDL95.4XTR,JMDDL95.4GTR,0
nonroad,2019,KMDDL40.1GNR,GMDDL40.1GNR,FMDDL40.1GNR,2
nonroad,2019,KFPXL03.4ADD,JFPXL03.4ADD,HFPXL03.4ADD,2
nonroad,2019,KMBXL04.8RJC,FMBXL04.8RJC,FMBXL04.8RJC,1
nonroad,2018,JPKXL04.4MW1,HPKXL04.4MW1,FPKXL04.4MW1,3
nonroad,2019,KYDXL3.32NGA,HYDXL3.32NGA,HYDXL3.32NGA,1
nonroad,2019,KMMLL02.7M30,EMMLL02.7M30,EMMLL02.7M30,1
nonroad,2019,KDZXL04.8025,HDZXL04.8025,CDZXL04.8025,6
nonroad,2018,JYDXL2.09TDA,HYDXL2.09TDA,HYDXL2.09TDA,1
nonroad,2018,JYDXL2.09HDA,DYDXL2.09HDA,DYDXL2.09HDA,1
nonroad,2019,KDZXL07.1026,HDZXL07.1026,CDZXL07.1026,6
nonroad,2019,KKBXL01.0BCB,DKBXL01.0BCB,DKBXL01.0BCB,1
nonroad,2019,KKBXL01.3DCC,DKBXL01.3DCC,DKBXL01.3DCC,1
nonroad,2019,KKBXL03.8AAC,GKBXL03.8AAC,GKBXL03.8AAC,1
nonroad,2019,KKBXL02.4EKC,EKBXL02.4EKC,EKBXL02.4EKC,1
nonroad,2019,KKBXL02.4END,DKBXL02.4END,DKBXL02.4END,1
nonroad,2019,KKBXL03.8CKD,DKBXL03.8CKD,DKBXL03.8CKD,1
nonroad,2019,KMMLL02.6M63,HMMLL02.6M63,HMMLL02.6M63,1
nonroad,2019,KYDXL3.32TKA,,KYDXL3.32TKA,0
nonroad,2019,KMMLL02.6C63,HMMLL02.6C63,HMMLL02.6C63,1
nonroad,2019,KYDXL2.19NDA,DYDXL2.19NDA,DYDXL2.19NDA,1
nonroad,2019,KMVXL01.8EDB,GMVXL01.3EDB,GMVXL01.3EDB,1
nonroad,2018,JY9XL12.7DAA,,JY9XL12.7DAA,0
nonroad,2018,JY9XL16.4DAA,,JY9XL16.4DAA,0
nonroad,2017,HSZXL02.2PXA,DSZXL02.2PXA,DSZXL02.2PXA,1
nonroad,2017,HSZXL02.2PXB,ESZXL02.2PXB,ESZXL02.2PXB,1
nonroad,2019,KMVXL03.3EAC,,KMVXL03.3EAC,0
nonroad,2019,KMMLL03.5N95,HMMLL03.5N95,HMMLL03.5N95,1
nonroad,2019,KKOEL3.24NAX,JKOEL3.24NAX,JKOEL3.24NAX,1
nonroad,2019,KMBXL07.2RJC,FMBXL07.2RJC,FMBXL07.2RJC,1
nonroad,2020,LMBXL07.7RJA,KMBXL07.7RJA,KMBXL07.7RJA,1
nonroad,2019,KFPXL06.7DGS,JFPXL06.7DGS,JFPXL06.7DGS,1
nonroad,2019,KKBXL02.6G3D,,KKBXL02.6G3D,0
nonroad,2020,LSZXL02.2PXB,ESZXL02.2PXB,ESZXL02.2PXB,1
nonroad,2020,LYDXL0.99NS1,DYDXL0.99NS1,DYDXL0.99NS1,1
nonroad,2020,LYDXL1.27NUA,DYDXL1.27NUA,DYDXL1.27NUA,1
nonroad,2020,LJDXL04.5214,DJDXL04.5214,DJDXL04.5214,1
nonroad,2020,LJDXL13.5132,CJDXL13.5132,CJDXL13.5132,1
nonroad,2020,LJDXL09.0114,CJDXL09.0114,CJDXL09.0114,1
nonroad,2019,KVPXL05.1CJA,,KVPXL05.1CJA,0
nonroad,2019,KFPXL03.4ASD,JFPXL03.4ASD,HFPXL03.4ASD,2
nonroad,2019,KVPXL10.8CJA,,KVPXL10.8CJA,0
nonroad,2020,LJDXL02.9318,KJDXL02.9318,KJDXL02.9318,1
nonroad,2019,KKMCL2.29A48,FKMCL2.29A48,FKMCL2.29A48,1
nonroad,2019,KKMCL2.29A41,FKMCL2.29A41,FKMCL2.29A41,1
nonroad,2020,LKBXL.898KCC,JKBXL.898KCC,JKBXL.898KCC,1
nonroad,2020,LKBXL01.0BCB,DKBXL01.0BCB,DKBXL01.0BCB,1
nonroad,2019,KMMLL02.7D65,,KMMLL02.7D65,0
nonroad,2019,KMMLL02.7D55,,KMMLL02.7D55,0
nonroad,2020,LKBXL03.6BAC,GKBXL03.6BAC,GKBXL03.6BAC,1
nonroad,2020,LMVXL03.3AAK,7MVXL03.3AAF,LMVXL03.3AAK,0
nonroad,2019,KKLXL06.7AAM,HKLXL06.7AAM,HKLXL06.7AAM,1
nonroad,2020,LKBXL01.8EKD,DKBXL01.8EKD,DKBXL01.8EKD,1
nonroad,2020,LKBXL02.4EKD,DKBXL02.4EKD,DKBXL02.4EKD,1
nonroad,2020,LKBXL02.4E3D,KKBXL02.4E3D,KKBXL02.4E3D,1
nonroad,2020,LMVXL02.2EAA,DMVXL02.2AAA,DMVXL02.2AAA,1
nonroad,2020,LKBXL02.6E3D,KKBXL02.6E3D,KKBXL02.6E3D,1
nonroad,2020,LKBXL02.6G3D,KKBXL02.6G3D,KKBXL02.6G3D,1
nonroad,2020,LKBXL03.8C1D,KKBXL03.8C1D,KKBXL03.8C1D,1
nonroad,2020,LMVXL03.3EAC,KMVXL03.3EAC,KMVXL03.3EAC,1
nonroad,2019,KH3XL.761F1C,JH3XL.761F1C,DH3XL.507F1C,5
nonroad,2019,KY9XL16.4DAA,,KY9XL16.4DAA,0
nonroad,2020,LDZXL02.2112,,LDZXL02.2112,0
nonroad,2020,LPKXL04.4NL1,KPKXL04.4NL1,CPKXL04.4NL1,8
nonroad,2021,MYDXL2.19NFA,DYDXL2.19NFA,DYDXL2.19NFA,1
nonroad,2019,KYDXL3.05HDA,,KYDXL3.05HDA,0
nonroad,2020,LH3XL2.22NLT,KH3XL2.22NLT,CH3XL2.22NLT,8
nonroad,2020,LMDDL14.0ZWK,AMDDL14.0GWK,LMDDL14.0ZWK,0
nonroad,2020,LMDDL95.4GTR,9MDDL95.4XTR,LMDDL95.4GTR,0
nonroad,2020,LMDDL76.3XTM,FMDDL95.4XTM,FMDDL95.4XTM,1
nonroad,2019,KKLXL08.9AAM,HKLXL08.9AAM,HKLXL08.9AAM,1
nonroad,2019,KJDXL09.0308,GJDXL09.0308,GJDXL09.0308,1
nonroad,2020,LDZXL03.6063,KDZXL03.6063,FDZXL03.6063,5
nonroad,2020,LFPXL03.4DES,,LFPXL03.4DES,0
nonroad,2020,LFPXL03.4DER,,LFPXL03.4DER,0
nonroad,2020,LDICL03.4LEB,KDICL03.4LEB,FDICL03.4LEB,5
nonroad,2020,LDICL02.4LEB,KDICL02.4LEB,FDICL02.4LEB,5
nonroad,2019,KCPXL18.1NZS,JCPXL18.1NZS,CCPXL18.1NZS,7
nonroad,2019,KCPXL18.1HTF,JCPXL18.1HTF,ECPXL18.1HTF,5
nonroad,2020,LFPXL03.4BSD,KFPXL03.4BSD,HFPXL03.4BSD,3
nonroad,2019,KJCBL04.8S12,HJCBL04.8S12,HJCBL04.8S12,1
nonroad,2019,KCPXL84.7NSF,JCPXL84.7NSF,FCPXL84.7NSF,4
nonroad,2020,LKOEL4.33TAX,KKOEL4.33TAX,KKOEL4.33TAX,1
nonroad,2019,KCEXL08.9AAL,FCEXL08.9AAL,FCEXL08.9AAL,1
nonroad,2020,LCEXL08.9AAL,FCEXL08.9AAL,FCEXL08.9AAL,1
nonroad,2020,LDZXL07.8051,KDZXL07.8051,JDZXL07.8051,2
nonroad,2020,LFPXL04.5DTD,JFPXL04.5DTD,JFPXL04.5DTD,1
nonroad,2019,KMNBL09.0OR4,,KMNBL09.0OR4,0
nonroad,2020,LPKXL2.22TIC,,LPKXL2.22TIC,0
nonroad,2020,LPKXL1.49F2C,,LPKXL1.49F2C,0
nonroad,2020,LKBXL01.8EMD,FKBXL01.8EMD,FKBXL01.8EMD,1
nonroad,2020,LKLXL04.5AAI,GKLXL04.5AAI,GKLXL04.5AAI,1
nonroad,2020,LPKXL07.0PW2,KPKXL07.0PW2,FPKXL07.0PW2,5
nonroad,2020,LPKXL04.4MU1,KPKXL04.4MU1,FPKXL04.4MU1,5
nonroad,2021,MJDXL06.8120,CJDXL06.8120,CJDXL06.8120,1
nonroad,2020,LPKXL07.0BN1,KPKXL07.0BN1,EPKXL07.0BN1,6
nonroad,2020,LSIDL07.4G6B,,LSIDL07.4G6B,0
nonroad,2020,LKBXL01.5A1D,,LKBXL01.5A1D,0
nonroad,2021,MJDXL04.5315,FJDXL04.5305,FJDXL04.5305,1
nonroad,2021,MJDXL13.5314,GJDXL13.5314,GJDXL13.5314,1
nonroad,2020,LFPXL03.4ASD,JFPXL03.4ASD,HFPXL03.4ASD,2
nonroad,2021,MFPXL06.7DGB,JFPXL06.7DGB,JFPXL06.7DGB,1
nonroad,2021,MICLL1.12B3X,GICLL1.12B3X,DICLL1.12B3X,4
nonroad,2021,MICLL1.50C3X,GICLL1.50C3X,DICLL1.50C3X,4
nonroad,2020,LFPXL03.4DEK,,LFPXL03.4DEK,0
nonroad,2020,LKLXL11.0DDC,EKLXL11.0DDC,EKLXL11.0DDC,1
nonroad,2016,GCEXL08.9AAN,,GCEXL08.9AAN,0
nonroad,2021,MLGCL01.9L3C,HLGCL01.9L3C,FLGCL01.9L3C,3
nonroad,2020,LFPXL08.7CLA,JFPXL08.7CLA,HFPXL08.7CLA,2
nonroad,2020,LYDXL1.57HDA,DYDXL1.57HDA,DYDXL1.57HDA,1
nonroad,2021,MPKXL02.2TIC,LPKXL2.22TIC,LPKXL2.22TIC,1
nonroad,2021,MYDXL.993NS4,DYDXL0.99NS4,DYDXL0.99NS4,1
nonroad,2021,MYDXL01.1NPB,LYDXL1.12NPB,LYDXL1.12NPB,1
nonroad,2021,MYDXL01.3NSA,DYDXL1.27NS1,DYDXL1.27NS1,1
nonroad,2021,MYDXL01.3NS1,DYDXL1.27NS1,DYDXL1.27NS1,1
nonroad,2021,MYDXL01.3NS2,DYDXL1.27NS2,DYDXL1.27NS2,1
nonroad,2021,MYDXL.569NUA,DYDXL0.57NUA,DYDXL0.57NUA,1
nonroad,2021,MMMLL02.7C45,GMMLL02.7C45,GMMLL02.7C45,1
nonroad,2021,MKBXL03.8A5D,,MKBXL03.8A5D,0
nonroad,2020,LFPXL15.9FR1,,LFPXL15.9FR1,0
nonroad,2020,LDCLL01.8HTV,,LDCLL01.8HTV,0
nonroad,2020,LKBXL01.5BCB,DKBXL01.5BCB,DKBXL01.5BCB,1
nonroad,2020,LJDXL06.8309,FJDXL06.8309,FJDXL06.8309,1
nonroad,2021,MKBXL.719KCC,DKBXL.719KCC,DKBXL.719KCC,1
nonroad,2021,MYDXL01.6NDA,HYDXL1.64NDA,HYDXL1.64NDA,1
nonroad,2021,MYDXL03.3NDA,HYDXL3.32NDA,HYDXL3.32NDA,1
nonroad,2021,MYDXL03.3NDB,HYDXL3.32NDB,HYDXL3.32NDB,1
nonroad,2021,MYDXL03.1HDA,,MYDXL03.1HDA,0
nonroad,2020,LKLXL06.7AAP,HKLXL06.7AAP,HKLXL06.7AAP,1
nonroad,2021,MMMLL02.7D45,DMMLL02.7M40,DMMLL02.7M40,1
nonroad,2021,MMMLL02.7D55,KMMLL02.7D65,KMMLL02.7D65,1
nonroad,2021,MKBXL01.0BCC,DKBXL01.0BCC,DKBXL01.0BCC,1
nonroad,2021,MKBXL03.8AMD,HKBXL03.8AMD,HKBXL03.8AMD,1
nonroad,2021,MKBXL06.1AMD,FKBXL06.1AMD,FKBXL06.1AMD,1
nonroad,2021,MDZXL02.2112,LDZXL02.2112,LDZXL02.2112,1
nonroad,2021,MY9XL12.7DAA,LY9XL12.7DAA,KY9XL12.7DAA,2
nonroad,2021,MKHXL.442ACF,LKHXL.442ACF,LKHXL.442ACF,1
nonroad,2020,LFPXL06.7FR1,,LFPXL06.7FR1,0
nonroad,2021,MKBXL01.8EKD,DKBXL01.8EKD,DKBXL01.8EKD,1
nonroad,2021,MKBXL03.8CMD,GKBXL03.8CMD,GKBXL03.8CMD,1
nonroad,2021,MKMCL1.72A34,LKMCL1.72A34,LKMCL1.72A34,1
nonroad,2021,MKMCL2.28A46,DKMCL2.28A46,DKMCL2.28A46,1
nonroad,2021,MKMCL3.41D43,CKMCL3.41D43,CKMCL3.41D43,1
nonroad,2020,LVSXL16.1HPE,,LVSXL16.1HPE,0
nonroad,2020,LCPXL78.1NVF,KCPXL78.1NVF,GCPXL78.1NVF,4
nonroad,2021,MKBXL03.3BCC,CKBXL03.3BCC,CKBXL03.3BCC,1
nonroad,2021,MJCBL04.4TAE,LJCBL04.4TAE,KJCBL04.4TAE,2
nonroad,2021,MKMCL1.17A33,DKMCL1.17A33,DKMCL1.17A33,1
nonroad,2021,MYDXL01.6HKA,,MYDXL01.6HKA,0
nonroad,2021,MDZXL03.6121,,MDZXL03.6121,0
nonroad,2021,MKHXL01.4SF1,,MKHXL01.4SF1,0
nonroad,2022,NMVXL03.3EAC,KMVXL03.3EAC,KMVXL03.3EAC,1
nonroad,2022,NFPXL03.4CDD,HFPXL03.4CDD,HFPXL03.4CDD,1
nonroad,2021,MYDXL.993NPA,DYDXL0.99NPA,DYDXL0.99NPA,1
nonroad,2021,MFPXL03.6EH2,,MFPXL03.6EH2,0
nonroad,2022,NFPXL06.7LIM,KFPXL06.7LIM,KFPXL06.7LIM,1
nonroad,2021,MFPXL12.9FR2,LFPXL12.9FR2,LFPXL12.9FR2,1
nonroad,2021,MDZXL06.1048,,MDZXL06.1048,0
nonroad,2021,MKHXL03.4TCR,,MKHXL03.4TCR,0
nonroad,2019,KVPXL16.1CDC,,KVPXL16.1CDC,0
nonroad,2021,MRDXL65.4AAA,,MRDXL65.4AAA,0
nonroad,2020,LVPXL16.1CDD,,LVPXL16.1CDD,0
nonroad,2021,MDZXL03.6123,,MDZXL03.6123,0
nonroad,2021,MYDXL02.1HKB,,MYDXL02.1HKB,0
nonroad,2018,JVPXL12.8CJA,,JVPXL12.8CJA,0
nonroad,2019,KVPXL07.7CJA,,KVPXL07.7CJA,0
nonroad,2021,MJDXL02.9318,KJDXL02.9318,KJDXL02.9318,1
nonroad,2021,MFPXL03.4DES,LFPXL03.4DES,LFPXL03.4DES,1
nonroad,2022,NFPXL11.1T4W,HFPXL11.1T4W,HFPXL11.1T4W,1
nonroad,2022,NVPXL07.7BDA,,NVPXL07.7BDA,0
nonroad,2022,NKBXL.479KCC,MKBXL.479KCC,MKBXL.479KCC,1
nonroad,2022,NKBXL.719KCC,DKBXL.719KCC,DKBXL.719KCC,1
nonroad,2022,NJDXL04.5141,CJDXL04.5141,CJDXL04.5141,1
nonroad,2022,NKBXL01.3DCC,DKBXL01.3DCC,DKBXL01.3DCC,1
nonroad,2022,NHZXL1.95V50,GHZXL1.95V50,FHZXL1.95V50,2
nonroad,2021,MVPXL16.1ADB,,MVPXL16.1ADB,0
nonroad,2021,MVPXL16.1CEB,,MVPXL16.1CEB,0
nonroad,2022,NJDXL02.9303,EJDXL02.9303,EJDXL02.9303,1
nonroad,2021,MMVXL03.3AAJ,7MVXL03.3AAC,MMVXL03.3AAJ,0
nonroad,2022,NYDXL.993NS3,DYDXL0.99NS3,DYDXL0.99NS3,1
nonroad,2022,NYDXL.993NS2,DYDXL0.99NS2,DYDXL0.99NS2,1
nonroad,2022,NKBXL02.4RNB,,NKBXL02.4RNB,0
nonroad,2021,MCPXL106.NVF,LCPXL106.NVF,HCPXL106.NVF,4
nonroad,2022,NFPXL03.4DER,LFPXL03.4DER,LFPXL03.4DER,1
nonroad,2022,NYDXL01.1S3N,CYDXL1.11U3N,CYDXL1.11U3N,1
nonroad,2018,JCEXL030.AAD,CCEXL030.AAD,CCEXL030.AAD,1
nonroad,2022,NKBXL02.4EKC,EKBXL02.4EKC,EKBXL02.4EKC,1
nonroad,2022,NKBXL01.5DCB,DKBXL01.1DCB,DKBXL01.1DCB,1
nonroad,2022,NYDXL03.3S4T,CYDXL3.32C4T,CYDXL3.32C4T,1
nonroad,2020,L6AXL04.2Z17,K6AXL04.2Z17,K6AXL04.2Z17,1
nonroad,2022,NSZXL03.0PTA,DSZXL03.0PTA,DSZXL03.0PTA,1
nonroad,2022,NPKXL04.4MW1,MPKXL04.4MW1,FPKXL04.4MW1,7
nonroad,2017,H6AXL04.2Z17,,H6AXL04.2Z17,0
nonroad,2021,MDICL03.4LEB,LDICL03.4LEB,FDICL03.4LEB,6
nonroad,2022,NFTGL02.2R3N,GFTGL02.2R3N,FFTGL02.2R3N,2
nonroad,2022,NPKXL02.8FM1,,NPKXL02.8FM1,0
nonroad,2022,NYDXL03.3TDA,HYDXL3.32TDA,HYDXL3.32TDA,1
nonroad,2022,NPKXL.761F2V,MPKXL.761F2V,LPKXL.761F2V,2
nonroad,2022,NPKXL01.5F2V,MPKXL01.5F2V,LPKXL1.49F2V,2
nonroad,2022,NJDXL09.0308,GJDXL09.0308,GJDXL09.0308,1
nonroad,2022,NYDXL01.6HKA,MYDXL01.6HKA,MYDXL01.6HKA,1
nonroad,2022,NPKXL02.2TIC,MPKXL02.2TIC,LPKXL2.22TIC,2
nonroad,2022,NPKXL02.2NLC,MPKXL02.2NLC,LPKXL2.22NLC,2
nonroad,2022,NMMLL02.6M63,HMMLL02.6M63,HMMLL02.6M63,1
nonroad,2021,MVSXL12.8T4F,,MVSXL12.8T4F,0
nonroad,2022,NSCLL03.6R74,KSCLL03.6R74,KSCLL03.6R74,1
nonroad,2021,MDZXL02.2111,,MDZXL02.2111,0
nonroad,2022,NDZXL04.8025,MDZXL04.8025,CDZXL04.8025,9
nonroad,2022,NDZXL07.1026,MDZXL07.1026,CDZXL07.1026,9
nonroad,2022,NMVXL24.5BBA,9MVXL24.5BBA,NMVXL24.5BBA,0
nonroad,2021,MICLL2.43F4X,,MICLL2.43F4X,0
nonroad,2022,NMVXL03.3CBB,KMVXL03.3CBB,KMVXL03.3CBB,1
nonroad,2022,NMVXL03.3AAJ,7MVXL03.3AAC,NMVXL03.3AAJ,0
nonroad,2022,NDZXL07.1032,MDZXL07.1032,CDZXL07.1032,9
nonroad,2022,NVPXL16.1BDA,MVPXL16.1BDA,KVPXL16.1BDA,3
nonroad,2021,MCPXL09.3NTF,LCPXL09.3NTF,KCPXL09.3NTF,2
nonroad,2021,MVPXL12.8BCA,LVPXL12.8BCA,KVPXL12.8BCA,2
nonroad,2021,MDCLL01.6D87,,MDCLL01.6D87,0
nonroad,2022,NCPXL12.5NYS,MCPXL12.5NYS,ECPXL12.5NYS,8
nonroad,2022,NCPXL18.1HTH,MCPXL18.1HTH,GCPXL18.1HTH,6
nonroad,2022,NYDXL03.1HDA,,NYDXL03.1HDA,0
nonroad,2022,NDICL05.8LEB,MDICL05.8LEB,MDICL05.8LEB,1
nonroad,2022,NKBXL01.3DCB,DKBXL01.3DCB,DKBXL01.3DCB,1
nonroad,2022,NKBXL01.6ECB,DKBXL01.7ECB,DKBXL01.7ECB,1
nonroad,2022,NKBXL01.63CB,JKBXL01.73CB,JKBXL01.73CB,1
nonroad,2022,NKLXL02.4KDC,MKLXL02.4KDC,MKLXL02.4KDC,1
nonroad,2022,NDICL01.8LEB,MDICL01.8LEB,KDICL01.8LEB,3
nonroad,2022,NMDDL14.0ZWK,AMDDL14.0GWK,NMDDL14.0ZWK,0
nonroad,2017,HSZXL03.0RXA,FSZXL03.0RXA,FSZXL03.0RXA,1
nonroad,2019,KSZXL03.0RXB,FSZXL03.0RXB,FSZXL03.0RXB,1
nonroad,2020,LSZXL03.0RXB,FSZXL03.0RXB,FSZXL03.0RXB,1
nonroad,2022,NKLXL04.5AAI,GKLXL04.5AAI,GKLXL04.5AAI,1
nonroad,2014,ESZXL05.2QXA,,ESZXL05.2QXA,0
nonroad,2015,FSZXL05.2RXB,,FSZXL05.2RXB,0
nonroad,2023,PMVXL24.5BBA,9MVXL24.5BBA,PMVXL24.5BBA,0
nonroad,2015,FSZXL07.8QXA,ESZXL07.8QXA,ESZXL07.8QXA,1
nonroad,2021,MSZXL07.8QXB,KSZXL07.8QXB,KSZXL07.8QXB,1
nonroad,2014,ESZXL09.8QXA,,ESZXL09.8QXA,0
nonroad,2020,LSZXL09.8QXA,ESZXL09.8QXA,ESZXL09.8QXA,1
nonroad,2023,PDZXL07.1026,NDZXL07.1026,CDZXL07.1026,10
nonroad,2023,PDZXL07.1028,NDZXL07.1028,CDZXL07.1028,10
nonroad,2022,NVPXL12.8CJA,MVPXL12.8CJA,MVPXL12.8CJA,1
nonroad,2018,JSZXL15.7QXA,ESZXL15.7QXA,ESZXL15.7QXA,1
nonroad,2023,PCEXL030.AAD,CCEXL030.AAD,CCEXL030.AAD,1
nonroad,2023,PDZXL03.6121,NDZXL03.6121,MDZXL03.6121,2
nonroad,2022,NFPXL03.4BSD,MFPXL03.4BSD,HFPXL03.4BSD,3
nonroad,2015,FSZXL15.7QXB,,FSZXL15.7QXB,0
nonroad,2016,GSZXL15.7QXB,FSZXL15.7QXB,FSZXL15.7QXB,1
nonroad,2023,PJDXL09.0114,CJDXL09.0114,CJDXL09.0114,1
nonroad,2022,NMNBL16.2OR4,MMNBL16.2OR4,MMNBL16.2OR4,1
nonroad,2023,PCPXL58.6HXS,NCPXL58.6HXS,LCPXL58.6HXS,3
nonroad,2023,PSZXL02.2ZTA,FSZXL02.2ZTA,FSZXL02.2ZTA,1
nonroad,2023,PDZXL02.9016,NDZXL02.9016,NDZXL02.9016,1
nonroad,2022,NPKXL07.0VM1,MPKXL07.0VM1,KPKXL07.0VM1,3
nonroad,2022,NPKXL02.2IR1,MPKXL02.2IR1,LPKXL2.22IR1,2
nonroad,2023,PJDXL13.5320,MJDXL13.5320,MJDXL13.5320,1
nonroad,2023,PPKXL01.5N3C,NPKXL01.5N3C,LPKXL1.49N3C,3
nonroad,2023,PKBXL.325KCB,DKBXL.325KCB,DKBXL.325KCB,1
nonroad,2022,NMDDL95.4GTZ,,NMDDL95.4GTZ,0
nonroad,2023,PKBXL.719KCC,DKBXL.719KCC,DKBXL.719KCC,1
nonroad,2023,PKBXL01.5DPD,KKBXL01.5DPD,KKBXL01.5DPD,1
nonroad,2023,PKBXL02.4GND,DKBXL02.4GND,DKBXL02.4GND,1
nonroad,2023,PKBXL02.4GKC,NKBXL02.4GKC,NKBXL02.4GKC,1
nonroad,2023,PKLXL23.2FDE,MKLXL23.2FDE,MKLXL23.2FDE,1
nonroad,2023,PPKXL01.1F2C,NPKXL01.1F2C,LPKXL1.13F2C,2
nonroad,2023,PFPXL03.4ADD,JFPXL03.4ADD,HFPXL03.4ADD,2
nonroad,2023,PMMLL02.6T60,JMMLL02.6T60,JMMLL02.6T60,1
nonroad,2023,PMMLL02.1E35,DMMLL02.7C49,DMMLL02.7C49,1
nonroad,2023,PYDXL01.6NGA,,PYDXL01.6NGA,0
nonroad,2023,PYDXL03.3S4N,,PYDXL03.3S4N,0
nonroad,2023,PYDXL01.6TDA,,PYDXL01.6TDA,0
nonroad,2023,PDCLL01.2D78,,PDCLL01.2D78,0
nonroad,2023,PKBXL02.6GND,DKBXL02.6GND,DKBXL02.6GND,1
nonroad,2023,PKBXL03.3EKD,DKBXL03.3EKD,DKBXL03.3EKD,1
nonroad,2022,NLGCL01.9L3D,KLGCL01.9L3D,KLGCL01.9L3D,1
nonroad,2023,PKBXL03.3BCC,CKBXL03.3BCC,CKBXL03.3BCC,1
nonroad,2023,PICLL01.8F3X,,PICLL01.8F3X,0
nonroad,2022,NFPXL03.4CSD,JFPXL03.4CSD,JFPXL03.4CSD,1
nonroad,2023,PYDXL03.3NDA,,PYDXL03.3NDA,0
nonroad,2023,PVPXL12.8BCA,NVPXL12.8BCA,KVPXL12.8BCA,4
nonroad,2023,PICLL01.8F3N,,PICLL01.8F3N,0
nonroad,2023,PMVXL03.3CBB,KMVXL03.3CBB,KMVXL03.3CBB,1
nonroad,2023,PJCBL04.4S09,HJCBL04.4S09,GJCBL04.4S09,2
nonroad,2023,PTYCL1.72A34,,PTYCL1.72A34,0
nonroad,2023,PTYCL3.41D44,,PTYCL3.41D44,0
nonroad,2023,PTYCL3.41D43,,PTYCL3.41D43,0
nonroad,2022,NCPXL106.NVG,MCPXL106.NVG,KCPXL106.NVG,3
nonroad,2023,PMMLL02.7R55,KMMLL02.7D65,KMMLL02.7D65,1
nonroad,2022,NDZXL04.1054,,NDZXL04.1054,0
nonroad,2023,PKHXL01.9DIM,,PKHXL01.9DIM,0
nonroad,2023,PSIDL03.3G7B,,PSIDL03.3G7B,0
nonroad,2023,PSIDL04.9G6C,,PSIDL04.9G6C,0
nonroad,2023,PJDXL04.5119,CJDXL04.5119,CJDXL04.5119,1
nonroad,2023,PMDDL95.4GTZ,,PMDDL95.4GTZ,0
nonroad,2023,PKLXL30.5GDC,JKLXL30.5GDC,JKLXL30.5GDC,1
nonroad,2023,PKBXL02.4RNB,NKBXL02.4RNB,NKBXL02.4RNB,1
nonroad,2023,PMNBL24.2OR4,JMNBL24.2OR4,JMNBL24.2OR4,1
nonroad,2021,MKLXL78.0AAI,KKLXL78.0AAI,KKLXL78.0AAI,1
nonroad,2023,PLHAL13.5SQC,KLHAL13.5SQC,KLHAL13.5SQC,1
nonroad,2023,PFPXL04.5LBH,JFPXL04.5LBH,JFPXL04.5LBH,1
nonroad,2023,PYDXL03.3TGA,,PYDXL03.3TGA,0
nonroad,2024,RSZXL02.2VTK,HSZXL02.2VTK,HSZXL02.2VTK,1
nonroad,2024,RSZXL03.0PTA,DSZXL03.0PTA,DSZXL03.0PTA,1
nonroad,2023,PDCLL01.8HTV,LDCLL01.8HTV,LDCLL01.8HTV,1
nonroad,2023,PDCLL01.6D7G,GDCLL01.6D7G,CDCLL02.2D7G,2
nonroad,2024,RSZXL03.0RXA,FSZXL03.0RXA,FSZXL03.0RXA,1
nonroad,2023,PKLXL04.5AAI,GKLXL04.5AAI,GKLXL04.5AAI,1
nonroad,2023,PDICL21.9LBG,NDICL21.9LBG,NDICL21.9LBG,1
nonroad,2020,LCEXL08.9AAQ,,LCEXL08.9AAQ,0
nonroad,2024,RSZXL07.8QXB,KSZXL07.8QXB,KSZXL07.8QXB,1
nonroad,2024,RYDXL03.8HDA,,RYDXL03.8HDA,0
nonroad,2024,RJDXL04.5214,DJDXL04.5214,DJDXL04.5214,1
nonroad,2024,RDZXL04.8029,PDZXL04.8029,CDZXL04.8029,11
nonroad,2023,PKHXL03.4TCR,,PKHXL03.4TCR,0
nonroad,2024,RPKXL04.4NR2,PPKXL04.4NR2,FPKXL04.4NR2,9
nonroad,2024,RMVXL03.3EAB,MMVXL03.3EAB,MMVXL03.3EAB,1
nonroad,2023,PCPXL09.3HTF,NCPXL09.3HTF,ECPXL09.3HTF,9
nonroad,2023,PPKXL07.0VL1,NPKXL07.0VL1,KPKXL07.0VL1,4
nonroad,2023,PPKXL07.0VM1,NPKXL07.0VM1,KPKXL07.0VM1,4
nonroad,2024,RPKXL.507F1V,PPKXL.507F1V,LPKXL.507F1V,4
nonroad,2024,RTYCL1.17A33,,RTYCL1.17A33,0
nonroad,2024,RJDXL02.9339,NJDXL02.9339,NJDXL02.9339,1
nonroad,2024,RJDXL13.5314,GJDXL13.5314,GJDXL13.5314,1
nonroad,2023,PFPXL03.4CSD,JFPXL03.4CSD,JFPXL03.4CSD,1
nonroad,2024,RHZXL02.0C51,,RHZXL02.0C51,0
nonroad,2024,RHZXL.722M92,PHZXL.722M92,PHZXL.722M92,1
nonroad,2024,RHZXL.347C32,PHZXL.347C32,NHZXL.347C32,2
nonroad,2023,PFPXL03.4CDD,HFPXL03.4CDD,HFPXL03.4CDD,1
nonroad,2023,PPKXL07.0BN1,NPKXL07.0BN1,EPKXL07.0BN1,9
nonroad,2023,PVPXL05.1CJB,,PVPXL05.1CJB,0
nonroad,2023,PDICL07.6LEA,NDICL07.6LEA,GDICL07.6LEA,7
nonroad,2024,RICLL01.1B3X,GICLL1.12B3X,DICLL1.12B3X,4
nonroad,2023,PDZXL07.8051,,PDZXL07.8051,0
nonroad,2023,PVPXL16.1CEB,MVPXL16.1CEB,MVPXL16.1CEB,1
nonroad,2023,PKHXL03.4TCP,,PKHXL03.4TCP,0
nonroad,2024,RYDXL01.3NPA,,RYDXL01.3NPA,0
nonroad,2024,RJDXL04.5315,FJDXL04.5305,FJDXL04.5305,1
nonroad,2024,RKBXL01.0BCC,NKBXL01.0BCC,NKBXL01.0BCC,1
nonroad,2024,RDCLL01.6D87,PDCLL01.6D87,PDCLL01.6D87,1
nonroad,2024,RMMLL02.7M40,DMMLL02.7M40,DMMLL02.7M40,1
nonroad,2023,PCPXL32.0HXF,NCPXL32.0HXF,CCPXL32.0HXA,11
nonroad,2024,RKBXL01.8EKD,DKBXL01.8EKD,DKBXL01.8EKD,1
nonroad,2024,RKBXL02.4GKC,NKBXL02.4GKC,NKBXL02.4GKC,1
nonroad,2024,RLHAL16.2VWC,MLHAL16.2VWC,MLHAL16.2VWC,1
nonroad,2024,RKBXL03.3E2D,KKBXL03.3E2D,KKBXL03.3E2D,1
nonroad,2024,RKBXL02.6EKD,DKBXL02.6EKD,DKBXL02.6EKD,1
nonroad,2024,RFPXL06.7CLA,KFPXL06.7CLA,KFPXL06.7CLA,1
nonroad,2023,PSCLL03.6R74,KSCLL03.6R74,KSCLL03.6R74,1
nonroad,2024,RYDXL01.6NMA,PYDXL01.6NMA,PYDXL01.6NMA,1
nonroad,2024,RVPXL16.1CDC,PVPXL16.1CDC,MVPXL16.1CDC,3
nonroad,2024,RVPXL12.8CJA,PVPXL12.8CJA,MVPXL12.8CJA,3
nonroad,2024,RDCLL01.8HTV,,RDCLL01.8HTV,0
nonroad,2023,PVSXL16.1HPE,,PVSXL16.1HPE,0
nonroad,2023,PFGXL3.85E0V,JFGXL3.85E0V,JFGXL3.85E0V,1
nonroad,2024,RCPXL78.1NSF,PCPXL78.1NSF,FCPXL78.1NSF,9
nonroad,2024,RJCBL04.8EM1,PJCBL04.8EM1,PJCBL04.8EM1,1
nonroad,2024,RCEXL0275AAG,,RCEXL0275AAG,0
nonroad,2024,RYDXL03.3NLA,,RYDXL03.3NLA,0
nonroad,2024,RYDXL.993NUA,PYDXL.993NUA,PYDXL.993NUA,1
nonroad,2024,RYDXL02.0S4T,PYDXL02.0S4T,PYDXL02.0S4T,1
nonroad,2024,RYDXL02.2S4N,PYDXL02.2S4N,PYDXL02.2S4N,1
nonroad,2024,RYDXL03.3TDB,PYDXL03.3TDB,PYDXL03.3TDB,1
nonroad,2024,RY9XL09.3DAA,LY9XL09.3DAA,LY9XL09.3DAA,1
nonroad,2024,RY9XL12.7DAA,KY9XL12.7DAA,KY9XL12.7DAA,1
nonroad,2024,RCEXL08.9AAL,,RCEXL08.9AAL,0
nonroad,2016,GCEXL04.5AAH,,GCEXL04.5AAH,0
nonroad,2022,NCEXL04.5AAK,,NCEXL04.5AAK,0
nonroad,2023,PCEXL04.5AAL,,PCEXL04.5AAL,0
nonroad,2017,HCEXL15.0AAL,ECEXL15.0AAL,ECEXL15.0AAL,1
nonroad,2022,NCEXL06.7AAQ,,NCEXL06.7AAQ,0
nonroad,2019,KCEXL06.7AAQ,,KCEXL06.7AAQ,0
nonroad,2020,LCEXL0275AAH,,LCEXL0275AAH,0
nonroad,2018,JCEXL0275AAH,,JCEXL0275AAH,0
nonroad,2013,DCEXL0275AAH,,DCEXL0275AAH,0
nonroad,2023,PCEXL0409AAB,,PCEXL0409AAB,0
nonroad,2021,MCEXL12.0AAA,FCEXL12.0AAA,FCEXL12.0AAA,1
nonroad,2022,NCEXL0409AAC,,NCEXL0409AAC,0
nonroad,2021,MCEXL0409AAC,,MCEXL0409AAC,0
nonroad,2019,KCEXL0505AAE,ECEXL0505AAE,CCEXL0505AAE,3
nonroad,2024,RCEXL030.AAD,CCEXL030.AAD,CCEXL030.AAD,1
nonroad,2018,JCEXL12.0AAA,FCEXL12.0AAA,FCEXL12.0AAA,1
nonroad,2019,KCEXL0409AAD,,KCEXL0409AAD,0
nonroad,2022,NCEXL0661AAH,,NCEXL0661AAH,0
nonroad,2024,RICLL02.4F4I,NICLL02.4F4I,NICLL02.4F4I,1
nonroad,2014,ECEXL0661AAH,,ECEXL0661AAH,0
nonroad,2024,RMNBL09.0OR4,KMNBL09.0OR4,KMNBL09.0OR4,1
nonroad,2024,RLHAL24.2VQT,GLHAL24.2VQT,GLHAL24.2VQT,1
nonroad,2024,RDZXL07.8051,,RDZXL07.8051,0
nonroad,2025,SSZXL02.2PXC,DSZXL02.2PXA,DSZXL02.2PXA,1
nonroad,2023,PLHAL45.0ESP,JLHAL45.0ESP,GLHAL45.0ESP,2
nonroad,2024,RDICL03.4LEA,PDICL03.4LEA,HDICL03.4LEA,7
nonroad,2022,NDICL03.4LEC,MDICL03.4LEC,HDICL03.4LEC,5
nonroad,2024,RJCBL04.4S09,HJCBL04.4S09,GJCBL04.4S09,2
nonroad,2021,MCEXL78.0AAB,,MCEXL78.0AAB,0
nonroad,2019,KCEXL78.0AAB,,KCEXL78.0AAB,0
nonroad,2021,MCEXL60.0AAB,GCEXL60.0AAB,GCEXL60.0AAB,1
nonroad,2024,RJDXL06.8309,FJDXL06.8309,FJDXL06.8309,1
nonroad,2024,RVPXL05.1CJA,MVPXL05.1CJA,MVPXL05.1CJA,1
nonroad,2019,KCEXL78.0AAA,ECEXL78.0AAA,ECEXL78.0AAA,1
nonroad,2014,ECEXL78.0AAA,,ECEXL78.0AAA,0
nonroad,2024,RKBXL02.4EMD,FKBXL02.4EMD,FKBXL02.4EMD,1
nonroad,2024,RKBXL02.4END,DKBXL02.4END,DKBXL02.4END,1
nonroad,2024,RYDXL01.6HDA,PYDXL01.6HDA,PYDXL01.6HDA,1
nonroad,2024,RCEXL50.0AAF,,RCEXL50.0AAF,0
nonroad,2025,SCPXL15.2NZS,RCPXL15.2NZS,CCPXL15.2NZS,13
nonroad,2025,SLHAL10.5SQC,ELHAL10.5SQC,ELHAL10.5SQC,1
nonroad,2025,SLHAL10.5SWC,MLHAL10.5SWC,MLHAL10.5SWC,1
nonroad,2025,SLHAL08.0SQC,ELHAL7.96SQC,ELHAL7.96SQC,1
nonroad,2025,SSIDL06.6G6D,RSIDL06.6G6D,MSIDL06.6G6D,4
nonroad,2024,RYDXL.570NUB,,RYDXL.570NUB,0
nonroad,2023,PCEXL060.AAD,,PCEXL060.AAD,0
nonroad,2020,LCEXL060.AAD,,LCEXL060.AAD,0
nonroad,2019,KCEXL060.AAD,,KCEXL060.AAD,0
nonroad,2016,GCEXL060.AAD,,GCEXL060.AAD,0
nonroad,2024,RCPXL09.3HTF,PCPXL09.3HTF,ECPXL09.3HTF,10
nonroad,2025,SJDXL09.0313,GJDXL09.0313,GJDXL09.0313,1
nonroad,2024,RVPXL16.1ACC,PVPXL16.1ACC,LVPXL16.1ACC,3
nonroad,2024,RJDXL13.5334,MJDXL13.5334,MJDXL13.5334,1
nonroad,2025,SDCLL03.8JAV,RDCLL03.8JAV,RDCLL03.8JAV,1
nonroad,2019,KLHAL45.0ESP,JLHAL45.0ESP,GLHAL45.0ESP,2
nonroad,2024,RVSXL10.8STV,,RVSXL10.8STV,0
nonroad,2024,RPKXL04.4MU1,PPKXL04.4MU1,FPKXL04.4MU1,8
nonroad,2018,JLHAL16.2VQC,ELHAL16.2VQC,ELHAL16.2VQC,1
nonroad,2025,SCEXL12.0AAA,RCEXL12.0AAA,FCEXL12.0AAA,2
nonroad,2024,RFPXL15.9GT2,,RFPXL15.9GT2,0
nonroad,2019,KLHAL16.2VQC,ELHAL16.2VQC,ELHAL16.2VQC,1
nonroad,2025,SYDXL.993NSA,PYDXL.993NSA,PYDXL.993NSA,1
nonroad,2025,SYDXL01.1S3N,PYDXL01.1S3N,PYDXL01.1S3N,1
nonroad,2019,KLHAL09.0SQC,,KLHAL09.0SQC,0
nonroad,2024,RKHXL03.4EST,,RKHXL03.4EST,0
nonroad,2025,SKBXL01.5FCC,DKBXL01.5FCC,DKBXL01.5FCC,1
nonroad,2024,RYDXL02.1HKB,,RYDXL02.1HKB,0
nonroad,2025,SKBXL.899KCB,DKBXL.898KCB,DKBXL.898KCB,1
nonroad,2024,RFPXL03.6EH2,,RFPXL03.6EH2,0
nonroad,2024,RFGXL3.85E0V,JFGXL3.85E0V,JFGXL3.85E0V,1
nonroad,2024,RCPXL58.6HXZ,PCPXL58.6HXZ,LCPXL58.6HXZ,4
nonroad,2025,SMMLL02.7C38,EMMLL02.7C38,EMMLL02.7C38,1
nonroad,2026,TYDXL.993NWB,RYDXL.993NWB,RYDXL.993NWB,1
nonroad,2025,SYDXL03.3TKA,PYDXL03.3TKA,PYDXL03.3TKA,1
nonroad,2025,SYDXL01.3NPA,RYDXL01.3NPA,RYDXL01.3NPA,1
nonroad,2024,RCPXL12.5NTF,PCPXL12.5NTF,LCPXL12.5NTF,4
nonroad,2022,NCEXL95.0AAA,,NCEXL95.0AAA,0
nonroad,2020,LCEXL95.0AAA,,LCEXL95.0AAA,0
nonroad,2025,SYDXL01.6HDA,PYDXL01.6HDA,PYDXL01.6HDA,1
nonroad,2025,SMVXL0.64EBB,,SMVXL0.64EBB,0
nonroad,2025,SVPXL12.8BCA,PVPXL12.8BCA,KVPXL12.8BCA,5
nonroad,2025,SVPXL16.1ADB,RVPXL16.1ADB,MVPXL16.1ADB,4
nonroad,2025,SKBXL03.3EMD,FKBXL03.3EMD,FKBXL03.3EMD,1
nonroad,2025,SVPXL07.7CJB,RVPXL07.7CJB,PVPXL07.7CJB,2
nonroad,2024,RVPXL16.1CDD,PVPXL16.1CDD,MVPXL16.1CDD,3
nonroad,2025,SCEXL050.AAD,,SCEXL050.AAD,0
nonroad,2025,SDZXL02.9021,,SDZXL02.9021,0
nonroad,2025,SCEXL19.0AAA,,SCEXL19.0AAA,0
nonroad,2025,SKHXL.442ACF,,SKHXL.442ACF,0
nonroad,2025,SMNBL12.4OR4,HMNBL12.4OR4,GMNBL12.4OR4,2
nonroad,2025,SPKXL02.2IW1,RPKXL02.2IW1,LPKXL2.22IW1,5
nonroad,2025,SCEXL023.AAB,CCEXL023.AAB,CCEXL023.AAB,1
nonroad,2025,SY9XL09.3DAA,LY9XL09.3DAA,LY9XL09.3DAA,1
nonroad,2016,GFPXL04.5SCB,,GFPXL04.5SCB,0
nonroad,2020,LFPXL04.5SCB,,LFPXL04.5SCB,0
nonroad,2022,NLHAL08.0SWC,,NLHAL08.0SWC,0
nonroad,2025,SKHXL02.5EST,,SKHXL02.5EST,0
nonroad,2022,NFPXL04.5SCB,LFPXL04.5SCB,LFPXL04.5SCB,1
nonroad,2025,SDZXL04.1056,,SDZXL04.1056,0
nonroad,2023,PPKXL02.2TD7,,PPKXL02.2TD7,0
nonroad,2020,LCEXL19.0AAA,,LCEXL19.0AAA,0
nonroad,2025,SPKXL02.2TCC,RPKXL02.2TCC,LPKXL2.22TCC,5
nonroad,2025,SFPXL20.1T4B,JFPXL20.1T4B,JFPXL20.1T4B,1
nonroad,2024,RFPXL20.1T4B,JFPXL20.1T4B,JFPXL20.1T4B,1
nonroad,2021,MFPXL20.1T4B,JFPXL20.1T4B,JFPXL20.1T4B,1
nonroad,2026,TJDXL02.9142,FJDXL02.9142,FJDXL02.9142,1
nonroad,2024,RCEXL06.7AAL,,RCEXL06.7AAL,0
nonroad,2023,PCEXL06.7AAL,,PCEXL06.7AAL,0
nonroad,2020,LCEXL06.7AAL,,LCEXL06.7AAL,0
nonroad,2022,NCEXL04.5AAJ,,NCEXL04.5AAJ,0
nonroad,2016,GCEXL04.5AAJ,,GCEXL04.5AAJ,0
nonroad,2015,FCEXL04.5AAJ,,FCEXL04.5AAJ,0
nonroad,2023,PCEXL04.5AAJ,,PCEXL04.5AAJ,0
nonroad,2026,TTYCL1.72A34,PTYCL1.72A34,PTYCL1.72A34,1
nonroad,2025,SCEXL02.8AAC,GCEXL02.8AAC,GCEXL02.8AAC,1
nonroad,2026,TSZXL03.0PTA,DSZXL03.0PTA,DSZXL03.0PTA,1
nonroad,2018,JCEXL015.AAH,DCEXL015.AAH,CCEXL015.AAH,2
nonroad,2024,RCEXL06.7AAR,,RCEXL06.7AAR,0
nonroad,2023,PCEXL06.7AAR,,PCEXL06.7AAR,0
nonroad,2026,TJDXL04.5317,NJDXL04.5317,NJDXL04.5317,1
nonroad,2026,TSIDL07.4I7C,SSIDL07.4I7C,MSIDL07.4I7C,5
nonroad,2025,SCEXL0275AAK,PCEXL0275AAK,PCEXL0275AAK,1
nonroad,2025,SFPXL03.4DES,,SFPXL03.4DES,0
nonroad,2025,SFPXL02.8DE2,RFPXL02.8DE2,PFPXL02.8DE2,2
nonroad,2026,TMVXL33.9BBA,8MVXL33.9BBA,TMVXL33.9BBA,0
nonroad,2026,TMVXL49.0BBA,7MVXL49.0BBA,TMVXL49.0BBA,0
nonroad,2025,SFGXL3.85ED0,JFGXL3.85ED0,JFGXL3.85ED0,1
nonroad,2026,TDICL05.0LEA,,TDICL05.0LEA,0
nonroad,2015,FCEXL02.8AAB,ECEXL02.8AAB,ECEXL02.8AAB,1
nonroad,2020,LCEXL02.8AAC,GCEXL02.8AAC,GCEXL02.8AAC,1
nonroad,2025,SMVXL01.8EDC,PMVXL01.8EDC,PMVXL01.8EDC,1
nonroad,2025,SMVXL03.3CBB,KMVXL03.3CBB,KMVXL03.3CBB,1
nonroad,2025,SCEXL15.0AAL,RCEXL15.0AAL,ECEXL15.0AAL,2
nonroad,2024,RFPXL03.6EK1,NFPXL03.6EK1,NFPXL03.6EK1,1
nonroad,2026,TDICL02.4LEC,SDICL02.4LEC,PDICL02.4LEC,3
nonroad,2025,SPKXL04.4MU1,RPKXL04.4MU1,FPKXL04.4MU1,9
nonroad,2026,TPKXL01.5FTV,SPKXL01.5FTV,LPKXL1.49FTV,6
nonroad,2026,TPKXL.761F2V,SPKXL.761F2V,LPKXL.761F2V,6
nonroad,2025,SKLXL06.7AAM,HKLXL06.7AAM,HKLXL06.7AAM,1
nonroad,2025,SKLXL15.2EDD,NKLXL15.2EDD,NKLXL15.2EDD,1
nonroad,2026,TDZXL03.1041,CDZXL03.1041,CDZXL03.1041,1
nonroad,2023,PFPXL12.9TSS,,PFPXL12.9TSS,0
nonroad,2021,MCEXL03.3BAA,ECEXL03.3BAA,CCEXL03.3BAA,3
nonroad,2025,SCEXL08.9AAL,FCEXL08.9AAL,FCEXL08.9AAL,1
nonroad,2026,TSZXL15.7QXA,ESZXL15.7QXA,ESZXL15.7QXA,1
nonroad,2025,SCEXL04.5AAJ,FCEXL04.5AAJ,FCEXL04.5AAJ,1
nonroad,2025,SFPXL08.7T4X,,SFPXL08.7T4X,0
nonroad,2025,SKBXL.778KCB,DKBXL.778KCB,DKBXL.778KCB,1
nonroad,2025,SDZXL04.1054,,SDZXL04.1054,0
nonroad,2017,HFPXL12.9TSS,EFPXL12.9TSS,EFPXL12.9TSS,1
nonroad,2026,TDZXL02.9119,SDZXL02.9119,SDZXL02.9119,1
nonroad,2026,TDZXL02.9021,SDZXL02.9021,SDZXL02.9021,1
nonroad,2026,THZXL02.0V50,SHZXL02.0V50,RHZXL02.0V50,2
nonroad,2026,TKBXL02.2FCC,CKBXL02.2FCC,CKBXL02.2FCC,1
nonroad,2026,TDCLL01.6D87,,TDCLL01.6D87,0
nonroad,2026,TLHAL12.0SQC,ELHAL12.0SQC,ELHAL12.0SQC,1
nonroad,2026,THZXL02.0V51,SHZXL02.0V51,RHZXL02.0V51,2
nonroad,2025,SCEXL03.8AAA,FCEXL03.8AAA,FCEXL03.8AAA,1
nonroad,2025,SCEXL03.8AAE,KCEXL03.8AAE,KCEXL03.8AAE,1
nonroad,2026,TYDXL.993NSA,,TYDXL.993NSA,0
nonroad,2026,TLHAL16.2VQC,ELHAL16.2VQC,ELHAL16.2VQC,1
nonroad,2025,SKLXL04.5AAP,,SKLXL04.5AAP,0
nonroad,2025,SCPXL09.3HTF,RCPXL09.3HTF,ECPXL09.3HTF,11
nonroad,2025,SLHAL12.0SWC,MLHAL12.0SWC,MLHAL12.0SWC,1
nonroad,2025,SCPXL78.1NZS,RCPXL78.1NZS,CCPXL78.1NZS,13
nonroad,2022,NCEXL03.8AAE,KCEXL03.8AAE,KCEXL03.8AAE,1
nonroad,2019,KCEXL03.8AAE,,KCEXL03.8AAE,0
nonroad,2026,TSZXL03.0JXK,,TSZXL03.0JXK,0
nonroad,2026,TFPXL15.9GT2,RFPXL15.9GT2,RFPXL15.9GT2,1
nonroad,2019,KFPXL06.7SDA,JFPXL06.7SDA,JFPXL06.7SDA,1
nonroad,2025,SSCLL03.6R74,KSCLL03.6R74,KSCLL03.6R74,1
nonroad,2024,RCEXL03.8AAA,FCEXL03.8AAA,FCEXL03.8AAA,1
nonroad,2023,PCEXL03.8AAA,FCEXL03.8AAA,FCEXL03.8AAA,1
nonroad,2021,MCEXL03.8AAA,FCEXL03.8AAA,FCEXL03.8AAA,1
nonroad,2026,TMMLL02.6M63,HMMLL02.6M63,HMMLL02.6M63,1
nonroad,2026,TTYCL2.29A41,PTYCL2.29A41,PTYCL2.29A41,1
nonroad,2026,TYDXL01.3NUA,PYDXL01.3NUA,PYDXL01.3NUA,1
nonroad,2025,SJDXL09.0333,MJDXL09.0333,MJDXL09.0333,1
nonroad,2026,TFPXL12.9FR1,RFPXL12.9FR1,RFPXL12.9FR1,1
nonroad,2026,TJCBL04.8EM1,PJCBL04.8EM1,PJCBL04.8EM1,1
nonroad,2025,SCEXL04.5AAK,,SCEXL04.5AAK,0
nonroad,2026,TCEXL50.0AAG,SCEXL50.0AAG,SCEXL50.0AAG,1
nonroad,2026,TCPXL58.6HXF,SCPXL58.6HXF,FCPXL58.6HXF,11
nonroad,2023,PSZXL15.7QXA,ESZXL15.7QXA,ESZXL15.7QXA,1
nonroad,2025,SCPXL09.3NTF,RCPXL09.3NTF,KCPXL09.3NTF,6
nonroad,2026,TKLXL02.4KDC,SKLXL02.4KDC,SKLXL02.4KDC,1
nonroad,2026,TFPXL03.4DEP,LFPXL03.4DEP,LFPXL03.4DEP,1
nonroad,2025,SCPXL32.1HXG,RCPXL32.1HXG,FCPXL32.0HXG,10
nonroad,2026,TFPXL03.4ADD,JFPXL03.4ADD,HFPXL03.4ADD,2
nonroad,2025,SKLXL03.3JDB,,SKLXL03.3JDB,0
nonroad,2025,SFPXL06.7SDA,RFPXL06.7SDA,RFPXL06.7SDA,1
nonroad,2026,TFGXL3.85ED0,JFGXL3.85ED0,JFGXL3.85ED0,1
nonroad,2026,TFGXL3.85E0V,JFGXL3.85E0V,JFGXL3.85E0V,1
nonroad,2026,TVPXL16.1ACC,RVPXL16.1ACC,LVPXL16.1ACC,4
nonroad,2026,TJDXL09.0333,MJDXL09.0333,MJDXL09.0333,1
nonroad,2026,TMVXL03.3AAK,7MVXL03.3AAF,TMVXL03.3AAK,0
nonroad,2026,TLHAL103.E9P,NLHAL103.E9P,NLHAL103.E9P,1
nonroad,2026,TPKXL02.2IR1,SPKXL02.2IR1,LPKXL2.22IR1,5
nonroad,2026,TCEXL06.7AAR,,TCEXL06.7AAR,0
nonroad,2025,SFPXL03.6EM1,PFPXL03.6EM1,PFPXL03.6EM1,1
nonroad,2021,MMBXL10.6RJD,KMBXL10.6RJD,KMBXL10.6RJD,1
nonroad,2021,MMBXL12.8RJD,KMBXL12.8RJD,KMBXL12.8RJD,1
nonroad,2021,MMBXL15.6RJD,KMBXL15.6RJD,KMBXL15.6RJD,1
nonroad,2020,LMBXL15.6RJD,KMBXL15.6RJD,KMBXL15.6RJD,1
nonroad,2026,TKLXL04.5AAP,SKLXL04.5AAP,SKLXL04.5AAP,1
nonroad,2026,TCEXL06.7AAL,,TCEXL06.7AAL,0
nonroad,2026,TY9XL10.6EAA,,TY9XL10.6EAA,0
nonroad,2026,TY9XL16.4DBA,JY9XL16.4DBA,JY9XL16.4DBA,1
nonroad,2025,SDTAL07.7RJD,KMBXL07.7RJD,KMBXL07.7RJD,1
nonroad,2024,RCEXL15.0AAS,MCEXL15.0AAS,MCEXL15.0AAS,1
nonroad,2019,KFPXL15.9T4U,FFPXL15.9T4U,FFPXL15.9T4U,1
nonroad,2026,TPKXL03.6FX1,SPKXL03.6FX1,LPKXL03.6FX1,6
nonroad,2025,SFPXL02.8EH2,PFPXL02.8EH2,PFPXL02.8EH2,1
nonroad,2026,TCEXL060.AAD,,TCEXL060.AAD,0
nonroad,2026,TSIDL06.6G6D,SSIDL06.6G6D,MSIDL06.6G6D,5
nonroad,2026,TKHXL03.4TCG,SKHXL03.4TCG,SKHXL03.4TCG,1
nonroad,2022,NFPXL03.6EHP,MFPXL03.6EHP,MFPXL03.6EHP,1
nonroad,2020,LFPXL03.4ESD,JFPXL03.4ESD,HFPXL03.4ESD,2
nonroad,2023,PCEXL30.0AAE,LCEXL30.0AAE,LCEXL30.0AAE,1
nonroad,2026,TDICL02.4LEA,SDICL02.4LEA,FDICL02.4LEA,11
nonroad,2025,SDICL02.4LEA,RDICL02.4LEA,FDICL02.4LEA,10
nonroad,2026,TCPXL15.2HTF,SCPXL15.2HTF,ECPXL15.2HTF,12
nonroad,2026,TFPXL06.7FR2,PFPXL06.7FR2,MFPXL06.7FR2,2
nonroad,2026,TCEXL95.0AAA,,TCEXL95.0AAA,0
nonroad,2026,TKBXL05.0C5D,PKBXL05.0C5D,PKBXL05.0C5D,1
nonroad,2026,TKBXL03.8C1D,KKBXL03.8C1D,KKBXL03.8C1D,1
nonroad,2026,TKBXL02.6E3D,KKBXL02.6E3D,KKBXL02.6E3D,1
nonroad,2014,EFPXL08.7T4W,,EFPXL08.7T4W,0
nonroad,2026,TKBXL03.3EKD,DKBXL03.3EKD,DKBXL03.3EKD,1
nonroad,2026,TDICL03.4LED,SDICL03.4LED,LDICL03.4LED,6
nonroad,2026,TKBXL02.6E1D,KKBXL02.6E1D,KKBXL02.6E1D,1
nonroad,2026,TPKXL07.0VL4,SPKXL07.0VL4,LPKXL07.0VL4,6
nonroad,2027,VDICL02.4LCA,,VDICL02.4LCA,0
nonroad,2026,TCPXL61.1NZS,SCPXL61.1NZS,NCPXL45.8NZS,4
nonroad,2026,TKBXL.719KCB,DKBXL.719KCB,DKBXL.719KCB,1
nonroad,2026,TVPXL12.8CJB,RVPXL12.8CJB,RVPXL12.8CJB,1
nonroad,2017,HFPXL08.7T4V,EFPXL08.7T4V,EFPXL08.7T4V,1
nonroad,2019,KCEXL50.0AAF,,KCEXL50.0AAF,0
nonroad,2012,CYDXL0.57W2N,BYDXL0.57W2N,CYDXL0.57W2N,0
nonroad,2011,BDCLL02.2D7T,ADCLL02.2D7T,BDCLL02.2D7T,0
nonroad,2012,CYDXL0.85W3N,BYDXL0.85W3N,CYDXL0.85W3N,0
nonroad,2012,CYDXL1.11W3N,BYDXL1.11W3N,CYDXL1.11W3N,0
nonroad,2011,BZHXL3.17XCD,,BZHXL3.17XCD,0
nonroad,2011,BYKXL0.42AAA,AYKXL0.42AAA,BYKXL0.42AAA,0
nonroad,2012,CCEXL06.7AAE,BCEXL06.7AAE,CCEXL06.7AAE,0
nonroad,2012,CCEXL08.9AAH,BCEXL08.9AAH,CCEXL08.9AAH,0
nonroad,2011,BCHCL2.84AAA,,BCHCL2.84AAA,0
nonroad,2012,CCEXL0505AAE,BCEXL0505AAE,CCEXL0505AAE,0
nonroad,2012,CKBXL03.8AMD,,CKBXL03.8AMD,0
nonroad,2012,CVPXL12.8BCA,BVPXL12.8BCA,CVPXL12.8BCA,0
nonroad,2012,CVPXL16.1ADA,BVPXL16.1ADA,CVPXL16.1ADA,0
nonroad,2011,BSZJL.456AAA,,BSZJL.456AAA,0
nonroad,2012,CVSXL12.8T4I,BVSXL12.8T4I,CVSXL12.8T4I,0
nonroad,2011,BDCLL01.0D75,ADCLL01.0D75,BDCLL01.0D75,0
nonroad,2012,CKBXL01.5BCD,BKBXL01.5BCD,CKBXL01.5BCD,0
nonroad,2012,CMMLL02.5N59,BMMLL02.5N59,CMMLL02.5N59,0
nonroad,2012,CKBXL01.5FCC,BKBXL01.5FCC,CKBXL01.5FCC,0
nonroad,2012,CKBXL02.0FAC,BKBXL02.0FAC,CKBXL02.0FAC,0
nonroad,2012,CKBXL02.0FCC,BKBXL02.0FCC,CKBXL02.0FCC,0
nonroad,2012,CKBXL.719KCB,BKBXL.719KCB,CKBXL.719KCB,0
nonroad,2012,CKBXL01.5BAD,BKBXL01.5BAD,CKBXL01.5BAD,0
nonroad,2012,CKBXL02.4GAD,BKBXL02.4GAD,CKBXL02.4GAD,0
nonroad,2012,CKBXL02.4HAD,BKBXL02.4HAD,CKBXL02.4HAD,0
nonroad,2012,CKLXL03.3JB6,BKLXL03.3JB6,CKLXL03.3JB6,0
nonroad,2012,CFPXL10.3TR4,BVEXL10.3TR4,CFPXL10.3TR4,0
nonroad,2012,CPKXL12.5TAG,BPKXL12.5TAG,CPKXL12.5TAG,0
nonroad,2012,CCPXL32.0NZS,BCPXL32.0NZS,CCPXL32.0NZS,0
nonroad,2012,CH3XL.507E2V,BH3XL.507E2V,CH3XL.507E2V,0
nonroad,2012,CH3XL.761E3V,BH3XL.761E3V,CH3XL.761E3V,0
nonroad,2012,CLGCL02.5S4Q,4LGCL02.5S4Q,CLGCL02.5S4Q,0
nonroad,2012,CWXPL0.836HL,BWXPL0.836HL,BWXPL0.836HL,1
nonroad,2012,CH3XL.507E2C,BH3XL.507E2C,CH3XL.507E2C,0
nonroad,2012,CJDXL03.0113,8JDXL03.0113,CJDXL03.0113,0
nonroad,2011,BJDXL13.5201,,BJDXL13.5201,0
nonroad,2012,CYDXL1.11U3N,BYDXL1.11U3N,CYDXL1.11U3N,0
nonroad,2012,CWXPL.418F86,BWXPL.418F86,BWXPL.418F86,1
nonroad,2012,CYDXL2.00J4T,BYDXL2.00J4T,CYDXL2.00J4T,0
nonroad,2012,CYDXL2.00K4T,BYDXL2.00K4T,CYDXL2.00K4T,0
nonroad,2012,CKMCL1.17A36,8KMCL1.17A36,CKMCL1.17A36,0
nonroad,2012,CYDXL3.32R4N,BYDXL3.32R4N,CYDXL3.32R4N,0
nonroad,2012,CKMCL2.28A41,8KMCL2.28A41,CKMCL2.28A41,0
nonroad,2012,CHZXL.517V51,BHYXL.517V51,CHZXL.517V51,0
nonroad,2012,CMBXL07.2RJB,BMBXL07.2RJB,CMBXL07.2RJB,0
nonroad,2012,CH3XL1.13SLV,BH3XL1.13SLV,CH3XL1.13SLV,0
nonroad,2012,CDCLL01.0D75,BDCLL01.0D75,BDCLL01.0D75,1
nonroad,2012,CDZXL05.4087,BDZXL05.4087,CDZXL05.4087,0
nonroad,2012,CCPXL12.5ESJ,BCPXL12.5ESK,CCPXL12.5ESJ,0
nonroad,2012,CHZXL.280V27,BHYXL.280V27,CHZXL.280V27,0
nonroad,2012,CDHXL.9532DT,BDHXL.9532DT,CDHXL.9532DT,0
nonroad,2012,CFDUL0.2918W,BFDUL0.2918W,BFDUL0.2918W,1
nonroad,2012,CHZXL.445V42,BHYXL.445V42,CHZXL.445V42,0
nonroad,2012,CHZXL.517V50,BHYXL.517V50,CHZXL.517V50,0
nonroad,2012,CHZXL2.57V41,BHZXL2.57V41,CHZXL2.57V41,0
nonroad,2012,CDZXL06.1023,BDZXL06.1023,CDZXL06.1023,0
nonroad,2012,CICLL1.65C3H,BICLL1.65C3H,CICLL1.65C3H,0
nonroad,2012,CJDXL04.5119,,CJDXL04.5119,0
nonroad,2012,CJDXL04.5107,7JDXL04.5107,CJDXL04.5107,0
nonroad,2012,CYDXL0.44F1N,BYDXL0.44F1N,CYDXL0.44F1N,0
nonroad,2012,CYDXL1.50K3N,BYDXL1.50K3N,CYDXL1.50K3N,0
nonroad,2012,CCSPL.296AAA,,CCSPL.296AAA,0
nonroad,2012,CJDXL06.8120,BJDXL06.8210,CJDXL06.8120,0
nonroad,2013,DCEXL04.5AAE,CCEXL04.5AAE,CCEXL04.5AAE,1
nonroad,2013,DKLXL08.9AAJ,CKLXL08.9AAJ,CKLXL08.9AAJ,1
nonroad,2013,DYDXL0.99NS1,,DYDXL0.99NS1,0
nonroad,2012,CAELL3.14AFB,,CAELL3.14AFB,0
nonroad,2012,CYDXL0.90U3N,BYDXL0.90U3N,CYDXL0.90U3N,0
nonroad,2012,CYDXL0.78V3N,BYDXL0.78V3N,CYDXL0.78V3N,0
nonroad,2013,DDICL02.4LDA,,DDICL02.4LDA,0
nonroad,2013,DKBXL01.0BCB,,DKBXL01.0BCB,0
nonroad,2013,DCEXL03.3ADA,CCEXL03.3ADA,CCEXL03.3ADA,1
nonroad,2013,DFPXL08.7TR3,CFPXL08.7TR3,CFPXL08.7TR3,1
nonroad,2012,CCPXL78.1NSA,,CCPXL78.1NSA,0
nonroad,2013,DKBXL01.0BCC,,DKBXL01.0BCC,0
nonroad,2013,DFPXL03.4BDD,,DFPXL03.4BDD,0
nonroad,2013,DCPXL07.2ESJ,CCPXL07.2ESJ,CCPXL07.2ESJ,1
nonroad,2012,CPKXL04.4ML1,,CPKXL04.4ML1,0
nonroad,2013,DKBXL.325KCB,,DKBXL.325KCB,0
nonroad,2012,CCPXL18.1ESJ,BCPXL18.1ESK,CCPXL18.1ESJ,0
nonroad,2013,DH3XL2.22TDI,,DH3XL2.22TDI,0
nonroad,2013,DKBXL02.2RCB,,DKBXL02.2RCB,0
nonroad,2014,EKBXL02.2RCB,DKBXL02.2RCB,DKBXL02.2RCB,1
nonroad,2013,DKMCL3.41D43,CKMCL3.41D43,CKMCL3.41D43,1
nonroad,2012,CCPXL18.1HXA,BCPXL18.1HXA,CCPXL18.1HXA,0
nonroad,2012,CCPXL18.1HZA,BCPXL18.1HZA,CCPXL18.1HZA,0
nonroad,2012,CCPXL09.3HPB,BCPXL09.3HPA,CCPXL09.3HPB,0
nonroad,2013,DJDXL02.4074,CJDXL02.4074,CJDXL02.4074,1
nonroad,2013,DYDXL3.32TDA,,DYDXL3.32TDA,0
nonroad,2013,DPKXL04.4NJ1,CPKXL04.4NJ1,CPKXL04.4NJ1,1
nonroad,2013,DKBXL03.8AKD,CKBXL03.8AKD,CKBXL03.8AKD,1
nonroad,2013,DCPXL08.8ESJ,CCPXL08.8ESJ,CCPXL08.8ESJ,1
nonroad,2013,DH3XL1.49FTV,,DH3XL1.49FTV,0
nonroad,2013,DKHXL1.37SF1,,DKHXL1.37SF1,0
nonroad,2013,DJDXL03.0208,CJDXL03.0208,CJDXL03.0208,1
nonroad,2013,DHZXL.667C83,,DHZXL.667C83,0
nonroad,2014,EPKXL04.4NH3,,EPKXL04.4NH3,0
nonroad,2013,DJCBL04.4TA5,,DJCBL04.4TA5,0
nonroad,2013,DHZXL.347C30,,DHZXL.347C30,0
nonroad,2014,EYDXL2.09NFA,DYDXL2.09NFA,DYDXL2.09NFA,1
nonroad,2014,EYDXL1.27NWA,DYDXL1.27NWA,DYDXL1.27NWA,1
nonroad,2014,ECEXL0540AAB,DCEXL0540AAB,CCEXL0540AAB,2
nonroad,2014,ECEXL15.0AAI,DCEXL15.0AAI,CCEXL15.0AAI,2
nonroad,2013,DJDXL09.0114,CJDXL09.0114,CJDXL09.0114,1
nonroad,2013,DYDXL0.99NUA,,DYDXL0.99NUA,0
nonroad,2013,DJDXL06.8204,CJDXL06.8204,CJDXL06.8204,1
nonroad,2013,DCPXL78.1NSA,CCPXL78.1NSA,CCPXL78.1NSA,1
nonroad,2014,ECEXL08.9AAK,,ECEXL08.9AAK,0
nonroad,2014,EVSXL16.1T4F,,EVSXL16.1T4F,0
nonroad,2014,ETIEL03.01KD,,ETIEL03.01KD,0
nonroad,2014,EKLXL11.0DDC,,EKLXL11.0DDC,0
nonroad,2014,EFPXL03.4ADC,DFPXL03.4ADC,CFPXL03.4ADC,2
nonroad,2014,ECEXL03.3ACK,,ECEXL03.3ACK,0
nonroad,2014,EPKXL04.4NH1,DPKXL04.4NH1,CPKXL04.4NH1,2
nonroad,2014,EPKXL04.4NM2,DPKXL04.4NM2,CPKXL04.4NM2,2
nonroad,2014,EKBXL01.5BCC,DKBXL01.5BCC,DKBXL01.5BCC,1
nonroad,2013,DCPXL18.1HXF,CCPXL18.1HXA,CCPXL18.1HXA,1
nonroad,2013,DLHAL12.4SZC,CLHAL12.4SZC,CLHAL12.4SZC,1
nonroad,2014,EH3XL1.13LCS,DH3XL1.13LCS,CH3XL1.13LCS,2
nonroad,2013,DKBXL03.3EKD,,DKBXL03.3EKD,0
nonroad,2014,EH3XL1.13F2V,DH3XL1.13F2V,DH3XL1.13F2V,1
nonroad,2014,EKBXL01.5FCC,DKBXL01.5FCC,DKBXL01.5FCC,1
nonroad,2014,EYDXL1.27NS3,DYDXL1.27NS3,DYDXL1.27NS3,1
nonroad,2014,EKMCL1.17A33,DKMCL1.17A33,DKMCL1.17A33,1
nonroad,2014,EMBXL15.6RJA,,EMBXL15.6RJA,0
nonroad,2014,ECEXL11.9AAA,DCEXL11.9AAA,CCEXL11.9AAA,2
nonroad,2014,EDZXL02.9034,,EDZXL02.9034,0
nonroad,2014,EDZXL04.1012,DDZXL04.1012,DDZXL04.1012,1
nonroad,2014,EDZXL06.1044,DDZXL06.1044,DDZXL06.1044,1
nonroad,2014,EHZXL.997C40,DHZXL.997C40,DHZXL.997C40,1
nonroad,2013,DCPXL09.3HPA,CCPXL09.3HPA,CCPXL09.3HPA,1
nonroad,2013,DCPXL09.3HPB,CCPXL09.3HPB,CCPXL09.3HPB,1
nonroad,2014,EDZXL07.1028,DDZXL07.1028,CDZXL07.1028,2
nonroad,2014,EFPXL03.4ADD,EFPXL03.4ADD,EFPXL03.4ADD,0
nonroad,2014,ESIDL04.9G6C,,ESIDL04.9G6C,0
nonroad,2014,EYDXL3.32TDA,DYDXL3.32TDA,DYDXL3.32TDA,1
nonroad,2014,EYDXL1.27NS2,DYDXL1.27NS2,DYDXL1.27NS2,1
nonroad,2014,EYDXL3.05HE1,DYDXL3.05HE1,DYDXL3.05HE1,1
nonroad,2015,FFPXL06.7DGB,EFPXL06.7DGB,CFPXL06.7DGB,3
nonroad,2014,EH3XL2.22AB6,,EH3XL2.22AB6,0
nonroad,2015,FKLXL06.7AAP,,FKLXL06.7AAP,0
nonroad,2014,EY9XL12.7DAA,,EY9XL12.7DAA,0
nonroad,2014,EMVXL33.9BBA,,EMVXL33.9BBA,0
nonroad,2014,EMVXL65.4BBA,,EMVXL65.4BBA,0
nonroad,2014,EH3XL2.22CN2,,EH3XL2.22CN2,0
nonroad,2015,FHZXL1.95V50,,FHZXL1.95V50,0
nonroad,2014,EH3XL.761F1C,DH3XL.507F1C,DH3XL.507F1C,1
nonroad,2014,EVPXL16.1CDA,,EVPXL16.1CDA,0
nonroad,2014,EKMCL2.29A48,,EKMCL2.29A48,0
nonroad,2015,FJDXL09.0114,CJDXL09.0114,CJDXL09.0114,1
nonroad,2015,FJDXL13.5103,CJDXL13.5103,CJDXL13.5103,1
nonroad,2015,FH3XL.761E3V,EH3XL.761E3V,CH3XL.761E3V,3
nonroad,2015,FH3XL1.49N3C,EH3XL1.49N3C,CH3XL1.49N3C,3
nonroad,2015,FH3XL.761F1C,EH3XL.761F1C,DH3XL.507F1C,2
nonroad,2014,EJDXL13.5103,CJDXL13.5103,CJDXL13.5103,1
nonroad,2015,FKHXL.442155,EKHXL.442155,DKHXL.442155,2
nonroad,2015,FDDXL14.0WLD,DDDXL14.0WLD,CDDXL14.0WLD,2
nonroad,2015,FMMLL02.6N52,DMMLL02.6N52,DMMLL02.6N52,1
nonroad,2015,FKBXL.325KCB,DKBXL.325KCB,DKBXL.325KCB,1
nonroad,2015,FVPXL16.1ACB,EVPXL16.1ACB,CVPXL16.1ACB,3
nonroad,2015,FVPXL12.8BCA,EVPXL12.8BCA,CVPXL12.8BCA,3
nonroad,2015,FKBXL.719KCC,DKBXL.719KCC,DKBXL.719KCC,1
nonroad,2015,FKBXL01.5FCC,DKBXL01.5FCC,DKBXL01.5FCC,1
nonroad,2016,GKBXL02.2RCB,EKBXL02.2RCB,DKBXL02.2RCB,2
nonroad,2014,EJDXL13.5300,,EJDXL13.5300,0
nonroad,2015,FKMCL2.39A45,BKMCL2.39A45,BKMCL2.39A45,1
nonroad,2015,FKMCL3.41D43,CKMCL3.41D43,CKMCL3.41D43,1
nonroad,2014,EYDXL0.99NPA,DYDXL0.99NPA,DYDXL0.99NPA,1
nonroad,2015,FYDXL1.64L3N,CYDXL1.64M3N,CYDXL1.64M3N,1
nonroad,2015,FMMLL02.6T52,EMMLL02.6T52,EMMLL02.6T52,1
nonroad,2015,FMMLL02.6T62,EMMLL02.6T62,EMMLL02.6T62,1
nonroad,2015,FKBXL02.4EKD,DKBXL02.4EKD,DKBXL02.4EKD,1
nonroad,2015,FY9XL16.4DBA,EY9XL16.4DBA,EY9XL16.4DBA,1
nonroad,2014,EJDXL04.5211,CJDXL04.5211,CJDXL04.5211,1
nonroad,2016,GYDXL2.19NFA,DYDXL2.19NFA,DYDXL2.19NFA,1
nonroad,2014,EVPXL12.8CJA,,EVPXL12.8CJA,0
nonroad,2014,ECPXL18.1HTF,,ECPXL18.1HTF,0
nonroad,2014,EVPXL05.1CJA,,EVPXL05.1CJA,0
nonroad,2015,FHZXL.667C82,EHZXL.667C82,DHZXL.667C82,2
nonroad,2014,ECPXL09.3HTF,,ECPXL09.3HTF,0
nonroad,2014,ECPXL27.0HYA,DCPXL27.0HYA,CCPXL27.0HYA,2
nonroad,2015,FMBXL07.7RJA,EMBXL07.7RJA,EMBXL07.7RJA,1
nonroad,2015,FMBXL12.8RJA,EMBXL12.8RJA,EMBXL12.8RJA,1
nonroad,2015,FFPXL04.5DCB,,FFPXL04.5DCB,0
nonroad,2015,FDZXL02.9016,EDZXL02.9016,EDZXL02.9016,1
nonroad,2014,EDZXL03.6015,,EDZXL03.6015,0
nonroad,2015,FDZXL02.9034,EDZXL02.9034,EDZXL02.9034,1
nonroad,2015,FJDXL04.5141,CJDXL04.5141,CJDXL04.5141,1
nonroad,2016,GFPXL08.7TR3,FFPXL08.7TR3,CFPXL08.7TR3,4
nonroad,2016,GFPXL10.3TR3,FFPXL10.3TR3,CFPXL10.3TR3,4
nonroad,2016,GFPXL12.9IGR,FFPXL12.9IGR,CFPXL12.9IGR,4
nonroad,2015,FDZXL04.1056,,FDZXL04.1056,0
nonroad,2015,FH3XL2.22TDI,DH3XL2.22TDI,DH3XL2.22TDI,1
nonroad,2015,FMVXL03.3EAA,,FMVXL03.3EAA,0
nonroad,2015,FVPXL16.1BEA,,FVPXL16.1BEA,0
nonroad,2015,FDZXL07.1026,EDZXL07.1026,CDZXL07.1026,3
nonroad,2015,FDZXL07.1031,EDZXL07.1031,CDZXL07.1031,3
nonroad,2016,GFPXL03.4CDC,FFPXL03.4CDC,DFPXL03.4CDC,3
nonroad,2015,FCPXL27.0NZS,ECPXL27.0NZS,CCPXL27.0NZS,3
nonroad,2015,FJDXL06.8210,CJDXL06.8210,CJDXL06.8210,1
nonroad,2015,FJDXL13.5300,EJDXL13.5300,EJDXL13.5300,1
nonroad,2016,GJDXL06.8120,CJDXL06.8120,CJDXL06.8120,1
nonroad,2016,GJDXL13.5146,EJDXL13.5146,EJDXL13.5146,1
nonroad,2015,FDICL05.8LEA,,FDICL05.8LEA,0
nonroad,2015,FPKXL06.6BK1,,FPKXL06.6BK1,0
nonroad,2016,GYDXL2.19J4N,CYDXL2.19J4N,CYDXL2.19J4N,1
nonroad,2016,GKLXL11.0DDC,EKLXL11.0DDC,EKLXL11.0DDC,1
nonroad,2015,FYDXL1.27NS3,DYDXL1.27NS3,DYDXL1.27NS3,1
nonroad,2015,FYDXL0.99NPA,DYDXL0.99NPA,DYDXL0.99NPA,1
nonroad,2016,GFPXL06.7CLA,FFPXL06.7CLA,FFPXL06.7CLA,1
nonroad,2016,GPKXL04.4NM2,FPKXL04.4NM2,FPKXL04.4NM2,1
nonroad,2016,GSIDL04.4G6E,FSIDL04.4G6E,FSIDL04.4G6E,1
nonroad,2016,GMVXL01.3FFF,EMVXL01.3FFF,EMVXL01.3FFF,1
nonroad,2016,GPKXL04.4NJ1,FPKXL04.4NJ1,CPKXL04.4NJ1,4
nonroad,2016,GKBXL.276KCB,DKBXL.276KCB,DKBXL.276KCB,1
nonroad,2016,GKBXL01.0BCB,DKBXL01.0BCB,DKBXL01.0BCB,1
nonroad,2016,GKBXL02.4EKC,EKBXL02.4EKC,EKBXL02.4EKC,1
nonroad,2016,GKBXL03.3EKD,DKBXL03.3EKD,DKBXL03.3EKD,1
nonroad,2015,FCPXL18.1HXF,ECPXL18.1HXF,CCPXL18.1HXA,3
nonroad,2016,GKBXL02.2FCC,CKBXL02.2FCC,CKBXL02.2FCC,1
nonroad,2015,FH3XL2.22AB4,EH3XL2.22AB4,EH3XL2.22AB4,1
nonroad,2015,FH3XL2.22AB2,EH3XL2.22AB2,EH3XL2.22AB2,1
nonroad,2015,FJDXL02.9303,EJDXL02.9303,EJDXL02.9303,1
nonroad,2016,GKHXL1.37SF1,FKHXL1.37SF1,DKHXL1.37SF1,3
nonroad,2016,GMBXL04.8RJC,FMBXL04.8RJC,FMBXL04.8RJC,1
nonroad,2016,GKHXL2.48TCR,DKHXL2.48TCR,DKHXL2.48TCR,1
nonroad,2016,GMMLL02.7C42,EMMLL02.7C42,EMMLL02.7C42,1
nonroad,2015,FPKXL07.0PW2,,FPKXL07.0PW2,0
nonroad,2016,GYDXL0.57NXA,DYDXL0.57NXA,DYDXL0.57NXA,1
nonroad,2016,GSZXL03.0MXC,CSZXL03.0MXA,CSZXL03.0MXA,1
nonroad,2016,GICLL1.12B3X,FICLL1.12B3X,DICLL1.12B3X,3
nonroad,2015,FVPXL12.8CJA,,FVPXL12.8CJA,0
nonroad,2016,GMVXL03.3AAJ,7MVXL03.3AAC,GMVXL03.3AAJ,0
nonroad,2016,GYDXL0.44H1N,FYDXL0.44H1N,FYDXL0.44H1N,1
nonroad,2016,GLGCL02.5L4T,FLGCL02.5L4T,FLGCL02.5L4T,1
nonroad,2016,GH3XL1.49AB8,FH3XL1.49AB8,EH3XL1.49AB8,2
nonroad,2013,DVPXL12.8CEA,CVPXL12.8CEA,CVPXL12.8CEA,1
nonroad,2017,HYDXL2.09NFA,DYDXL2.09NFA,DYDXL2.09NFA,1
nonroad,2015,FCPXL27.0HXF,ECPXL27.0HXF,CCPXL27.0HXA,3
nonroad,2016,GMDDL35.8GRR,7MDDL35.8GRR,GMDDL35.8GRR,0
nonroad,2015,FMDDL14.0ZWK,AMDDL14.0GWK,FMDDL14.0ZWK,0
nonroad,2016,GDICL07.6LEA,,GDICL07.6LEA,0
nonroad,2015,FDZXL05.7052,,FDZXL05.7052,0
nonroad,2016,GDZXL02.9021,FDZXL02.9021,EDZXL02.9021,2
nonroad,2016,GHZXL.517M50,FHZXL.517M50,DHZXL.517V51,3
nonroad,2016,GDZXL05.7052,FDZXL05.7052,FDZXL05.7052,1
nonroad,2016,GDZXL07.1027,FDZXL07.1027,CDZXL07.1027,4
nonroad,2016,GDZXL07.1032,FDZXL07.1032,CDZXL07.1032,4
nonroad,2016,GYDXL1.57HDA,DYDXL1.57HDA,DYDXL1.57HDA,1
nonroad,2012,CSZXL05.2MXA,,CSZXL05.2MXA,0
nonroad,2013,DSZXL15.7LXB,,DSZXL15.7LXB,0
nonroad,2016,GPKXL07.0PW1,FPKXL07.0PW1,EPKXL07.0PW1,2
nonroad,2017,HCPXL32.0NZS,GCPXL32.0NZS,CCPXL32.0NZS,5
nonroad,2016,GCKPL0.42AAA,,GCKPL0.42AAA,0
nonroad,2017,HLGCL02.5L4A,,HLGCL02.5L4A,0
nonroad,2017,HJDXL13.5146,EJDXL13.5146,EJDXL13.5146,1
nonroad,2017,HMVXL01.0EBA,EMVXL01.0EBA,EMVXL01.0EBA,1
nonroad,2016,GMDDL95.4GTR,9MDDL95.4XTR,GMDDL95.4GTR,0
nonroad,2016,GJDXL09.0313,,GJDXL09.0313,0
nonroad,2017,HMVXL65.4BBA,9MVXL65.4BBA,HMVXL65.4BBA,0
nonroad,2013,DSIDL04.9G6A,CSIDL04.9G6A,CSIDL04.9G6A,1
nonroad,2015,FFPXL15.9T4D,,FFPXL15.9T4D,0
nonroad,2016,GMVXL01.0EDB,,GMVXL01.0EDB,0
nonroad,2016,GH3XL2.22TD7,,GH3XL2.22TD7,0
nonroad,2017,HYDXL0.57NXA,DYDXL0.57NXA,DYDXL0.57NXA,1
nonroad,2016,GJDXL09.0301,EJDXL09.0301,EJDXL09.0301,1
nonroad,2017,HMMLL02.7NEF,DMMLL02.7NEF,DMMLL02.7NEF,1
nonroad,2017,HKBXL.276KCC,GKBXL.276KCC,GKBXL.276KCC,1
nonroad,2017,HDCLL01.6D7G,GDCLL01.6D7G,CDCLL02.2D7G,2
nonroad,2017,HKMCL2.39A45,BKMCL2.39A45,BKMCL2.39A45,1
nonroad,2016,GH3XL.507F1V,,GH3XL.507F1V,0
nonroad,2016,GVSXL16.1T4F,,GVSXL16.1T4F,0
nonroad,2017,HDCLL02.4F7T,DDCLL02.4F7T,DDCLL02.4F7T,1
nonroad,2017,HLGCL01.9L3T,GLGCL01.9L3T,FLGCL01.9L3T,2
nonroad,2017,HMBXL10.6RJA,FMBXL10.6RJA,EMBXL10.6RJA,2
nonroad,2016,GDZXL02.9020,,GDZXL02.9020,0
nonroad,2016,GCPXL32.0HXG,FCPXL32.0HXG,FCPXL32.0HXG,1
nonroad,2016,GY9XL12.7DAA,,GY9XL12.7DAA,0
nonroad,2017,HCPXL84.7NSF,GCPXL84.7NSF,FCPXL84.7NSF,2
nonroad,2017,HDZXL02.9016,GDZXL02.9016,EDZXL02.9016,3
nonroad,2017,HDZXL03.6018,GDZXL03.6018,EDZXL03.6018,3
nonroad,2017,HDZXL06.1059,GDZXL06.1059,FDZXL06.1059,2
nonroad,2017,HJDXL09.0313,GJDXL09.0313,GJDXL09.0313,1
nonroad,2017,HDZXL04.8029,GDZXL04.8029,CDZXL04.8029,5
nonroad,2017,HJDXL06.8210,CJDXL06.8210,CJDXL06.8210,1
nonroad,2018,JMVXL03.3AAJ,7MVXL03.3AAC,JMVXL03.3AAJ,0
nonroad,2017,HMNBL12.4OR4,GMNBL12.4OR4,GMNBL12.4OR4,1
nonroad,2017,HSCLL02.6C74,ESCLL02.6C74,ESCLL02.6C74,1
nonroad,2017,HMVXL01.3EDB,GMVXL01.3EDB,GMVXL01.3EDB,1
nonroad,2017,HMMLL02.6C63,,HMMLL02.6C63,0
nonroad,2017,HYDXL3.32NDB,,HYDXL3.32NDB,0
nonroad,2017,HYDXL1.57HDA,DYDXL1.57HDA,DYDXL1.57HDA,1
nonroad,2017,HMVXL02.2EBA,,HMVXL02.2EBA,0
nonroad,2017,HCPXL32.0HXG,GCPXL32.0HXG,FCPXL32.0HXG,2
nonroad,2018,JPKXL04.4NR1,HPKXL04.4NR1,FPKXL04.4NR1,3
nonroad,2018,JPKXL04.4NL1,HPKXL04.4NL1,CPKXL04.4NL1,6
nonroad,2018,JYDXL0.99NS2,DYDXL0.99NS2,DYDXL0.99NS2,1
nonroad,2018,JYDXL0.99NS3,DYDXL0.99NS3,DYDXL0.99NS3,1
nonroad,2018,JSIDL04.9G6C,HSIDL04.9G6C,HSIDL04.9G6C,1
nonroad,2017,HFPXL04.5LBH,HFPXL04.5LBH,HFPXL04.5LBH,0
nonroad,2018,JJDXL06.8204,CJDXL06.8204,CJDXL06.8204,1
nonroad,2017,HMMLL03.5H00,,HMMLL03.5H00,0
nonroad,2017,HH3XL.507F1V,,HH3XL.507F1V,0
nonroad,2017,HH3XL1.49F2V,FH3XL1.49F2V,FH3XL1.49F2V,1
nonroad,2017,HCPXL18.1HXF,GCPXL18.1HXF,CCPXL18.1HXA,5
nonroad,2018,JKHXL3.36TCR,HKHXL3.36TCR,FKHXL3.36TCR,3
nonroad,2018,JVWXL02.0CPY,DVWXL02.0CPY,DVWXL02.0CPY,1
nonroad,2018,JSZXL02.2VNL,,JSZXL02.2VNL,0
nonroad,2018,JKBXL.276KCC,GKBXL.276KCC,GKBXL.276KCC,1
nonroad,2018,JKBXL.325KCB,DKBXL.325KCB,DKBXL.325KCB,1
nonroad,2018,JKBXL.416KCC,GKBXL.416KCC,GKBXL.416KCC,1
nonroad,2018,JMMLL02.6C63,HMMLL02.6C63,HMMLL02.6C63,1
nonroad,2018,JKBXL02.2FCC,CKBXL02.2FCC,CKBXL02.2FCC,1
nonroad,2018,JDCLL01.6D7G,GDCLL01.6D7G,CDCLL02.2D7G,2
nonroad,2018,JMMLL02.6M63,HMMLL02.6M63,HMMLL02.6M63,1
nonroad,2018,JKBXL02.4END,DKBXL02.4END,DKBXL02.4END,1
nonroad,2018,JVPXL16.1ACB,HVPXL16.1ACB,CVPXL16.1ACB,6
nonroad,2018,JKBXL02.6EMD,FKBXL02.6EMD,FKBXL02.6EMD,1
nonroad,2018,JKBXL03.3EMD,FKBXL03.3EMD,FKBXL03.3EMD,1
nonroad,2018,JKBXL03.8CMD,GKBXL03.8CMD,GKBXL03.8CMD,1
nonroad,2018,JKBXL06.1AMD,FKBXL06.1AMD,FKBXL06.1AMD,1
nonroad,2018,JFTGL02.2R3C,GFTGL02.2R3C,GFTGL02.2R3C,1
nonroad,2018,JMMLL03.5H20,HMMLL03.5H20,HMMLL03.5H20,1
nonroad,2017,HVPXL10.8CJA,GVPXL10.8CJA,GVPXL10.8CJA,1
nonroad,2018,JMMLL02.7C40,DMMLL02.7C40,DMMLL02.7C40,1
nonroad,2018,JDZXL04.8025,HDZXL04.8025,CDZXL04.8025,6
nonroad,2018,JDZXL02.9034,HDZXL02.9034,GDZXL02.9034,2
nonroad,2018,JH3XL1.13F2C,FH3XL1.13F2C,DH3XL1.13F2C,3
nonroad,2018,JHZXL.667M81,HHZXL.667M81,HHZXL.667M81,1
nonroad,2018,JMBXL04.8RJC,FMBXL04.8RJC,FMBXL04.8RJC,1
nonroad,2018,JDICL05.8LEA,HDICL05.8LEA,FDICL05.8LEA,3
nonroad,2018,JDZXL06.1049,HDZXL06.1049,FDZXL06.1049,3
nonroad,2017,HH3XL1.49TFV,FH3XL1.49TFV,EH3XL1.49TFV,2
nonroad,2017,HH3XL1.49NTV,GH3XL1.49NTV,CH3XL1.49NTV,5
nonroad,2017,HH3XL.761F1C,FH3XL.761F1C,DH3XL.507F1C,3
nonroad,2018,JMDDL21.0ZWR,AMDDL21.0GWR,JMDDL21.0ZWR,0
nonroad,2017,HVPXL16.1CJA,GVPXL16.1CJA,GVPXL16.1CJA,1
nonroad,2017,HPKXL04.4MU1,GPKXL04.4MU1,FPKXL04.4MU1,2
nonroad,2017,HPKXL04.4MW1,GPKXL04.4MW1,FPKXL04.4MW1,2
nonroad,2018,JLGCL01.9L3C,HLGCL01.9L3C,FLGCL01.9L3C,3
nonroad,2018,JKHXL2.48EST,HKHXL2.48EST,FKHXL2.48EST,3
nonroad,2019,KMMLL02.6C67,,KMMLL02.6C67,0
nonroad,2018,JKLXL23.2FDC,,JKLXL23.2FDC,0
nonroad,2018,JDICL03.4LEB,HDICL03.4LEB,FDICL03.4LEB,3
nonroad,2019,KKBXL02.4E3D,,KKBXL02.4E3D,0
nonroad,2018,JMNBL24.2OR4,,JMNBL24.2OR4,0
nonroad,2019,KKHXL1.37SF1,JKHXL1.37SF1,DKHXL1.37SF1,5
nonroad,2018,JHZXL1.95V50,GHZXL1.95V50,FHZXL1.95V50,2
nonroad,2018,JDZXL07.8051,,JDZXL07.8051,0
nonroad,2019,KKHXL2.48ESM,JKHXL2.48ESM,EKHXL2.48ESM,5
nonroad,2018,JKBXL03.8AMD,HKBXL03.8AMD,HKBXL03.8AMD,1
nonroad,2019,KKBXL02.6E2D,,KKBXL02.6E2D,0
nonroad,2018,JDZXL02.9020,,JDZXL02.9020,0
nonroad,2018,JSIDL16.8H6C,,JSIDL16.8H6C,0
nonroad,2018,JJDXL04.5315,FJDXL04.5305,FJDXL04.5305,1
nonroad,2018,JJDXL06.8302,EJDXL06.8302,EJDXL06.8302,1
nonroad,2018,JLGCL01.9L3T,GLGCL01.9L3T,FLGCL01.9L3T,2
nonroad,2019,KPKXL07.0PW2,JPKXL07.0PW2,FPKXL07.0PW2,4
nonroad,2019,KJDXL09.0114,CJDXL09.0114,CJDXL09.0114,1
nonroad,2018,JMBXL12.8RJA,FMBXL12.8RJA,EMBXL12.8RJA,2
nonroad,2019,KMVXL03.3AAJ,7MVXL03.3AAC,KMVXL03.3AAJ,0
nonroad,2019,KFPXL06.7SCA,JFPXL06.7SCA,HFPXL06.7SCA,2
nonroad,2019,KYDXL1.27NPA,DYDXL1.27NPA,DYDXL1.27NPA,1
nonroad,2019,KYDXL1.11S3N,CYDXL1.11U3N,CYDXL1.11U3N,1
nonroad,2018,JH3XL1.66JTV,,JH3XL1.66JTV,0
nonroad,2019,KCPXL09.3HPA,JCPXL09.3HPA,JCPXL09.3HPA,1
nonroad,2019,KFPXL03.4BPD,JFPXL03.4BPD,EFPXL03.4BPD,5
nonroad,2019,KYDXL1.27NSA,DYDXL1.27NS1,DYDXL1.27NS1,1
nonroad,2019,KYDXL1.64S3A,CYDXL1.64J3N,CYDXL1.64J3N,1
nonroad,2018,JFPXL03.4BPC,HFPXL03.4BPC,DFPXL03.4BPC,5
nonroad,2019,KYDXL1.27NS1,DYDXL1.27NS1,DYDXL1.27NS1,1
nonroad,2019,KMDDL14.0ZWK,AMDDL14.0GWK,KMDDL14.0ZWK,0
nonroad,2018,JKMCL1.72A31,FKMCL1.72A31,FKMCL1.72A31,1
nonroad,2018,JKMCL2.29A48,FKMCL2.29A48,FKMCL2.29A48,1
nonroad,2018,JKMCL2.29A41,FKMCL2.29A41,FKMCL2.29A41,1
nonroad,2019,KDCLL01.6D87,FDCLL01.6D87,FDCLL01.6D87,1
nonroad,2019,KVSXL16.1T4F,JVSXL16.1T4F,JVSXL16.1T4F,1
nonroad,2019,KDZXL06.1049,JDZXL06.1049,FDZXL06.1049,4
nonroad,2018,JFPXL06.7SDB,,JFPXL06.7SDB,0
nonroad,2019,KKBXL.416KCC,GKBXL.416KCC,GKBXL.416KCC,1
nonroad,2019,KMDDL76.3XTM,FMDDL95.4XTM,FMDDL95.4XTM,1
nonroad,2019,KDZXL07.1031,HDZXL07.1031,CDZXL07.1031,6
nonroad,2012,CFPXL03.2SCI,CFPXL03.2SCI,CFPXL03.2SCI,0
nonroad,2019,KYDXL3.32TGA,HYDXL3.32TGA,HYDXL3.32TGA,1
nonroad,2019,KKBXL01.5FCC,DKBXL01.5FCC,DKBXL01.5FCC,1
nonroad,2019,KKBXL01.73CB,JKBXL01.73CB,JKBXL01.73CB,1
nonroad,2019,KKBXL01.5BPD,DKBXL01.5BPD,DKBXL01.5BPD,1
nonroad,2019,KMMLL02.7M40,DMMLL02.7M40,DMMLL02.7M40,1
nonroad,2019,KKBXL03.8CMD,GKBXL03.8CMD,GKBXL03.8CMD,1
nonroad,2018,JYDXL3.05HDA,,JYDXL3.05HDA,0
nonroad,2018,JJDXL06.8120,CJDXL06.8120,CJDXL06.8120,1
nonroad,2018,JMVXL49.0BBA,7MVXL49.0BBA,JMVXL49.0BBA,0
nonroad,2018,JJDXL13.5310,FJDXL13.5310,FJDXL13.5310,1
nonroad,2018,JMVXL01.3EBA,GMVXL01.3EBA,GMVXL01.3EBA,1
nonroad,2019,KYDXL1.27NPB,,KYDXL1.27NPB,0
nonroad,2013,DSZXL02.2PXA,DSZXL02.2PXA,DSZXL02.2PXA,0
nonroad,2019,KJDXL02.9318,,KJDXL02.9318,0
nonroad,2019,KJDXL04.5311,GJDXL04.5311,GJDXL04.5311,1
nonroad,2018,JMVXL03.3EAA,HMVXL03.3EAA,HMVXL03.3EAA,1
nonroad,2019,KFPXL11.1T4W,HFPXL11.1T4W,HFPXL11.1T4W,1
nonroad,2020,LHZXL1.95C51,,LHZXL1.95C51,0
nonroad,2020,LMBXL12.8RJA,KMBXL12.8RJA,KMBXL12.8RJA,1
nonroad,2020,LFPXL12.9IGR,JFPXL12.9IGR,JFPXL12.9IGR,1
nonroad,2014,EMVXL03.3GGG,,EMVXL03.3GGG,0
nonroad,2020,LSZXL02.2VNL,JSZXL02.2VNL,JSZXL02.2VNL,1
nonroad,2020,LSZXL02.2PXC,DSZXL02.2PXA,DSZXL02.2PXA,1
nonroad,2019,KPKXL07.0VM1,,KPKXL07.0VM1,0
nonroad,2020,LYDXL1.27NS1,DYDXL1.27NS1,DYDXL1.27NS1,1
nonroad,2020,LYDXL1.64NGA,EYDXL1.64NGA,EYDXL1.64NGA,1
nonroad,2020,LSIDL16.8H6C,KSIDL16.8H6C,JSIDL16.8H6C,2
nonroad,2020,LMVXL49.0BBA,7MVXL49.0BBA,LMVXL49.0BBA,0
nonroad,2020,LMVXL65.4BBA,9MVXL65.4BBA,LMVXL65.4BBA,0
nonroad,2020,LCPXL78.1NSF,KCPXL78.1NSF,FCPXL78.1NSF,5
nonroad,2017,HSZXL02.2ZTA,FSZXL02.2ZTA,FSZXL02.2ZTA,1
nonroad,2019,KDCLL02.4HTV,,KDCLL02.4HTV,0
nonroad,2019,KMNBL24.2OR4,JMNBL24.2OR4,JMNBL24.2OR4,1
nonroad,2020,LFPXL06.7DGB,JFPXL06.7DGB,JFPXL06.7DGB,1
nonroad,2020,LKBXL03.3BCC,CKBXL03.3BCC,CKBXL03.3BCC,1
nonroad,2020,LKBXL03.8AAC,GKBXL03.8AAC,GKBXL03.8AAC,1
nonroad,2020,LKBXL02.4E2D,KKBXL02.4E2D,KKBXL02.4E2D,1
nonroad,2020,LKBXL02.6GND,DKBXL02.6GND,DKBXL02.6GND,1
nonroad,2021,MKBXL02.23CB,LKBXL02.23CB,LKBXL02.23CB,1
nonroad,2020,LMNBL24.2OR4,JMNBL24.2OR4,JMNBL24.2OR4,1
nonroad,2019,KH3XL.507F1V,JH3XL.507F1V,JH3XL.507F1V,1
nonroad,2019,KDICL01.8LEB,,KDICL01.8LEB,0
nonroad,2020,LYDXL0.57NXA,DYDXL0.57NXA,DYDXL0.57NXA,1
nonroad,2019,KCPXL106.NVG,,KCPXL106.NVG,0
nonroad,2020,LMMLL03.5H20,HMMLL03.5H20,HMMLL03.5H20,1
nonroad,2020,LMMLL02.6N52,DMMLL02.6N52,DMMLL02.6N52,1
nonroad,2020,LMMLL03.5H00,HMMLL03.5H00,HMMLL03.5H00,1
nonroad,2020,LH3XL2.22TD7,KH3XL2.22TD7,KH3XL2.22TD7,1
nonroad,2020,LH3XL1.49N3C,KH3XL1.49N3C,CH3XL1.49N3C,8
nonroad,2020,LH3XL2.22TIC,KH3XL2.22TIC,CH3XL2.22TIC,8
nonroad,2019,KKOEL4.33TAX,,KKOEL4.33TAX,0
nonroad,2020,LDZXL02.9034,KDZXL02.9034,KDZXL02.9034,1
nonroad,2019,KDZXL03.6060,JDZXL03.6060,FDZXL03.6060,3
nonroad,2020,LDZXL07.1032,KDZXL07.1032,CDZXL07.1032,7
nonroad,2020,LYDXL3.32S4N,CYDXL3.32C4N,CYDXL3.32C4N,1
nonroad,2019,KCEXL050.AAD,FCEXL050.AAD,FCEXL050.AAD,1
nonroad,2020,LKHXL2.48EST,,LKHXL2.48EST,0
nonroad,2020,LDZXL03.6060,KDZXL03.6060,FDZXL03.6060,4
nonroad,2019,KAELL2.76ECR,,KAELL2.76ECR,0
nonroad,2020,LKOEL3.24TAX,JKOEL3.24TAX,JKOEL3.24TAX,1
nonroad,2020,LAELL2.76ECR,,LAELL2.76ECR,0
nonroad,2020,LPKXL1.13F2C,,LPKXL1.13F2C,0
nonroad,2020,LPKXL1.49F2V,,LPKXL1.49F2V,0
nonroad,2020,LPKXL1.49FTV,,LPKXL1.49FTV,0
nonroad,2020,LPKXL2.22F2V,,LPKXL2.22F2V,0
nonroad,2020,LDZXL04.1056,,LDZXL04.1056,0
nonroad,2020,LKMCL1.72A32,FKMCL1.72A32,FKMCL1.72A32,1
nonroad,2020,LPKXL.761F2V,,LPKXL.761F2V,0
nonroad,2020,LLGCL01.9L3T,JLGCL01.9L3T,FLGCL01.9L3T,3
nonroad,2020,LMVXL01.8EBA,GMVXL01.3EBA,GMVXL01.3EBA,1
nonroad,2020,LPKXL04.4NM2,KPKXL04.4NM2,FPKXL04.4NM2,5
nonroad,2021,MKLXL23.2FDC,JKLXL23.2FDC,JKLXL23.2FDC,1
nonroad,2020,LYDXL3.32TKA,,LYDXL3.32TKA,0
nonroad,2021,MSZXL03.0PTA,DSZXL03.0PTA,DSZXL03.0PTA,1
nonroad,2021,MCEXL13.0AAA,ECEXL13.0AAA,ECEXL13.0AAA,1
nonroad,2021,MJDXL04.5214,DJDXL04.5214,DJDXL04.5214,1
nonroad,2021,MJDXL09.0114,CJDXL09.0114,CJDXL09.0114,1
nonroad,2021,MJDXL13.5146,EJDXL13.5146,EJDXL13.5146,1
nonroad,2020,LPKXL2.22TD7,,LPKXL2.22TD7,0
nonroad,2021,MJDXL06.8312,GJDXL06.8312,GJDXL06.8312,1
nonroad,2021,MVPXL16.1ACG,LVPXL16.1ACG,KVPXL16.1ACG,2
nonroad,2021,MVPXL16.1BDA,LVPXL16.1BDA,KVPXL16.1BDA,2
nonroad,2021,MVPXL16.1ACW,LVPXL16.1ACW,KVPXL16.1ACW,2
nonroad,2016,GCEXL08.9AAK,ECEXL08.9AAK,ECEXL08.9AAK,1
nonroad,2019,KCEXL08.9AAN,GCEXL08.9AAN,GCEXL08.9AAN,1
nonroad,2021,MLGCL01.9L3D,KLGCL01.9L3D,KLGCL01.9L3D,1
nonroad,2021,MYDXL.993NSB,DYDXL0.99NS1,DYDXL0.99NS1,1
nonroad,2021,MMMLL02.6T70,JMMLL02.6T70,JMMLL02.6T70,1
nonroad,2013,DCEXL019.AAD,,DCEXL019.AAD,0
nonroad,2021,MPKXL07.0PW2,LPKXL07.0PW2,FPKXL07.0PW2,6
nonroad,2021,MPKXL04.4NM2,LPKXL04.4NM2,FPKXL04.4NM2,6
nonroad,2020,LFPXL15.9T4D,JFPXL15.9T4D,HFPXL15.9T4D,2
nonroad,2021,MPKXL.761F2V,LPKXL.761F2V,LPKXL.761F2V,1
nonroad,2021,MPKXL01.5F2V,LPKXL1.49F2V,LPKXL1.49F2V,1
nonroad,2020,LDCLL02.4HTV,,LDCLL02.4HTV,0
nonroad,2021,MYDXL01.6NKA,DYDXL1.64NKA,DYDXL1.64NKA,1
nonroad,2021,MYDXL01.6NMA,DYDXL1.64NMA,DYDXL1.64NMA,1
nonroad,2021,MKBXL.276KCC,GKBXL.276KCC,GKBXL.276KCC,1
nonroad,2017,HYDXL1.64NKA,DYDXL1.64NKA,DYDXL1.64NKA,1
nonroad,2014,EYDXL1.64NKA,DYDXL1.64NKA,DYDXL1.64NKA,1
nonroad,2021,MYDXL03.3TKA,,MYDXL03.3TKA,0
nonroad,2021,MFPXL06.7SCA,JFPXL06.7SCA,HFPXL06.7SCA,2
nonroad,2021,MFPXL06.7SCB,JFPXL06.7SCB,HFPXL06.7SCB,2
nonroad,2021,MKBXL.479KCC,,MKBXL.479KCC,0
nonroad,2021,MYDXL02.1TDA,HYDXL2.09TDA,HYDXL2.09TDA,1
nonroad,2021,MYDXL03.3NGA,HYDXL3.32NGA,HYDXL3.32NGA,1
nonroad,2021,MY9XL09.3DAA,LY9XL09.3DAA,LY9XL09.3DAA,1
nonroad,2020,LDICL03.4LED,,LDICL03.4LED,0
nonroad,2020,LKLXL15.2EDC,EKLXL15.2EDC,EKLXL15.2EDC,1
nonroad,2022,NYDXL01.3NWB,HYDXL1.27NWB,HYDXL1.27NWB,1
nonroad,2021,MKBXL01.8E1D,KKBXL01.8E1D,KKBXL01.8E1D,1
nonroad,2021,MKBXL02.6EKD,DKBXL02.6EKD,DKBXL02.6EKD,1
nonroad,2021,MKBXL03.8C1D,KKBXL03.8C1D,KKBXL03.8C1D,1
nonroad,2021,MMMLL03.5H20,HMMLL03.5H20,HMMLL03.5H20,1
nonroad,2020,LFPXL03.4BDC,HFPXL03.4BDC,DFPXL03.4BDC,5
nonroad,2021,MDCLL01.6D7G,GDCLL01.6D7G,CDCLL02.2D7G,2
nonroad,2020,LVSXL16.1T4F,,LVSXL16.1T4F,0
nonroad,2020,LFGXL3.85E0V,JFGXL3.85E0V,JFGXL3.85E0V,1
nonroad,2021,MTTVL02.9WMS,LTTVL02.9WMS,LTTVL02.9WMS,1
nonroad,2021,MHZXL1.95C51,LHZXL1.95C51,LHZXL1.95C51,1
nonroad,2017,HDICL03.4LEC,,HDICL03.4LEC,0
nonroad,2020,LDICL01.8LEA,,LDICL01.8LEA,0
nonroad,2021,MPKXL04.4MU1,LPKXL04.4MU1,FPKXL04.4MU1,6
nonroad,2021,MCPXL18.1NZS,LCPXL18.1NZS,CCPXL18.1NZS,9
nonroad,2022,NYDXL02.2NFB,MYDXL02.2NFB,MYDXL02.2NFB,1
nonroad,2021,MDZXL15.9058,,MDZXL15.9058,0
nonroad,2021,MKLXL06.7AAM,HKLXL06.7AAM,HKLXL06.7AAM,1
nonroad,2021,MMNBL12.4OR4,HMNBL12.4OR4,GMNBL12.4OR4,2
nonroad,2021,MKLXL11.0DDD,,MKLXL11.0DDD,0
nonroad,2022,NMVXL02.2EBA,HMVXL02.2EBA,HMVXL02.2EBA,1
nonroad,2021,MYDXL01.3NPA,DYDXL1.27NPA,DYDXL1.27NPA,1
nonroad,2021,MYDXL01.3NUA,DYDXL1.27NUA,DYDXL1.27NUA,1
nonroad,2021,MYDXL.993NUA,DYDXL0.99NUA,DYDXL0.99NUA,1
nonroad,2021,MLHAL16.2VWC,,MLHAL16.2VWC,0
nonroad,2017,HVPXL12.8CJA,,HVPXL12.8CJA,0
nonroad,2019,KVPXL12.8CJA,,KVPXL12.8CJA,0
nonroad,2021,MJDXL13.5310,FJDXL13.5310,FJDXL13.5310,1
nonroad,2021,MPKXL04.4NR1,LPKXL04.4NR1,FPKXL04.4NR1,6
nonroad,2022,NCEXL08.9AAL,FCEXL08.9AAL,FCEXL08.9AAL,1
nonroad,2021,MFPXL03.4DE1,LFPXL03.4DE1,LFPXL03.4DE1,1
nonroad,2021,MFPXL03.4BPC,HFPXL03.4BPC,DFPXL03.4BPC,5
nonroad,2022,NFPXL06.7SCB,JFPXL06.7SCB,HFPXL06.7SCB,2
nonroad,2021,MFPXL03.4ADD,JFPXL03.4ADD,HFPXL03.4ADD,2
nonroad,2022,NFPXL03.4ADD,JFPXL03.4ADD,HFPXL03.4ADD,2
nonroad,2022,NJDXL02.9142,FJDXL02.9142,FJDXL02.9142,1
nonroad,2021,MMDDL40.1GNR,GMDDL40.1GNR,FMDDL40.1GNR,2
nonroad,2022,NYDXL01.3NS4,DYDXL1.27NS4,DYDXL1.27NS4,1
nonroad,2021,MFTGL03.0R3C,LFTGL03.0R3C,LFTGL03.0R3C,1
nonroad,2021,MVPXL16.1CJA,,MVPXL16.1CJA,0
nonroad,2021,MDZXL05.7053,LDZXL05.7053,LDZXL05.7053,1
nonroad,2021,MMNBL24.2OR4,JMNBL24.2OR4,JMNBL24.2OR4,1
nonroad,2022,NKBXL01.5DPD,KKBXL01.5DPD,KKBXL01.5DPD,1
nonroad,2022,NKBXL02.4GMC,,NKBXL02.4GMC,0
nonroad,2022,NFPXL03.4DEP,LFPXL03.4DEP,LFPXL03.4DEP,1
nonroad,2022,NYDXL01.3NUA,DYDXL1.27NUA,DYDXL1.27NUA,1
nonroad,2017,HCEXL030.AAD,CCEXL030.AAD,CCEXL030.AAD,1
nonroad,2022,NKBXL01.0BCC,,NKBXL01.0BCC,0
nonroad,2022,NY9XL16.4DBA,JY9XL16.4DBA,JY9XL16.4DBA,1
nonroad,2021,MLHAL10.5SQC,ELHAL10.5SQC,ELHAL10.5SQC,1
nonroad,2022,NCPXL32.0HXF,MCPXL32.0HXF,CCPXL32.0HXA,10
nonroad,2022,NYDXL03.3S4N,CYDXL3.32C4N,CYDXL3.32C4N,1
nonroad,2022,NYDXL.320H1N,FYDXL0.32H1N,FYDXL0.32H1N,1
nonroad,2019,K6AXL04.2Z17,,K6AXL04.2Z17,0
nonroad,2022,NKBXL02.6END,DKBXL02.6END,DKBXL02.6END,1
nonroad,2021,MLHAL7.96SQC,ELHAL7.96SQC,ELHAL7.96SQC,1
nonroad,2021,MDICL01.8LEA,LDICL01.8LEA,LDICL01.8LEA,1
nonroad,2021,MCPXL58.6HXZ,LCPXL58.6HXZ,LCPXL58.6HXZ,1
nonroad,2021,MVSXL07.7STV,,MVSXL07.7STV,0
nonroad,2021,M6AXL04.2Z17,K6AXL04.2Z17,K6AXL04.2Z17,1
nonroad,2022,NLHAL13.5SWC,MLHAL13.5SWC,MLHAL13.5SWC,1
nonroad,2022,NKBXL02.6E1D,KKBXL02.6E1D,KKBXL02.6E1D,1
nonroad,2021,MMVXL49.0BBA,7MVXL49.0BBA,MMVXL49.0BBA,0
nonroad,2021,MMVXL65.4BBA,9MVXL65.4BBA,MMVXL65.4BBA,0
nonroad,2022,NPKXL01.5F2C,MPKXL01.5F2C,LPKXL1.49F2C,2
nonroad,2022,NPKXL01.7J2V,MPKXL01.7J2V,LPKXL1.66J2V,2
nonroad,2022,NMBXL04.8RJC,FMBXL04.8RJC,FMBXL04.8RJC,1
nonroad,2022,NKMCL1.72A34,LKMCL1.72A34,LKMCL1.72A34,1
nonroad,2022,NKMCL2.29A41,FKMCL2.29A41,FKMCL2.29A41,1
nonroad,2022,NPKXL02.2TCC,MPKXL02.2TCC,LPKXL2.22TCC,2
nonroad,2020,LKBXL02.4E1C,,LKBXL02.4E1C,0
nonroad,2022,NMNBL12.4OR4,HMNBL12.4OR4,GMNBL12.4OR4,2
nonroad,2021,MCEXL019.AAD,,MCEXL019.AAD,0
nonroad,2022,NMMLL02.7C49,DMMLL02.7C49,DMMLL02.7C49,1
nonroad,2022,NMMLL02.7D55,KMMLL02.7D65,KMMLL02.7D65,1
nonroad,2022,NDZXL02.2112,MDZXL02.2112,LDZXL02.2112,2
nonroad,2021,MCEXL030.AAD,CCEXL030.AAD,CCEXL030.AAD,1
nonroad,2022,NDZXL03.6018,MDZXL03.6018,MDZXL03.6018,1
nonroad,2022,NDZXL06.1048,MDZXL06.1048,MDZXL06.1048,1
nonroad,2022,NDZXL07.1030,MDZXL07.1030,CDZXL07.1030,9
nonroad,2022,NYDXL.570NUA,DYDXL0.57NUA,DYDXL0.57NUA,1
nonroad,2021,MCPXL18.1HXF,LCPXL18.1HXF,CCPXL18.1HXA,9
nonroad,2021,MFPXL06.7FR2,,MFPXL06.7FR2,0
nonroad,2022,NKOEL3.24NAX,JKOEL3.24NAX,JKOEL3.24NAX,1
nonroad,2022,NICLL01.1B3X,GICLL1.12B3X,DICLL1.12B3X,4
nonroad,2022,NDCLL01.0D75,,NDCLL01.0D75,0
nonroad,2022,NTTVL02.9WMS,MTTVL02.9WMS,LTTVL02.9WMS,2
nonroad,2022,NJDXL02.9318,KJDXL02.9318,KJDXL02.9318,1
nonroad,2022,NDICL07.6LEA,MDICL07.6LEA,GDICL07.6LEA,6
nonroad,2022,NPKXL07.0VL4,MPKXL07.0VL4,LPKXL07.0VL4,2
nonroad,2022,NCPXL106.NZS,MCPXL106.NZS,CCPXL106.NZS,10
nonroad,2016,GSZXL05.2QXA,ESZXL05.2QXA,ESZXL05.2QXA,1
nonroad,2021,MSZXL05.2QXA,ESZXL05.2QXA,ESZXL05.2QXA,1
nonroad,2022,NYDXL01.6NMA,DYDXL1.64NMA,DYDXL1.64NMA,1
nonroad,2022,NYDXL02.2S4N,CYDXL2.19J4N,CYDXL2.19J4N,1
nonroad,2023,PCEXL02.8AAD,LCEXL02.8AAD,LCEXL02.8AAD,1
nonroad,2016,GSZXL05.2RXA,FSZXL05.2RXA,FSZXL05.2RXA,1
nonroad,2022,NSZXL05.2RXA,FSZXL05.2RXA,FSZXL05.2RXA,1
nonroad,2022,NYDXL01.6NKA,DYDXL1.64NKA,DYDXL1.64NKA,1
nonroad,2022,NY9XL16.4DAA,LY9XL16.4DAA,KY9XL16.4DAA,2
nonroad,2023,PCPXL12.5NYS,NCPXL12.5NYS,ECPXL12.5NYS,9
nonroad,2023,PDZXL06.1061,NDZXL06.1061,NDZXL06.1061,1
nonroad,2020,LSZXL15.7QXB,FSZXL15.7QXB,FSZXL15.7QXB,1
nonroad,2023,PDZXL02.9120,NDZXL02.9120,NDZXL02.9120,1
nonroad,2023,PKLXL11.0DDD,MKLXL11.0DDD,MKLXL11.0DDD,1
nonroad,2023,PSZXL05.2RXA,FSZXL05.2RXA,FSZXL05.2RXA,1
nonroad,2022,NSIDL07.5I7C,,NSIDL07.5I7C,0
nonroad,2022,NKLXL23.2FDE,MKLXL23.2FDE,MKLXL23.2FDE,1
nonroad,2023,PJDXL04.5304,EJDXL04.5304,EJDXL04.5304,1
nonroad,2023,PHZXL1.95C50,MHZXL1.95C50,MHZXL1.95C50,1
nonroad,2022,NFPXL12.9TDS,HFPXL12.9TDS,HFPXL12.9TDS,1
nonroad,2023,PPKXL04.4NM1,NPKXL04.4NM1,CPKXL04.4NM1,11
nonroad,2022,NCEXL50.0AAG,,NCEXL50.0AAG,0
nonroad,2023,PKBXL.416KCC,GKBXL.416KCC,GKBXL.416KCC,1
nonroad,2022,NJDXL04.5304,EJDXL04.5304,EJDXL04.5304,1
nonroad,2023,PKBXL.778KCB,DKBXL.778KCB,DKBXL.778KCB,1
nonroad,2023,PKBXL01.0BCB,DKBXL01.0BCB,DKBXL01.0BCB,1
nonroad,2023,PKBXL01.3DCB,DKBXL01.3DCB,DKBXL01.3DCB,1
nonroad,2023,PKBXL01.0BCC,NKBXL01.0BCC,NKBXL01.0BCC,1
nonroad,2023,PKBXL01.5BCC,DKBXL01.5BCC,DKBXL01.5BCC,1
nonroad,2022,NCPXL78.1NSG,,NCPXL78.1NSG,0
nonroad,2023,PPKXL01.1F2V,NPKXL01.1F2V,LPKXL1.13F2V,3
nonroad,2023,PJDXL18.0341,,PJDXL18.0341,0
nonroad,2023,PYDXL01.3TPA,JYDXL1.27TPA,JYDXL1.27TPA,1
nonroad,2022,NDZXL02.2111,,NDZXL02.2111,0
nonroad,2023,PKBXL01.5A1D,LKBXL01.5A1D,LKBXL01.5A1D,1
nonroad,2023,PYDXL.993NS4,,PYDXL.993NS4,0
nonroad,2023,PICLL02.4F4I,,PICLL02.4F4I,0
nonroad,2023,PKBXL02.4E2D,KKBXL02.4E2D,KKBXL02.4E2D,1
nonroad,2022,NDZXL03.6123,,NDZXL03.6123,0
nonroad,2022,NFPXL03.6EH1,MFPXL03.6EH1,MFPXL03.6EH1,1
nonroad,2023,PJDXL13.5310,FJDXL13.5310,FJDXL13.5310,1
nonroad,2023,PJDXL09.0319,LJDXL09.0319,LJDXL09.0319,1
nonroad,2023,PYDXL.993NSB,,PYDXL.993NSB,0
nonroad,2023,PKBXL03.8A1C,LKBXL03.8A1C,LKBXL03.8A1C,1
nonroad,2023,PKBXL02.2FCC,CKBXL02.2FCC,CKBXL02.2FCC,1
nonroad,2022,NICLL01.8F3X,,NICLL01.8F3X,0
nonroad,2022,NLHAL12.0SQC,ELHAL12.0SQC,ELHAL12.0SQC,1
nonroad,2022,NKLXL50.0AAI,,NKLXL50.0AAI,0
nonroad,2023,P6AXL04.2Z17,K6AXL04.2Z17,K6AXL04.2Z17,1
nonroad,2022,NJDXL09.0333,MJDXL09.0333,MJDXL09.0333,1
nonroad,2023,PMVXL03.3EAB,MMVXL03.3EAB,MMVXL03.3EAB,1
nonroad,2023,PKOEL3.24NAX,JKOEL3.24NAX,JKOEL3.24NAX,1
nonroad,2023,PMVXL02.2EAA,DMVXL02.2AAA,DMVXL02.2AAA,1
nonroad,2023,PKBXL03.3E2D,KKBXL03.3E2D,KKBXL03.3E2D,1
nonroad,2023,PJCBL04.4EM1,,PJCBL04.4EM1,0
nonroad,2023,PJCBL04.8EM1,,PJCBL04.8EM1,0
nonroad,2023,PSIDL07.4G6B,NSIDL07.4G6B,MSIDL07.4G6B,2
nonroad,2022,NMDDL76.3XTM,FMDDL95.4XTM,FMDDL95.4XTM,1
nonroad,2023,PHZXL.722M92,,PHZXL.722M92,0
nonroad,2023,PSIDL09.8H6C,,PSIDL09.8H6C,0
nonroad,2023,PKBXL06.1C5D,,PKBXL06.1C5D,0
nonroad,2024,RSZXL02.2ZTA,FSZXL02.2ZTA,FSZXL02.2ZTA,1
nonroad,2024,RCPXL106.NVG,PCPXL106.NVG,KCPXL106.NVG,5
nonroad,2023,PFPXL11.1FR1,NFPXL11.1FR1,NFPXL11.1FR1,1
nonroad,2023,PJCBL04.4TA5,LJCBL04.4TA5,LJCBL04.4TA5,1
nonroad,2023,PKLXL04.5AAP,,PKLXL04.5AAP,0
nonroad,2023,PKHXL03.4TDS,,PKHXL03.4TDS,0
nonroad,2024,RJDXL13.5132,CJDXL13.5132,CJDXL13.5132,1
nonroad,2023,PJDXL13.5334,MJDXL13.5334,MJDXL13.5334,1
nonroad,2023,PDZXL02.9020,,PDZXL02.9020,0
nonroad,2023,PVPXL16.1ACW,NVPXL16.1ACW,KVPXL16.1ACW,4
nonroad,2024,RYDXL02.2NFB,,RYDXL02.2NFB,0
nonroad,2024,RFPXL06.7LIM,KFPXL06.7LIM,KFPXL06.7LIM,1
nonroad,2024,RDZXL02.2110,PDZXL02.2110,NDZXL02.2110,2
nonroad,2023,PKHXL02.5ESM,,PKHXL02.5ESM,0
nonroad,2023,PLHAL16.2VQC,FLHAL16.2VQC,ELHAL16.2VQC,2
nonroad,2024,RLGCL01.9L3T,JLGCL01.9L3T,FLGCL01.9L3T,3
nonroad,2024,RPKXL04.4NM1,PPKXL04.4NM1,CPKXL04.4NM1,12
nonroad,2024,RPKXL01.1SLV,PPKXL01.1SLV,LPKXL1.13SLV,4
nonroad,2024,RPKXL01.5N3C,PPKXL01.5N3C,LPKXL1.49N3C,4
nonroad,2024,RMVXL37.1BBA,7MVXL37.1BBA,RMVXL37.1BBA,0
nonroad,2024,RLGCL02.5L4A,HLGCL02.5L4A,HLGCL02.5L4A,1
nonroad,2024,RCEXL13.0AAA,ECEXL13.0AAA,ECEXL13.0AAA,1
nonroad,2024,RMVXL03.3EAC,KMVXL03.3EAC,KMVXL03.3EAC,1
nonroad,2024,RPKXL.761F2V,PPKXL.761F2V,LPKXL.761F2V,4
nonroad,2023,PPKXL02.2IW1,NPKXL02.2IW1,LPKXL2.22IW1,3
nonroad,2024,RPKXL01.5F2C,PPKXL01.5F2C,LPKXL1.49F2C,4
nonroad,2024,RJDXL04.5304,EJDXL04.5304,EJDXL04.5304,1
nonroad,2023,PFPXL03.4DE1,NFPXL03.4DE1,LFPXL03.4DE1,2
nonroad,2024,RHZXL.517M54,PHZXL.517M54,MHZXL.517M54,3
nonroad,2024,RPKXL01.1IZ1,PPKXL01.1IZ1,MPKXL01.1IZ1,3
nonroad,2023,PFPXL03.4DES,LFPXL03.4DES,LFPXL03.4DES,1
nonroad,2023,PFPXL03.4CDC,HFPXL03.4CDC,DFPXL03.4CDC,5
nonroad,2024,RDZXL02.9118,PDZXL02.9118,PDZXL02.9118,1
nonroad,2022,NVPXL07.7CJA,,NVPXL07.7CJA,0
nonroad,2023,PPKXL02.8FM1,NPKXL02.8FM1,NPKXL02.8FM1,1
nonroad,2024,RICLL01.5C3X,GICLL1.50C3X,DICLL1.50C3X,4
nonroad,2024,RFPXL15.9T4D,PFPXL15.9T4D,PFPXL15.9T4D,1
nonroad,2024,RPKXL02.2TD7,PPKXL02.2TD7,PPKXL02.2TD7,1
nonroad,2024,RMDDL14.0ZWK,AMDDL14.0GWK,RMDDL14.0ZWK,0
nonroad,2024,RMMLL02.6M63,HMMLL02.6M63,HMMLL02.6M63,1
nonroad,2024,RMMLL02.6M73,HMMLL02.6M73,HMMLL02.6M73,1
nonroad,2024,RJDXL13.5310,FJDXL13.5310,FJDXL13.5310,1
nonroad,2024,RKBXL01.5DCB,DKBXL01.1DCB,DKBXL01.1DCB,1
nonroad,2024,RMMLL02.7C45,GMMLL02.7C45,GMMLL02.7C45,1
nonroad,2024,RKBXL03.8CKD,DKBXL03.8CKD,DKBXL03.8CKD,1
nonroad,2024,RFPXL03.4DE1,,RFPXL03.4DE1,0
nonroad,2024,RLHAL16.2VQC,FLHAL16.2VQC,ELHAL16.2VQC,2
nonroad,2024,RKBXL02.6G3D,KKBXL02.6G3D,KKBXL02.6G3D,1
nonroad,2024,RKBXL03.3EMD,FKBXL03.3EMD,FKBXL03.3EMD,1
nonroad,2023,PCPXL106.NVF,NCPXL106.NVF,HCPXL106.NVF,6
nonroad,2024,RYDXL03.3TGA,PYDXL03.3TGA,PYDXL03.3TGA,1
nonroad,2023,PDZXL03.6123,,PDZXL03.6123,0
nonroad,2023,PKLXL02.4KDC,MKLXL02.4KDC,MKLXL02.4KDC,1
nonroad,2023,PVPXL10.8CJB,,PVPXL10.8CJB,0
nonroad,2024,RCPXL84.7NSF,PCPXL84.7NSF,FCPXL84.7NSF,9
nonroad,2024,RKOEL1.64NAX,NKOEL1.64NAX,NKOEL1.64NAX,1
nonroad,2024,RFPXL03.4CSD,,RFPXL03.4CSD,0
nonroad,2024,RCEXL0505AAE,ECEXL0505AAE,CCEXL0505AAE,3
nonroad,2024,RJDXL18.0342,,RJDXL18.0342,0
nonroad,2024,RCEXL15.0AAI,ECEXL15.0AAI,CCEXL15.0AAI,3
nonroad,2024,RYDXL01.6S3A,CYDXL1.64J3N,CYDXL1.64J3N,1
nonroad,2024,RYDXL01.6NDA,PYDXL01.6NDA,PYDXL01.6NDA,1
nonroad,2024,RFPXL03.4DEP,LFPXL03.4DEP,LFPXL03.4DEP,1
nonroad,2022,NCEXL04.5AAL,,NCEXL04.5AAL,0
nonroad,2019,KCEXL15.0AAL,ECEXL15.0AAL,ECEXL15.0AAL,1
nonroad,2021,MCEXL06.7AAQ,,MCEXL06.7AAQ,0
nonroad,2022,NCEXL0275AAG,,NCEXL0275AAG,0
nonroad,2023,PCEXL08.9AAQ,KCEXL08.9AAQ,KCEXL08.9AAQ,1
nonroad,2017,HCEXL0409AAB,,HCEXL0409AAB,0
nonroad,2019,KCEXL0409AAC,,KCEXL0409AAC,0
nonroad,2014,ECEXL0409AAD,,ECEXL0409AAD,0
nonroad,2012,CCEXL0409AAD,,CCEXL0409AAD,0
nonroad,2024,RSIDL07.4I7C,PSIDL07.4I7C,MSIDL07.4I7C,3
nonroad,2016,GCEXL15.0AAI,ECEXL15.0AAI,CCEXL15.0AAI,3
nonroad,2024,RKBXL02.6E1D,KKBXL02.6E1D,KKBXL02.6E1D,1
nonroad,2024,RFPXL06.7FR2,PFPXL06.7FR2,MFPXL06.7FR2,2
nonroad,2024,RCPXL15.2NYS,PCPXL15.2NYS,CCPXL15.2NYS,12
nonroad,2025,SCPXL84.7NSF,RCPXL84.7NSF,FCPXL84.7NSF,10
nonroad,2024,RMDDL22.4ZWR,,RMDDL22.4ZWR,0
nonroad,2024,RKBXL.899KFB,PKBXL.898KFB,PKBXL.898KFB,1
nonroad,2024,RFPXL08.7FR1,,RFPXL08.7FR1,0
nonroad,2021,MDICL03.4LEA,LDICL03.4LEA,HDICL03.4LEA,4
nonroad,2024,RYDXL.320H1E,,RYDXL.320H1E,0
nonroad,2025,SPKXL07.0PW1,RPKXL07.0PW1,EPKXL07.0PW1,11
nonroad,2025,SPKXL04.4NR1,RPKXL04.4NR1,FPKXL04.4NR1,10
nonroad,2025,SPKXL04.4NM1,RPKXL04.4NM1,CPKXL04.4NM1,13
nonroad,2015,FDICL03.4LEA,,FDICL03.4LEA,0
nonroad,2021,MDICL03.4LEC,LDICL03.4LEC,HDICL03.4LEC,4
nonroad,2024,RDZXL07.8047,,RDZXL07.8047,0
nonroad,2025,SJDXL09.0114,CJDXL09.0114,CJDXL09.0114,1
nonroad,2022,NCEXL60.0AAB,,NCEXL60.0AAB,0
nonroad,2024,RKHXL02.5EST,,RKHXL02.5EST,0
nonroad,2024,RKHXL01.4SF1,,RKHXL01.4SF1,0
nonroad,2021,MCEXL78.0AAA,ECEXL78.0AAA,ECEXL78.0AAA,1
nonroad,2020,LCEXL78.0AAA,ECEXL78.0AAA,ECEXL78.0AAA,1
nonroad,2017,HCEXL95.0AAA,GCEXL95.0AAA,GCEXL95.0AAA,1
nonroad,2025,SLHAL103.VQC,MLHAL103.VQC,MLHAL103.VQC,1
nonroad,2024,RKBXL02.6E3D,KKBXL02.6E3D,KKBXL02.6E3D,1
nonroad,2024,RKBXL02.4E3D,KKBXL02.4E3D,KKBXL02.4E3D,1
nonroad,2024,RVPXL12.8CJB,,RVPXL12.8CJB,0
nonroad,2024,RMNBL16.2VGT,MMNBL16.2VGT,MMNBL16.2VGT,1
nonroad,2025,SLHAL45.0VQC,,SLHAL45.0VQC,0
nonroad,2024,RDZXL07.1032,,RDZXL07.1032,0
nonroad,2025,SKBXL.479KCC,MKBXL.479KCC,MKBXL.479KCC,1
nonroad,2024,RDICL21.9LBG,PDICL21.9LBG,NDICL21.9LBG,2
nonroad,2024,RKHXL01.4KSE,,RKHXL01.4KSE,0
nonroad,2025,SKBXL.277KCC,GKBXL.276KCC,GKBXL.276KCC,1
nonroad,2025,SKBXL.326KCB,DKBXL.325KCB,DKBXL.325KCB,1
nonroad,2025,SKBXL01.0BCC,NKBXL01.0BCC,NKBXL01.0BCC,1
nonroad,2025,SKBXL01.5BCC,DKBXL01.5BCC,DKBXL01.5BCC,1
nonroad,2025,SLHAL18.0SQC,PLHAL18.0SQC,PLHAL18.0SQC,1
nonroad,2025,SDZXL02.2112,RDZXL02.2112,LDZXL02.2112,5
nonroad,2025,SHZXL02.0V53,RHZXL02.0V53,RHZXL02.0V53,1
nonroad,2024,RDICL05.8LEB,PDICL05.8LEB,MDICL05.8LEB,3
nonroad,2025,SKBXL02.4GMC,NKBXL02.4GMC,NKBXL02.4GMC,1
nonroad,2018,JCEXL060.AAD,,JCEXL060.AAD,0
nonroad,2025,SJDXL02.9339,NJDXL02.9339,NJDXL02.9339,1
nonroad,2025,SPKXL02.2NLT,RPKXL02.2NLT,LPKXL2.22NLT,4
nonroad,2023,PCEXL60.0AAF,,PCEXL60.0AAF,0
nonroad,2024,RPKXL07.0BN1,PPKXL07.0BN1,EPKXL07.0BN1,10
nonroad,2024,RPKXL04.4MW1,PPKXL04.4MW1,FPKXL04.4MW1,9
nonroad,2024,RPKXL02.2IR1,PPKXL02.2IR1,LPKXL2.22IR1,4
nonroad,2024,RVPXL12.8BCA,PVPXL12.8BCA,KVPXL12.8BCA,5
nonroad,2024,RPKXL04.4SU1,PPKXL04.4SU1,LPKXL04.4SU1,4
nonroad,2025,SPKXL01.5F2C,RPKXL01.5F2C,LPKXL1.49F2C,5
nonroad,2024,RCEXL06.7AAQ,,RCEXL06.7AAQ,0
nonroad,2025,SICLL01.1B3X,GICLL1.12B3X,DICLL1.12B3X,4
nonroad,2025,SFTGL03.0R3C,LFTGL03.0R3C,LFTGL03.0R3C,1
nonroad,2024,RCEXL06.7AAU,,RCEXL06.7AAU,0
nonroad,2024,RPKXL02.8FM1,PPKXL02.8FM1,NPKXL02.8FM1,2
nonroad,2017,HLHAL7.96SQC,ELHAL7.96SQC,ELHAL7.96SQC,1
nonroad,2024,RVSXL16.1T4F,,RVSXL16.1T4F,0
nonroad,2020,LLHAL24.2VQT,GLHAL24.2VQT,GLHAL24.2VQT,1
nonroad,2025,SMNBL15.3OR4,,SMNBL15.3OR4,0
nonroad,2020,LLHAL16.2VQC,ELHAL16.2VQC,ELHAL16.2VQC,1
nonroad,2025,SMDDL40.1GNR,GMDDL40.1GNR,FMDDL40.1GNR,2
nonroad,2025,SHZXL02.0C51,RHZXL02.0C51,RHZXL02.0C51,1
nonroad,2025,SYDXL01.1NPB,NYDXL01.1NPB,NYDXL01.1NPB,1
nonroad,2021,MLHAL09.0SQC,KLHAL09.0SQC,KLHAL09.0SQC,1
nonroad,2016,GLHAL10.5SQC,ELHAL10.5SQC,ELHAL10.5SQC,1
nonroad,2018,JLHAL10.5SQC,ELHAL10.5SQC,ELHAL10.5SQC,1
nonroad,2021,MLHAL7.01SQC,ELHAL7.01SQC,ELHAL7.01SQC,1
nonroad,2025,STYCL2.29A41,PTYCL2.29A41,PTYCL2.29A41,1
nonroad,2024,RKHXL03.4TCG,,RKHXL03.4TCG,0
nonroad,2025,SYDXL03.3NDA,PYDXL03.3NDA,PYDXL03.3NDA,1
nonroad,2025,SYDXL.320H1E,RYDXL.320H1E,RYDXL.320H1E,1
nonroad,2025,SYDXL.436H1E,RYDXL.436H1E,RYDXL.436H1E,1
nonroad,2025,SKBXL03.3E2D,KKBXL03.3E2D,KKBXL03.3E2D,1
nonroad,2025,SDICL01.8LEB,RDICL01.8LEB,KDICL01.8LEB,6
nonroad,2024,RCEXL050.AAD,,RCEXL050.AAD,0
nonroad,2025,SSZXL02.2VNL,JSZXL02.2VNL,JSZXL02.2VNL,1
nonroad,2025,SYDXL03.8HDA,RYDXL03.8HDA,RYDXL03.8HDA,1
nonroad,2025,SMVXL65.4BBA,9MVXL65.4BBA,SMVXL65.4BBA,0
nonroad,2025,SCEXL015.AAJ,ECEXL015.AAJ,CCEXL015.AAJ,2
nonroad,2025,SYDXL02.1NFC,NYDXL02.1NFC,NYDXL02.1NFC,1
nonroad,2025,SKBXL03.8CMD,GKBXL03.8CMD,GKBXL03.8CMD,1
nonroad,2024,RCEXL95.0AAA,,RCEXL95.0AAA,0
nonroad,2025,SYDXL.570NUB,RYDXL.570NUB,RYDXL.570NUB,1
nonroad,2025,SKBXL03.8P5D,,SKBXL03.8P5D,0
nonroad,2025,SYDXL01.6NGA,PYDXL01.6NGA,PYDXL01.6NGA,1
nonroad,2025,SDZXL02.9020,,SDZXL02.9020,0
nonroad,2025,SYDXL03.3S4N,PYDXL03.3S4N,PYDXL03.3S4N,1
nonroad,2025,SVPXL16.1ACC,RVPXL16.1ACC,LVPXL16.1ACC,4
nonroad,2025,SYDXL03.3S4T,RYDXL03.3S4T,RYDXL03.3S4T,1
nonroad,2025,SYDXL03.3NGA,PYDXL03.3NGA,PYDXL03.3NGA,1
nonroad,2025,SFPXL06.7CLA,,SFPXL06.7CLA,0
nonroad,2025,SDZXL07.8047,,SDZXL07.8047,0
nonroad,2025,SPKXL01.1J2V,RPKXL01.1J2V,LPKXL1.13J2V,5
nonroad,2025,SDZXL06.1048,,SDZXL06.1048,0
nonroad,2025,SDZXL05.2124,,SDZXL05.2124,0
nonroad,2025,SPKXL04.4SU1,RPKXL04.4SU1,LPKXL04.4SU1,5
nonroad,2025,SDZXL06.1049,,SDZXL06.1049,0
nonroad,2025,SY9XL12.7DAA,KY9XL12.7DAA,KY9XL12.7DAA,1
nonroad,2025,SKHXL03.4TCR,,SKHXL03.4TCR,0
nonroad,2021,MFPXL04.5SCB,LFPXL04.5SCB,LFPXL04.5SCB,1
nonroad,2025,SDZXL03.6018,,SDZXL03.6018,0
nonroad,2019,KCEXL30.0AAE,,KCEXL30.0AAE,0
nonroad,2016,GLHAL12.0SQC,ELHAL12.0SQC,ELHAL12.0SQC,1
nonroad,2023,PFPXL20.1T4B,JFPXL20.1T4B,JFPXL20.1T4B,1
nonroad,2020,LFPXL20.1T4B,JFPXL20.1T4B,JFPXL20.1T4B,1
nonroad,2026,TJDXL02.9121,DJDXL02.9121,DJDXL02.9121,1
nonroad,2026,TJDXL09.0114,CJDXL09.0114,CJDXL09.0114,1
nonroad,2026,TJDXL13.5179,SJDXL13.5179,SJDXL13.5179,1
nonroad,2025,SMVXL03.3AAK,7MVXL03.3AAF,SMVXL03.3AAK,0
nonroad,2022,NCEXL06.7AAL,,NCEXL06.7AAL,0
nonroad,2019,KCEXL06.7AAL,,KCEXL06.7AAL,0
nonroad,2014,ECEXL06.7AAL,,ECEXL06.7AAL,0
nonroad,2020,LCEXL04.5AAJ,,LCEXL04.5AAJ,0
nonroad,2025,SCEXL02.8AAB,ECEXL02.8AAB,ECEXL02.8AAB,1
nonroad,2026,TSZXL02.2ZTA,FSZXL02.2ZTA,FSZXL02.2ZTA,1
nonroad,2025,SJDXL04.5317,NJDXL04.5317,NJDXL04.5317,1
nonroad,2025,SDZXL03.6063,,SDZXL03.6063,0
nonroad,2021,MCEXL06.7AAK,,MCEXL06.7AAK,0
nonroad,2019,KCEXL06.7AAK,,KCEXL06.7AAK,0
nonroad,2018,JCEXL06.7AAK,,JCEXL06.7AAK,0
nonroad,2025,SDZXL06.1061,,SDZXL06.1061,0
nonroad,2026,TSZXL03.0RXB,FSZXL03.0RXB,FSZXL03.0RXB,1
nonroad,2025,SDZXL05.7052,,SDZXL05.7052,0
nonroad,2025,SFPXL03.6EH1,RFPXL03.6EH1,MFPXL03.6EH1,2
nonroad,2025,SICLL01.8F3N,PICLL01.8F3N,PICLL01.8F3N,1
nonroad,2025,SFPXL03.4DEK,LFPXL03.4DEK,LFPXL03.4DEK,1
nonroad,2025,STTVL02.9WMS,MTTVL02.9WMS,LTTVL02.9WMS,2
nonroad,2025,SFPXL02.8DE1,RFPXL02.8DE1,RFPXL02.8DE1,1
nonroad,2024,RCEXL02.8AAB,ECEXL02.8AAB,ECEXL02.8AAB,1
nonroad,2020,LCEXL02.8AAB,ECEXL02.8AAB,ECEXL02.8AAB,1
nonroad,2026,TFPXL10.3TR3,JFPXL10.3TR3,JFPXL10.3TR3,1
nonroad,2025,SMVXL01.8EDB,GMVXL01.3EDB,GMVXL01.3EDB,1
nonroad,2025,SMVXL03.3EAC,KMVXL03.3EAC,KMVXL03.3EAC,1
nonroad,2026,TPKXL07.0PW2,SPKXL07.0PW2,FPKXL07.0PW2,11
nonroad,2023,PFPXL03.6EK1,NFPXL03.6EK1,NFPXL03.6EK1,1
nonroad,2026,TPKXL01.7J2V,SPKXL01.7J2V,LPKXL1.66J2V,6
nonroad,2026,TKBXL01.5FCC,DKBXL01.5FCC,DKBXL01.5FCC,1
nonroad,2026,TPKXL01.5N3T,SPKXL01.5N3T,PPKXL01.5N3T,3
nonroad,2025,SCEXL03.3BAA,ECEXL03.3BAA,CCEXL03.3BAA,3
nonroad,2025,SKLXL06.7AAP,,SKLXL06.7AAP,0
nonroad,2025,SKLXL23.2FDE,MKLXL23.2FDE,MKLXL23.2FDE,1
nonroad,2018,JFPXL12.9TSS,,JFPXL12.9TSS,0
nonroad,2024,RCEXL03.3BAA,ECEXL03.3BAA,CCEXL03.3BAA,3
nonroad,2026,TKBXL02.4END,DKBXL02.4END,DKBXL02.4END,1
nonroad,2026,TICLL01.1B3X,GICLL1.12B3X,DICLL1.12B3X,4
nonroad,2026,TPKXL04.4NL1,SPKXL04.4NL1,CPKXL04.4NL1,14
nonroad,2026,TLHAL08.0SWC,PLHAL08.0SWC,PLHAL08.0SWC,1
nonroad,2026,TDCLL01.2D8G,,TDCLL01.2D8G,0
nonroad,2026,TDCLL01.8HTV,RDCLL01.8HTV,RDCLL01.8HTV,1
nonroad,2026,TDZXL02.2110,SDZXL02.2110,SDZXL02.2110,1
nonroad,2026,TKBXL03.3DCC,SKBXL03.3DCC,SKBXL03.3DCC,1
nonroad,2026,TDZXL03.6063,SDZXL03.6063,SDZXL03.6063,1
nonroad,2025,SDICL03.4LEC,RDICL03.4LEC,HDICL03.4LEC,8
nonroad,2026,TCEXL17.0AAA,,TCEXL17.0AAA,0
nonroad,2026,TFPXL15.9T4U,,TFPXL15.9T4U,0
nonroad,2026,THZXL.347C32,SHZXL.347C32,NHZXL.347C32,4
nonroad,2026,TLHAL24.2VQT,GLHAL24.2VQT,GLHAL24.2VQT,1
nonroad,2026,TCEXL015.AAH,DCEXL015.AAH,CCEXL015.AAH,2
nonroad,2026,TCEXL19.0AAA,ECEXL19.0AAA,ECEXL19.0AAA,1
nonroad,2026,TYDXL03.3NDA,,TYDXL03.3NDA,0
nonroad,2025,SLHAL45.0ESP,GLHAL45.0ESP,GLHAL45.0ESP,1
nonroad,2026,TVSXL10.8STV,,TVSXL10.8STV,0
nonroad,2023,PCEXL03.8AAF,KCEXL03.8AAF,KCEXL03.8AAF,1
nonroad,2019,KCEXL03.8AAF,,KCEXL03.8AAF,0
nonroad,2020,LFPXL06.7SDA,JFPXL06.7SDA,JFPXL06.7SDA,1
nonroad,2026,TDICL03.4LEA,SDICL03.4LEA,HDICL03.4LEA,9
nonroad,2026,TYDXL01.6NKA,PYDXL01.6NKA,PYDXL01.6NKA,1
nonroad,2025,SCPXL61.1NZS,RCPXL45.8NZS,NCPXL45.8NZS,3
nonroad,2026,TMMLL02.1E35,DMMLL02.7C49,DMMLL02.7C49,1
nonroad,2015,FCEXL03.8AAA,,FCEXL03.8AAA,0
nonroad,2026,TCEXL50.0AAH,,TCEXL50.0AAH,0
nonroad,2026,TYDXL02.1HKA,PYDXL02.1HKA,PYDXL02.1HKA,1
nonroad,2026,TCEXL0275AAK,PCEXL0275AAK,PCEXL0275AAK,1
nonroad,2026,TCEXL08.9AAL,FCEXL08.9AAL,FCEXL08.9AAL,1
nonroad,2026,TCEXL04.5AAJ,FCEXL04.5AAJ,FCEXL04.5AAJ,1
nonroad,2025,SJDXL13.5334,MJDXL13.5334,MJDXL13.5334,1
nonroad,2024,RCEXL03.8AAC,GCEXL03.8AAC,GCEXL03.8AAC,1
nonroad,2022,NCEXL03.8AAC,GCEXL03.8AAC,GCEXL03.8AAC,1
nonroad,2025,SCEXL04.5AAL,,SCEXL04.5AAL,0
nonroad,2026,TYDXL03.3NGA,PYDXL03.3NGA,PYDXL03.3NGA,1
nonroad,2024,RSZXL15.7QXA,ESZXL15.7QXA,ESZXL15.7QXA,1
nonroad,2024,RSZXL15.7QXB,FSZXL15.7QXB,FSZXL15.7QXB,1
nonroad,2022,NCEXL03.8AAD,GCEXL03.8AAD,GCEXL03.8AAD,1
nonroad,2021,MCEXL03.8AAD,GCEXL03.8AAD,GCEXL03.8AAD,1
nonroad,2016,GCEXL03.8AAD,,GCEXL03.8AAD,0
nonroad,2026,TCPXL58.6NXV,SCPXL58.6NXV,LCPXL58.6NXV,6
nonroad,2026,TFPXL03.6EH2,RFPXL03.6EH2,RFPXL03.6EH2,1
nonroad,2026,TKLXL15.2EDD,SKLXL15.2EDD,NKLXL15.2EDD,2
nonroad,2026,TKLXL23.2FDE,SKLXL23.2FDE,MKLXL23.2FDE,2
nonroad,2025,SVSXL10.8STV,,SVSXL10.8STV,0
nonroad,2025,SJDXL06.8302,LJDXL06.8302,LJDXL06.8302,1
nonroad,2026,TCEXL23.0AAD,KCEXL23.0AAD,KCEXL23.0AAD,1
nonroad,2025,SJDXL06.8309,FJDXL06.8309,FJDXL06.8309,1
nonroad,2026,TKOEL3.24NAX,JKOEL3.24NAX,JKOEL3.24NAX,1
nonroad,2025,SCPXL78.1NSG,RCPXL78.1NSG,NCPXL78.1NSG,3
nonroad,2026,TKHXL02.5ESM,SKHXL02.5ESM,SKHXL02.5ESM,1
nonroad,2026,TFPXL06.7SCA,RFPXL06.7SCA,RFPXL06.7SCA,1
nonroad,2026,TCPXL32.1HXF,SCPXL32.1HXF,CCPXL32.0HXA,14
nonroad,2026,TFPXL06.7SDA,RFPXL06.7SDA,RFPXL06.7SDA,1
nonroad,2026,TJDXL02.9318,,TJDXL02.9318,0
nonroad,2026,TFPXL12.9TDS,PFPXL12.9TDS,PFPXL12.9TDS,1
nonroad,2026,TCEXL15.0AAS,,TCEXL15.0AAS,0
nonroad,2026,TCEXL0275AAS,,TCEXL0275AAS,0
nonroad,2025,SDTAL10.6RJD,KMBXL10.6RJD,KMBXL10.6RJD,1
nonroad,2023,PDTAL12.8RJD,KMBXL12.8RJD,KMBXL12.8RJD,1
nonroad,2026,TTYCL2.29A48,,TTYCL2.29A48,0
nonroad,2023,PDTAL15.6RJD,KMBXL15.6RJD,KMBXL15.6RJD,1
nonroad,2020,LMBXL12.8RJD,KMBXL12.8RJD,KMBXL12.8RJD,1
nonroad,2019,KMBXL10.6RJD,,KMBXL10.6RJD,0
nonroad,2026,THZXL02.0V53,,THZXL02.0V53,0
nonroad,2019,KMBXL07.7RJD,,KMBXL07.7RJD,0
nonroad,2016,GFPXL15.9T4U,FFPXL15.9T4U,FFPXL15.9T4U,1
nonroad,2020,LFPXL15.9T4U,FFPXL15.9T4U,FFPXL15.9T4U,1
nonroad,2021,MFPXL15.9T4U,FFPXL15.9T4U,FFPXL15.9T4U,1
nonroad,2026,TJDXL13.5320,,TJDXL13.5320,0
nonroad,2026,TCPXL84.7NSF,SCPXL84.7NSF,FCPXL84.7NSF,11
nonroad,2026,TKHXL03.4EST,SKHXL03.4EST,SKHXL03.4EST,1
nonroad,2026,TCPXL09.3HTF,SCPXL09.3HTF,ECPXL09.3HTF,12
nonroad,2026,TMVXL0.64EBB,SMVXL0.64EBB,SMVXL0.64EBB,1
nonroad,2026,TCPXL78.1NVF,SCPXL78.1NVF,GCPXL78.1NVF,10
nonroad,2026,TYDXL01.6HKA,,TYDXL01.6HKA,0
nonroad,2026,TMRBL109.EMS,PMRBL109.EMS,PMRBL109.EMS,1
nonroad,2026,TYDXL01.6HDA,,TYDXL01.6HDA,0
nonroad,2026,TPKXL04.4SU1,SPKXL04.4SU1,LPKXL04.4SU1,6
nonroad,2026,TKBXL02.6E2D,KKBXL02.6E2D,KKBXL02.6E2D,1
nonroad,2026,TKBXL.778KCB,DKBXL.778KCB,DKBXL.778KCB,1
nonroad,2026,TCPXL58.6HXZ,SCPXL58.6HXZ,LCPXL58.6HXZ,6
nonroad,2026,TFPXL08.7FR1,LFPXL08.7FR1,LFPXL08.7FR1,1
nonroad,2026,TFPXL12.9FR2,LFPXL12.9FR2,LFPXL12.9FR2,1
nonroad,2026,TVPXL05.1CJB,RVPXL05.1CJB,PVPXL05.1CJB,2
nonroad,2026,TMNBL16.2OR4,MMNBL16.2OR4,MMNBL16.2OR4,1
nonroad,2011,BLGCL02.0L3L,ALGCL02.0L3L,BLGCL02.0L3L,0
nonroad,2011,BTLEL5.99A4E,,BTLEL5.99A4E,0
nonroad,2012,CCEXL15.0AAK,,CCEXL15.0AAK,0
nonroad,2011,BFDUL00.743W,AFDUL00.743W,BFDUL00.743W,0
nonroad,2011,BCHCL0.79AAA,,BCHCL0.79AAA,0
nonroad,2012,CCEXL06.7AAF,BCEXL06.7AAF,CCEXL06.7AAF,0
nonroad,2012,CCEXL08.9AAI,BCEXL08.9AAI,CCEXL08.9AAI,0
nonroad,2012,CCEXL0275AAK,BCEXL0275AAK,CCEXL0275AAK,0
nonroad,2012,CCEXL0409AAB,BCEXL0409AAB,CCEXL0409AAB,0
nonroad,2012,CCEXL015.AAH,BCEXL015.AAH,CCEXL015.AAH,0
nonroad,2011,BFZWL0.42AAA,,BFZWL0.42AAA,0
nonroad,2012,CVPXL16.1ACG,BVPXL16.1ACG,CVPXL16.1ACG,0
nonroad,2012,CVPXL16.1BEA,BVPXL16.1BEA,CVPXL16.1BEA,0
nonroad,2012,CDZXL04.1013,,CDZXL04.1013,0
nonroad,2011,BDCLL02.4B87,ADCLL02.4B87,BDCLL02.4B87,0
nonroad,2012,CSZXL02.2VNB,8SZXL02.2VNB,CSZXL02.2VNB,0
nonroad,2012,CMMLL02.5C49,BMMLL02.5C49,CMMLL02.5C49,0
nonroad,2012,CKBXL.325KCB,BKBXL.325KCB,CKBXL.325KCB,0
nonroad,2012,CMMLL02.5N64,BMMLL02.5N64,CMMLL02.5N64,0
nonroad,2012,CKBXL.898KCB,BKBXL.898KCB,CKBXL.898KCB,0
nonroad,2012,CKBXL02.4FCD,BKBXL02.4FCD,CKBXL02.4FCD,0
nonroad,2012,CKBXL.719KCC,BKBXL.719KCC,CKBXL.719KCC,0
nonroad,2012,CKBXL02.4ECD,BKBXL02.4ECD,CKBXL02.4ECD,0
nonroad,2012,CJDXL04.5112,8JDXL04.5112,CJDXL04.5112,0
nonroad,2012,CFPXL12.9TR4,BVEXL12.9TR4,CFPXL12.9TR4,0
nonroad,2012,CKLXL03.3JA6,BKLXL03.3JA6,CKLXL03.3JA6,0
nonroad,2012,CH3XL1.13MSL,BH3XL1.13MSL,CH3XL1.13MSL,0
nonroad,2012,CNWSL.836AAA,ANWSL.836AAA,CNWSL.836AAA,0
nonroad,2012,CLGCL02.5S4D,4LGCL02.4S4D,CLGCL02.5S4D,0
nonroad,2012,CZHXL3.17AAA,BZHXL3.17AAA,BZHXL3.17AAA,1
nonroad,2012,CTIEL05.26CA,,CTIEL05.26CA,0
nonroad,2012,CYDXL1.33M3N,BYDXL1.33M3N,CYDXL1.33M3N,0
nonroad,2012,CCEXL06.7AAH,,CCEXL06.7AAH,0
nonroad,2012,CYNDL1.81AAA,BYNDL1.81AAA,BYNDL1.81AAA,1
nonroad,2012,CYNDL2.16AAA,BYNDL2.16AAA,BYNDL2.16AAA,1
nonroad,2012,CDICL07.6HPA,BDICL07.6HPA,BDICL07.6HPA,1
nonroad,2012,CMVXL05.0AAD,BMVXL05.0AAD,CMVXL05.0AAD,0
nonroad,2012,CJCGL0.42D1N,BJCGL0.42D1N,BJCGL0.42D1N,1
nonroad,2012,CFPXL10.3TR3,BVEXL10.3TR3,CFPXL10.3TR3,0
nonroad,2012,CDZXL03.6085,BDZXL03.6085,CDZXL03.6085,0
nonroad,2012,CDZXL03.6081,BDZXL03.6081,CDZXL03.6081,0
nonroad,2012,CDCLL.927D5G,ADCLL.927D5G,CDCLL.927D5G,0
nonroad,2012,CDCLL.927D75,BDCLL.927D75,BDCLL.927D75,1
nonroad,2012,CICLL3.37D4H,BICLL3.37D4H,CICLL3.37D4H,0
nonroad,2012,CDCLL02.2D87,BDCLL02.2D87,BDCLL02.2D87,1
nonroad,2012,CDCLL02.4B87,BDCLL02.4B87,BDCLL02.4B87,1
nonroad,2012,CKHXL1.37SF1,BLBDL1.37SF1,CKHXL1.37SF1,0
nonroad,2012,CHZXL.667V83,BHYXL.667V83,CHZXL.667V83,0
nonroad,2012,CDICL18.3USA,BDICL18.3USA,CDICL18.3USA,0
nonroad,2012,CHZXL3.43V42,BHZXL3.43V43,CHZXL3.43V42,0
nonroad,2012,CJCAL1.91T1N,BJCAL1.91T1N,BJCAL1.91T1N,1
nonroad,2012,CICLL1.50C3T,BICLL1.50C3T,CICLL1.50C3T,0
nonroad,2012,CJDXL02.9088,BJDXL02.9088,CJDXL02.9088,0
nonroad,2012,CJDXL04.5212,,CJDXL04.5212,0
nonroad,2012,CJDXL13.5132,BJDXL13.5132,CJDXL13.5132,0
nonroad,2012,CJDGL0.42AAA,BJDGL0.42AAA,BJDGL0.42AAA,1
nonroad,2012,CJDXL06.8117,6JDXL06.8105,CJDXL06.8117,0
nonroad,2012,CFPXL03.4ADC,,CFPXL03.4ADC,0
nonroad,2012,CMVXL65.4BBB,BMVXL65.4BBB,CMVXL65.4BBB,0
nonroad,2012,CCKPL0.42AAA,,CCKPL0.42AAA,0
nonroad,2013,DCEXL015.AAH,CCEXL015.AAH,CCEXL015.AAH,1
nonroad,2013,DCEXL08.9AAI,CCEXL08.9AAI,CCEXL08.9AAI,1
nonroad,2013,DCEXL06.7AAE,CCEXL06.7AAE,CCEXL06.7AAE,1
nonroad,2013,DKLXL03.3JDA,CKLXL03.3JDA,CKLXL03.3JDA,1
nonroad,2012,CYDXL0.78Y3N,BYDXL0.78Y3N,CYDXL0.78Y3N,0
nonroad,2013,DKLXL15.2EDA,CKLXL15.2EDA,CKLXL15.2EDA,1
nonroad,2013,DVPXL16.1ACW,CVPXL16.1ACW,CVPXL16.1ACW,1
nonroad,2013,DVPXL16.1BEA,CVPXL16.1BEA,CVPXL16.1BEA,1
nonroad,2013,DVSXL10.8T4I,CVSXL10.8T4I,CVSXL10.8T4I,1
nonroad,2013,DKBXL.416KCB,,DKBXL.416KCB,0
nonroad,2013,DJDXL06.8115,CJDXL06.8115,CJDXL06.8115,1
nonroad,2013,DKLXL04.5AAG,,DKLXL04.5AAG,0
nonroad,2013,DPKXL06.6PJ1,CPKXL06.6PJ1,CPKXL06.6PJ1,1
nonroad,2013,DCPXL15.2NZS,CCPXL15.2NZS,CCPXL15.2NZS,1
nonroad,2013,DDZXL06.1033,,DDZXL06.1033,0
nonroad,2013,DMDDL14.0ZWK,AMDDL14.0GWK,DMDDL14.0ZWK,0
nonroad,2012,CMVXL03.3GGG,,CMVXL03.3GGG,0
nonroad,2013,DH3XL.507E2C,CH3XL.507E2C,CH3XL.507E2C,1
nonroad,2013,DH3XL1.13LCS,CH3XL1.13LCS,CH3XL1.13LCS,1
nonroad,2013,DVWXL02.0CPY,,DVWXL02.0CPY,0
nonroad,2013,DH3XL2.224LC,CH3XL2.224LC,CH3XL2.224LC,1
nonroad,2013,DH3XL.761E3V,CH3XL.761E3V,CH3XL.761E3V,1
nonroad,2013,DH3XL1.13MSL,CH3XL1.13MSL,CH3XL1.13MSL,1
nonroad,2013,DDZXL04.1014,CDZXL04.1014,CDZXL04.1014,1
nonroad,2013,DKBXL.719KCC,,DKBXL.719KCC,0
nonroad,2013,DH3XL1.49TFV,,DH3XL1.49TFV,0
nonroad,2013,DMBXL15.9RJB,BMBXL15.9RJB,DMBXL15.9RJB,0
nonroad,2013,DYDXL0.99NPA,,DYDXL0.99NPA,0
nonroad,2013,DYDXL3.32NDA,,DYDXL3.32NDA,0
nonroad,2013,DDZXL07.1026,CDZXL07.1026,CDZXL07.1026,1
nonroad,2013,DKMCL1.71A39,,DKMCL1.71A39,0
nonroad,2013,DMVXL24.5BBA,9MVXL24.5BBA,DMVXL24.5BBA,0
nonroad,2013,DMVXL37.1BBA,7MVXL37.1BBA,DMVXL37.1BBA,0
nonroad,2013,DJDXL06.8104,6JDXL06.8104,DJDXL06.8104,0
nonroad,2013,DYDXL2.19NFA,,DYDXL2.19NFA,0
nonroad,2013,DMVXL65.4BBB,8MVXL65.4BBB,DMVXL65.4BBB,0
nonroad,2013,DMVXL03.3AAJ,7MVXL03.3AAC,DMVXL03.3AAJ,0
nonroad,2013,DDCLL01.4D80,BDCLL01.4D80,BDCLL01.4D80,1
nonroad,2014,EFPXL10.3TR3,DFPXL10.3TR3,CFPXL10.3TR3,2
nonroad,2014,ECEXL0275AAK,DCEXL0275AAK,CCEXL0275AAK,2
nonroad,2014,EJDXL13.5146,,EJDXL13.5146,0
nonroad,2013,DH3XL1.13F2V,,DH3XL1.13F2V,0
nonroad,2013,DJCBL04.4TA9,,DJCBL04.4TA9,0
nonroad,2013,DKBXL01.8EKD,,DKBXL01.8EKD,0
nonroad,2014,EJDXL02.4215,DJDXL02.4215,DJDXL02.4215,1
nonroad,2013,DJDXL06.8120,CJDXL06.8120,CJDXL06.8120,1
nonroad,2013,DKLXL03.3JDB,,DKLXL03.3JDB,0
nonroad,2014,EFPXL03.4BPC,DFPXL03.4BPC,DFPXL03.4BPC,1
nonroad,2014,EJDXL02.4074,CJDXL02.4074,CJDXL02.4074,1
nonroad,2013,DYDXL1.64L3N,CYDXL1.64M3N,CYDXL1.64M3N,1
nonroad,2013,DHZXL.997V41,,DHZXL.997V41,0
nonroad,2013,DHZXL.517C51,,DHZXL.517C51,0
nonroad,2013,DHZXL.722C90,,DHZXL.722C90,0
nonroad,2013,DMDDL21.0ZWR,AMDDL21.0GWR,DMDDL21.0ZWR,0
nonroad,2014,EKBXL.719KCC,DKBXL.719KCC,DKBXL.719KCC,1
nonroad,2014,EPKXL04.4NM1,DPKXL04.4NM1,CPKXL04.4NM1,2
nonroad,2014,EKBXL01.0BCB,DKBXL01.0BCB,DKBXL01.0BCB,1
nonroad,2014,EKBXL01.0BCC,DKBXL01.0BCC,DKBXL01.0BCC,1
nonroad,2013,DLHAL7.01SYC,CLHAL7.01SYC,CLHAL7.01SYC,1
nonroad,2014,EMVXL03.3AAK,7MVXL03.3AAF,EMVXL03.3AAK,0
nonroad,2014,EH3XL2.22NLC,DH3XL2.22NLC,CH3XL2.22NLC,2
nonroad,2014,EH3XL2.22TCC,DH3XL2.22TCC,CH3XL2.22TCC,2
nonroad,2013,DDZXL03.6017,,DDZXL03.6017,0
nonroad,2014,EH3XL1.13F2C,DH3XL1.13F2C,DH3XL1.13F2C,1
nonroad,2013,DYDXL1.27NPA,,DYDXL1.27NPA,0
nonroad,2014,EYDXL0.57NXA,DYDXL0.57NXA,DYDXL0.57NXA,1
nonroad,2014,EKBXL01.5BPD,DKBXL01.5BPD,DKBXL01.5BPD,1
nonroad,2014,EKBXL02.4EKD,DKBXL02.4EKD,DKBXL02.4EKD,1
nonroad,2013,DKBXL01.7ECB,,DKBXL01.7ECB,0
nonroad,2014,EMDDL31.8XRR,7MDDL35.8GRR,EMDDL31.8XRR,0
nonroad,2014,EKHXL.442155,DKHXL.442155,DKHXL.442155,1
nonroad,2014,EYDXL1.27NUA,DYDXL1.27NUA,DYDXL1.27NUA,1
nonroad,2013,DDZXL07.8004,,DDZXL07.8004,0
nonroad,2014,EMMLL02.6N59,DMMLL02.6N59,DMMLL02.6N59,1
nonroad,2014,EMMLL02.6N52,DMMLL02.6N52,DMMLL02.6N52,1
nonroad,2014,EV5XL02.2R3N,,EV5XL02.2R3N,0
nonroad,2014,EVSXL10.8T4F,,EVSXL10.8T4F,0
nonroad,2014,EMMLL03.5N71,DMMLL03.5N71,DMMLL03.5N71,1
nonroad,2013,DCPXL27.0HZA,CCPXL27.0HZA,CCPXL27.0HZA,1
nonroad,2014,EH3XL.761E3V,DH3XL.761E3V,CH3XL.761E3V,2
nonroad,2014,EH3XL1.49NTV,DH3XL1.49NTV,CH3XL1.49NTV,2
nonroad,2014,EH3XL2.22L84,DH3XL2.22L84,CH3XL2.22L84,2
nonroad,2014,EDZXL04.8024,DDZXL04.8024,DDZXL04.8024,1
nonroad,2013,DCPXL15.2HPA,CCPXL15.2HPA,CCPXL15.2HPA,1
nonroad,2013,DLHAL10.5SZC,CLHAL10.5SZC,CLHAL10.5SZC,1
nonroad,2013,DDZXL06.1022,,DDZXL06.1022,0
nonroad,2013,DSZXL07.8LXA,CSZXL07.8LXA,CSZXL07.8LXA,1
nonroad,2014,EHZXL.667C82,DHZXL.667C82,DHZXL.667C82,1
nonroad,2014,EHZXL.722M90,DHZXL.722V91,DHZXL.722V91,1
nonroad,2014,EMVXL24.5BBA,,EMVXL24.5BBA,0
nonroad,2014,EMVXL03.3DAA,,EMVXL03.3DAA,0
nonroad,2014,EYDXL2.19NDA,DYDXL2.19NDA,DYDXL2.19NDA,1
nonroad,2014,EYDXL3.32NDA,DYDXL3.32NDA,DYDXL3.32NDA,1
nonroad,2014,ECPXL15.2HZA,DCPXL15.2HZA,CCPXL15.2HZA,2
nonroad,2014,EH3XL2.22NFV,DH3XL2.22NFV,DH3XL2.22NFV,1
nonroad,2014,EPKXL7.01BL1,,EPKXL7.01BL1,0
nonroad,2015,FPKXL7.01BL3,,FPKXL7.01BL3,0
nonroad,2015,FMVXL01.0EBA,EMVXL01.0EBA,EMVXL01.0EBA,1
nonroad,2015,FH3XL1.13LCS,EH3XL1.13LCS,CH3XL1.13LCS,3
nonroad,2015,FH3XL2.00NCS,EH3XL2.00NCS,CH3XL2.00NCS,3
nonroad,2015,FCEXL019.AAD,DCEXL019.AAD,DCEXL019.AAD,1
nonroad,2015,FKHXL2.48TCR,DKHXL2.48TCR,DKHXL2.48TCR,1
nonroad,2015,FMMLL02.7C38,EMMLL02.7C38,EMMLL02.7C38,1
nonroad,2015,FMMLL02.7M40,DMMLL02.7M40,DMMLL02.7M40,1
nonroad,2015,FKBXL01.3DCC,DKBXL01.3DCC,DKBXL01.3DCC,1
nonroad,2014,EJDXL02.9303,,EJDXL02.9303,0
nonroad,2014,EJDXL04.5141,CJDXL04.5141,CJDXL04.5141,1
nonroad,2015,FYDXL0.99NS4,DYDXL0.99NS4,DYDXL0.99NS4,1
nonroad,2014,EYDXL0.99NS1,DYDXL0.99NS1,DYDXL0.99NS1,1
nonroad,2014,EYDXL0.99NS2,DYDXL0.99NS2,DYDXL0.99NS2,1
nonroad,2015,FMVXL37.1BBA,7MVXL37.1BBA,FMVXL37.1BBA,0
nonroad,2015,FKBXL02.6GND,DKBXL02.6GND,DKBXL02.6GND,1
nonroad,2015,FYDXL2.00L4T,CYDXL2.00N4T,CYDXL2.00N4T,1
nonroad,2014,EJDXL06.8204,CJDXL06.8204,CJDXL06.8204,1
nonroad,2016,GYDXL0.99NWA,DYDXL0.99NWA,DYDXL0.99NWA,1
nonroad,2016,GYDXL2.09L4N,CYDXL2.09K4N,CYDXL2.09K4N,1
nonroad,2015,FICLL1.12B3X,EICLL1.12B3X,DICLL1.12B3X,2
nonroad,2015,FYDXL1.33S3N,CYDXL1.33J3N,CYDXL1.33J3N,1
nonroad,2014,EPKXL07.0BM1,,EPKXL07.0BM1,0
nonroad,2015,FY9XL16.4DAA,EY9XL16.4DAA,EY9XL16.4DAA,1
nonroad,2014,ECPXL09.3HPB,,ECPXL09.3HPB,0
nonroad,2014,EVPXL07.7CJA,,EVPXL07.7CJA,0
nonroad,2014,ECPXL84.7NSA,DCPXL84.7NSA,DCPXL84.7NSA,1
nonroad,2015,FDZXL03.6063,,FDZXL03.6063,0
nonroad,2015,FKMCL2.29A41,,FKMCL2.29A41,0
nonroad,2015,FCPXL12.5NYS,ECPXL12.5NYS,ECPXL12.5NYS,1
nonroad,2015,FCEXL0540AAB,CCEXL0540AAB,CCEXL0540AAB,1
nonroad,2015,FYDXL0.57NXA,DYDXL0.57NXA,DYDXL0.57NXA,1
nonroad,2015,FCEXL03.3ACJ,ECEXL03.3ACJ,ECEXL03.3ACJ,1
nonroad,2015,FDZXL04.8029,EDZXL04.8029,CDZXL04.8029,3
nonroad,2016,GFPXL03.4CDD,FFPXL03.4CDD,DFPXL03.4CDD,3
nonroad,2015,FYDXL0.32H1N,,FYDXL0.32H1N,0
nonroad,2015,FYDXL1.64NMA,DYDXL1.64NMA,DYDXL1.64NMA,1
nonroad,2016,GMVXL03.3CBA,,GMVXL03.3CBA,0
nonroad,2016,GJDXL13.5103,CJDXL13.5103,CJDXL13.5103,1
nonroad,2016,GCPXL15.2NZS,FCPXL15.2NZS,CCPXL15.2NZS,4
nonroad,2016,GYDXL3.32S4N,CYDXL3.32C4N,CYDXL3.32C4N,1
nonroad,2016,GVPXL16.1ACB,FVPXL16.1ACB,CVPXL16.1ACB,4
nonroad,2016,GVPXL12.8BCA,FVPXL12.8BCA,CVPXL12.8BCA,4
nonroad,2016,GVPXL16.1BDA,FVPXL16.1BDA,CVPXL16.1BDA,4
nonroad,2015,FYDXL1.27NPA,DYDXL1.27NPA,DYDXL1.27NPA,1
nonroad,2016,GPKXL04.4NR2,FPKXL04.4NR2,FPKXL04.4NR2,1
nonroad,2016,GKLXL08.9AAM,EKLXL08.9AAM,EKLXL08.9AAM,1
nonroad,2016,GFPXL08.7CLA,FFPXL08.7CLA,FFPXL08.7CLA,1
nonroad,2016,GFPXL06.7SDB,FFPXL06.7SDB,EFPXL06.7SDB,2
nonroad,2015,FSIDL06.6G6D,,FSIDL06.6G6D,0
nonroad,2016,GMMLL02.7M40,DMMLL02.7M40,DMMLL02.7M40,1
nonroad,2015,FJDXL09.0308,,FJDXL09.0308,0
nonroad,2016,GKBXL.719KCB,DKBXL.719KCB,DKBXL.719KCB,1
nonroad,2015,FJCBL04.8S12,,FJCBL04.8S12,0
nonroad,2015,FKBXL06.1AMD,,FKBXL06.1AMD,0
nonroad,2016,GH3XL1.13SLC,FH3XL1.13SLC,CH3XL1.13SLC,4
nonroad,2016,GH3XL1.49N3V,FH3XL1.49N3V,CH3XL1.49N3V,4
nonroad,2016,GH3XL2.00N84,FH3XL2.00N84,CH3XL2.00N84,4
nonroad,2016,GKBXL01.8EMD,FKBXL01.8EMD,FKBXL01.8EMD,1
nonroad,2016,GDDXL14.0VLD,DDDXL14.0VLD,CDDXL14.0VLD,2
nonroad,2016,GKHXL2.48ESM,FKHXL2.48ESM,EKHXL2.48ESM,2
nonroad,2016,GKLXL04.5AAI,,GKLXL04.5AAI,0
nonroad,2016,GMVXL02.5LLL,7MVXL02.5EEE,GMVXL02.5LLL,0
nonroad,2016,GKMCL3.41D43,CKMCL3.41D43,CKMCL3.41D43,1
nonroad,2016,GMVXL02.2AAA,DMVXL02.2AAA,DMVXL02.2AAA,1
nonroad,2015,FPKXL04.4MU1,,FPKXL04.4MU1,0
nonroad,2016,GYDXL0.99NUA,DYDXL0.99NUA,DYDXL0.99NUA,1
nonroad,2017,HKBXL02.2RCB,EKBXL02.2RCB,DKBXL02.2RCB,2
nonroad,2017,HKBXL.719NCB,EKBXL.719NCB,DKBXL.719NCB,2
nonroad,2016,GYDXL0.99NS1,DYDXL0.99NS1,DYDXL0.99NS1,1
nonroad,2016,GLGCL01.9L3T,FLGCL01.9L3T,FLGCL01.9L3T,1
nonroad,2015,FCPXL32.0HXG,,FCPXL32.0HXG,0
nonroad,2016,GDCLL01.6D87,FDCLL01.6D87,FDCLL01.6D87,1
nonroad,2015,FMDDL35.8GRR,7MDDL35.8GRR,FMDDL35.8GRR,0
nonroad,2016,GDZXL02.9016,FDZXL02.9016,EDZXL02.9016,2
nonroad,2015,FDZXL06.1059,,FDZXL06.1059,0
nonroad,2016,GHZXL.517M51,FHZXL.517M51,DHZXL.517V52,3
nonroad,2016,GDZXL05.7053,FDZXL05.7053,FDZXL05.7053,1
nonroad,2016,GHZXL2.57V43,FHZXL2.57V43,FHZXL2.57V43,1
nonroad,2016,GDZXL07.1028,FDZXL07.1028,CDZXL07.1028,4
nonroad,2016,GDCLL01.8F7D,FDCLL01.8F7D,FDCLL01.8F7D,1
nonroad,2016,GMDDL40.1GNR,FMDDL40.1GNR,FMDDL40.1GNR,1
nonroad,2016,GMBXL15.6RJA,FMBXL15.6RJA,EMBXL15.6RJA,2
nonroad,2016,GMBXL12.8RJA,FMBXL12.8RJA,EMBXL12.8RJA,2
nonroad,2016,GDZXL02.9034,,GDZXL02.9034,0
nonroad,2016,GDZXL07.8047,,GDZXL07.8047,0
nonroad,2017,HJDXL04.5214,DJDXL04.5214,DJDXL04.5214,1
nonroad,2016,GKBXL03.8CMD,,GKBXL03.8CMD,0
nonroad,2017,HMVXL02.2AAA,DMVXL02.2AAA,DMVXL02.2AAA,1
nonroad,2013,DSIDL08.4H6B,CSIDL08.4H6B,CSIDL08.4H6B,1
nonroad,2017,HPKXL04.4NL1,GPKXL04.4NL1,CPKXL04.4NL1,5
nonroad,2017,HPKXL07.0PW2,GPKXL07.0PW2,FPKXL07.0PW2,2
nonroad,2017,HPKXL04.4NP1,GPKXL04.4NP1,FPKXL04.4NP1,2
nonroad,2017,HMMLL03.5N71,DMMLL03.5N71,DMMLL03.5N71,1
nonroad,2017,HMMLL02.6N67,DMMLL02.6N67,DMMLL02.6N67,1
nonroad,2017,HMMLL02.6N59,DMMLL02.6N59,DMMLL02.6N59,1
nonroad,2017,HYDXL0.99NS4,DYDXL0.99NS4,DYDXL0.99NS4,1
nonroad,2017,HYDXL1.27NS3,DYDXL1.27NS3,DYDXL1.27NS3,1
nonroad,2017,HYDXL1.33S3N,CYDXL1.33J3N,CYDXL1.33J3N,1
nonroad,2017,HYDXL1.64S3N,CYDXL1.64M3N,CYDXL1.64M3N,1
nonroad,2017,HYDXL2.19S4N,CYDXL2.19J4N,CYDXL2.19J4N,1
nonroad,2016,GCPXL106.NZS,FCPXL106.NZS,CCPXL106.NZS,4
nonroad,2016,GCPXL12.5HTF,FCPXL12.5HTF,ECPXL12.5HTF,2
nonroad,2017,HKMCL1.71A39,DKMCL1.71A39,DKMCL1.71A39,1
nonroad,2017,HMMLL02.7M30,EMMLL02.7M30,EMMLL02.7M30,1
nonroad,2016,GH3XL.761F2V,FH3XL.761F2V,DH3XL.761F2V,3
nonroad,2016,GH3XL1.13F2V,FH3XL1.13F2V,DH3XL1.13F2V,3
nonroad,2017,HMMLL02.7C45,GMMLL02.7C45,GMMLL02.7C45,1
nonroad,2018,JYDXL1.27NWA,DYDXL1.27NWA,DYDXL1.27NWA,1
nonroad,2016,GCPXL78.1NSF,FCPXL78.1NSF,FCPXL78.1NSF,1
nonroad,2016,GVWXL02.0CPY,DVWXL02.0CPY,DVWXL02.0CPY,1
nonroad,2017,HMMLL02.6T53,,HMMLL02.6T53,0
nonroad,2017,HKHXL3.36TCR,GKHXL3.36TCR,FKHXL3.36TCR,2
nonroad,2017,HJDXL13.5314,GJDXL13.5314,GJDXL13.5314,1
nonroad,2017,HMBXL15.6RJA,FMBXL15.6RJA,EMBXL15.6RJA,2
nonroad,2017,HJDXL06.8312,GJDXL06.8312,GJDXL06.8312,1
nonroad,2017,HHZXL1.95V50,GHZXL1.95V50,FHZXL1.95V50,2
nonroad,2017,HFPXL03.4BSD,,HFPXL03.4BSD,0
nonroad,2017,HKBXL01.0BCB,DKBXL01.0BCB,DKBXL01.0BCB,1
nonroad,2017,HYDXL0.99NPA,DYDXL0.99NPA,DYDXL0.99NPA,1
nonroad,2017,HFPXL06.7SCB,,HFPXL06.7SCB,0
nonroad,2017,HKBXL02.4EKD,DKBXL02.4EKD,DKBXL02.4EKD,1
nonroad,2017,HKBXL02.6EKD,DKBXL02.6EKD,DKBXL02.6EKD,1
nonroad,2017,HKBXL02.6EMD,FKBXL02.6EMD,FKBXL02.6EMD,1
nonroad,2017,HHZXL.997M40,GHZXL.997M40,DHZXL.997V41,4
nonroad,2017,HCPXL106.NZS,GCPXL106.NZS,CCPXL106.NZS,5
nonroad,2018,JYDXL2.19NFA,DYDXL2.19NFA,DYDXL2.19NFA,1
nonroad,2017,HPKXL04.4NM2,GPKXL04.4NM2,FPKXL04.4NM2,2
nonroad,2017,HYDXL3.32TGA,,HYDXL3.32TGA,0
nonroad,2018,JKLXL04.5AAI,GKLXL04.5AAI,GKLXL04.5AAI,1
nonroad,2017,HFTGL02.2R3C,GFTGL02.2R3C,GFTGL02.2R3C,1
nonroad,2018,JJDXL04.5119,CJDXL04.5119,CJDXL04.5119,1
nonroad,2018,JJDXL04.5214,DJDXL04.5214,DJDXL04.5214,1
nonroad,2018,JKHXL3.36TCG,GKHXL3.36TCG,GKHXL3.36TCG,1
nonroad,2018,JJDXL09.0114,CJDXL09.0114,CJDXL09.0114,1
nonroad,2018,JJDXL13.5132,CJDXL13.5132,CJDXL13.5132,1
nonroad,2017,HJDXL13.5310,FJDXL13.5310,FJDXL13.5310,1
nonroad,2017,HKBXL03.8AMD,,HKBXL03.8AMD,0
nonroad,2018,JPKXL04.4NM2,HPKXL04.4NM2,FPKXL04.4NM2,3
nonroad,2018,JJDXL13.5201,CJDXL13.5201,BJDXL13.5201,2
nonroad,2017,HMMLL03.5N85,,HMMLL03.5N85,0
nonroad,2017,HDZXL03.6060,GDZXL03.6060,FDZXL03.6060,2
nonroad,2017,HKBXL.719KCC,DKBXL.719KCC,DKBXL.719KCC,1
nonroad,2018,JYDXL2.19S4N,CYDXL2.19J4N,CYDXL2.19J4N,1
nonroad,2018,JCPXL7.01HPF,HCPXL7.01HPF,FCPXL7.01HPF,3
nonroad,2018,JKHXL2.48TCR,HKHXL2.48TCR,DKHXL2.48TCR,3
nonroad,2018,JHZXL.517M53,,JHZXL.517M53,0
nonroad,2018,JTIEL03.01KD,HTIEL03.01KD,ETIEL03.01KD,4
nonroad,2018,JKBXL.898KCB,DKBXL.898KCB,DKBXL.898KCB,1
nonroad,2018,JKBXL01.5FCC,DKBXL01.5FCC,DKBXL01.5FCC,1
nonroad,2018,JKBXL03.8AAC,GKBXL03.8AAC,GKBXL03.8AAC,1
nonroad,2018,JMMLL02.6N67,DMMLL02.6N67,DMMLL02.6N67,1
nonroad,2018,JKBXL01.5BPD,DKBXL01.5BPD,DKBXL01.5BPD,1
nonroad,2018,JKBXL01.8EMD,FKBXL01.8EMD,FKBXL01.8EMD,1
nonroad,2018,JFPXL03.4CSD,,JFPXL03.4CSD,0
nonroad,2017,HKLXL03.3JDC,,HKLXL03.3JDC,0
nonroad,2018,JKBXL02.6GND,DKBXL02.6GND,DKBXL02.6GND,1
nonroad,2018,JVPXL16.1ACW,HVPXL16.1ACW,CVPXL16.1ACW,6
nonroad,2018,JVPXL16.1BEA,HVPXL16.1BEA,FVPXL16.1BEA,3
nonroad,2018,JMMLL03.5N92,HMMLL03.5N92,HMMLL03.5N92,1
nonroad,2018,JKMCL2.28A47,DKMCL2.28A47,DKMCL2.28A47,1
nonroad,2018,JKBXL01.3DCB,DKBXL01.3DCB,DKBXL01.3DCB,1
nonroad,2018,JFPXL03.4FSD,HFPXL03.4FSD,HFPXL03.4FSD,1
nonroad,2017,HCEXL06.7AAR,,HCEXL06.7AAR,0
nonroad,2018,JMMLL03.5H15,HMMLL03.5H15,HMMLL03.5H15,1
nonroad,2018,JICLL1.50C3X,GICLL1.50C3X,DICLL1.50C3X,4
nonroad,2017,HDZXL15.9058,GDZXL15.9058,FDZXL15.9058,2
nonroad,2018,JDZXL05.7053,HDZXL05.7053,FDZXL05.7053,3
nonroad,2018,JMMLL02.7C49,DMMLL02.7C49,DMMLL02.7C49,1
nonroad,2018,JDZXL07.1027,HDZXL07.1027,CDZXL07.1027,6
nonroad,2018,JDZXL07.1032,HDZXL07.1032,CDZXL07.1032,6
nonroad,2018,JHZXL.722M91,HHZXL.722M91,HHZXL.722M91,1
nonroad,2018,JDICL07.6LEA,HDICL07.6LEA,GDICL07.6LEA,2
nonroad,2018,JDZXL06.1061,HDZXL06.1061,FDZXL06.1061,3
nonroad,2017,HH3XL2.22TF3,FH3XL2.22TF3,DH3XL2.22TF3,3
nonroad,2017,HH3XL1.49FTV,FH3XL1.49FTV,FH3XL1.49FTV,1
nonroad,2017,HH3XL1.13SLV,GH3XL1.13SLV,CH3XL1.13SLV,5
nonroad,2017,HH3XL2.00NCS,GH3XL2.00NCS,CH3XL2.00NCS,5
nonroad,2017,HH3XL.761F2V,HH3XL.761F2V,HH3XL.761F2V,0
nonroad,2017,HY9XL12.7DAA,EY9XL12.7DAA,EY9XL12.7DAA,1
nonroad,2017,HH3XL1.49N3C,GH3XL1.49N3C,CH3XL1.49N3C,5
nonroad,2018,JH3XL1.49N3C,HH3XL1.49N3C,CH3XL1.49N3C,6
nonroad,2018,JKOEL3.24NAX,,JKOEL3.24NAX,0
nonroad,2018,JYDXL1.27NS1,DYDXL1.27NS1,DYDXL1.27NS1,1
nonroad,2018,JFPXL06.7SCB,HFPXL06.7SCB,HFPXL06.7SCB,1
nonroad,2018,JFPXL06.7SCA,HFPXL06.7SCA,HFPXL06.7SCA,1
nonroad,2019,KKBXL02.4E2D,,KKBXL02.4E2D,0
nonroad,2019,KKHXL.442ACF,JKHXL.442ACF,JKHXL.442ACF,1
nonroad,2019,KKBXL03.3E1D,,KKBXL03.3E1D,0
nonroad,2019,KKBXL01.5DPD,,KKBXL01.5DPD,0
nonroad,2019,KJDXL02.9121,DJDXL02.9121,DJDXL02.9121,1
nonroad,2018,JYDXL3.32TDA,HYDXL3.32TDA,HYDXL3.32TDA,1
nonroad,2019,KJDXL13.5103,CJDXL13.5103,CJDXL13.5103,1
nonroad,2019,KYDXL0.99NPA,DYDXL0.99NPA,DYDXL0.99NPA,1
nonroad,2018,JFPXL03.4ASD,HFPXL03.4ASD,HFPXL03.4ASD,1
nonroad,2019,KMVXL03.3AAK,7MVXL03.3AAF,KMVXL03.3AAK,0
nonroad,2019,KFPXL06.7SCB,JFPXL06.7SCB,HFPXL06.7SCB,2
nonroad,2019,KYDXL1.64NGA,EYDXL1.64NGA,EYDXL1.64NGA,1
nonroad,2020,LYDXL2.09NFA,DYDXL2.09NFA,DYDXL2.09NFA,1
nonroad,2019,KYDXL2.19S4N,CYDXL2.19J4N,CYDXL2.19J4N,1
nonroad,2018,JH3XL1.13SLV,HH3XL1.13SLV,CH3XL1.13SLV,6
nonroad,2018,JFPXL03.4CDD,HFPXL03.4CDD,HFPXL03.4CDD,1
nonroad,2018,JFPXL06.7CLA,,JFPXL06.7CLA,0
nonroad,2019,KYDXL1.27NS4,DYDXL1.27NS4,DYDXL1.27NS4,1
nonroad,2018,JYDXL3.32NDB,HYDXL3.32NDB,HYDXL3.32NDB,1
nonroad,2018,JFPXL15.9T4D,HFPXL15.9T4D,HFPXL15.9T4D,1
nonroad,2018,JKMCL1.72A32,FKMCL1.72A32,FKMCL1.72A32,1
nonroad,2018,JFPXL03.4ADD,HFPXL03.4ADD,HFPXL03.4ADD,1
nonroad,2019,KDCLL01.0D5G,GDCLL01.0D5G,CDCLL01.0D5G,2
nonroad,2019,KVPXL16.1ACB,JVPXL16.1ACB,CVPXL16.1ACB,7
nonroad,2019,KDCLL01.8F7T,DDCLL01.8F7T,DDCLL01.8F7T,1
nonroad,2019,KYDXL2.09TGA,HYDXL2.09TGA,HYDXL2.09TGA,1
nonroad,2018,JCPXL78.1NVF,HCPXL78.1NVF,GCPXL78.1NVF,2
nonroad,2019,KDCLL01.6D7G,GDCLL01.6D7G,CDCLL02.2D7G,2
nonroad,2012,CFPXL03.2SCE,BVEXL03.2SCE,CFPXL03.2SCE,0
nonroad,2019,KJCBL04.4TA5,,KJCBL04.4TA5,0
nonroad,2019,KKBXL.719KCC,DKBXL.719KCC,DKBXL.719KCC,1
nonroad,2019,KMMLL02.7C49,DMMLL02.7C49,DMMLL02.7C49,1
nonroad,2019,KDZXL04.8029,HDZXL04.8029,CDZXL04.8029,6
nonroad,2019,KDZXL06.1061,JDZXL06.1061,FDZXL06.1061,4
nonroad,2019,KICLL1.12B3X,GICLL1.12B3X,DICLL1.12B3X,4
nonroad,2019,KKBXL01.7ECB,DKBXL01.7ECB,DKBXL01.7ECB,1
nonroad,2020,LKBXL01.1DCB,DKBXL01.1DCB,DKBXL01.1DCB,1
nonroad,2019,KKBXL02.6END,DKBXL02.6END,DKBXL02.6END,1
nonroad,2019,KMMLL03.5H00,HMMLL03.5H00,HMMLL03.5H00,1
nonroad,2019,KMMLL03.5H15,HMMLL03.5H15,HMMLL03.5H15,1
nonroad,2019,KMMLL02.6C53,HMMLL02.6C53,HMMLL02.6C53,1
nonroad,2018,JCEXL0275AAK,ECEXL0275AAK,CCEXL0275AAK,3
nonroad,2018,JCPXL18.1HXF,HCPXL18.1HXF,CCPXL18.1HXA,6
nonroad,2018,JKLXL06.7AAP,,JKLXL06.7AAP,0
nonroad,2019,KYDXL0.99NSA,DYDXL0.99NS1,DYDXL0.99NS1,1
nonroad,2019,KMVXL33.9BBA,8MVXL33.9BBA,KMVXL33.9BBA,0
nonroad,2019,KMVXL65.4BBA,9MVXL65.4BBA,KMVXL65.4BBA,0
nonroad,2018,JMVXL01.0EDB,GMVXL01.0EDB,GMVXL01.0EDB,1
nonroad,2019,KDZXL05.7052,,KDZXL05.7052,0
nonroad,2016,GSZXL02.2PXB,ESZXL02.2PXB,ESZXL02.2PXB,1
nonroad,2019,KJDXL09.0313,GJDXL09.0313,GJDXL09.0313,1
nonroad,2019,KKLXL11.0DDC,EKLXL11.0DDC,EKLXL11.0DDC,1
nonroad,2019,KKLXL15.2EDC,EKLXL15.2EDC,EKLXL15.2EDC,1
nonroad,2019,KFPXL12.9TDS,HFPXL12.9TDS,HFPXL12.9TDS,1
nonroad,2019,KJDXL09.0301,EJDXL09.0301,EJDXL09.0301,1
nonroad,2020,LCEXL13.0AAA,ECEXL13.0AAA,ECEXL13.0AAA,1
nonroad,2018,JPEXL01.6DV6,,JPEXL01.6DV6,0
nonroad,2019,KLGCL02.5L4A,HLGCL02.5L4A,HLGCL02.5L4A,1
nonroad,2019,KLGCL01.9L3T,JLGCL01.9L3T,FLGCL01.9L3T,3
nonroad,2019,KLGCL01.9L3D,,KLGCL01.9L3D,0
nonroad,2019,KVWXL02.0CPY,DVWXL02.0CPY,DVWXL02.0CPY,1
nonroad,2020,LSZXL03.0PTA,DSZXL03.0PTA,DSZXL03.0PTA,1
nonroad,2020,LYDXL0.99NSB,DYDXL0.99NS1,DYDXL0.99NS1,1
nonroad,2020,LMVXL24.5BBA,9MVXL24.5BBA,LMVXL24.5BBA,0
nonroad,2020,LJDXL04.5119,CJDXL04.5119,CJDXL04.5119,1
nonroad,2020,LJDXL13.5146,EJDXL13.5146,EJDXL13.5146,1
nonroad,2020,LCPXL09.3HPA,KCPXL09.3HPA,JCPXL09.3HPA,2
nonroad,2019,KPKXL07.0VL1,,KPKXL07.0VL1,0
nonroad,2020,LFPXL03.4CDD,HFPXL03.4CDD,HFPXL03.4CDD,1
nonroad,2019,KJCBL04.4TAE,,KJCBL04.4TAE,0
nonroad,2020,LCPXL27.0NZS,KCPXL27.0NZS,CCPXL27.0NZS,8
nonroad,2020,LKBXL.416KCC,GKBXL.416KCC,GKBXL.416KCC,1
nonroad,2020,LKBXL.719KCC,DKBXL.719KCC,DKBXL.719KCC,1
nonroad,2020,LMVXL02.5DAA,8MVXL02.5GGG,LMVXL02.5DAA,0
nonroad,2020,LKBXL01.3DCC,DKBXL01.3DCC,DKBXL01.3DCC,1
nonroad,2020,LKBXL01.5BCC,DKBXL01.5BCC,DKBXL01.5BCC,1
nonroad,2020,LKBXL02.4EMC,FKBXL02.4EMC,FKBXL02.4EMC,1
nonroad,2020,LKBXL02.4G3D,KKBXL02.4G3D,KKBXL02.4G3D,1
nonroad,2020,LVPXL12.8BCA,KVPXL12.8BCA,KVPXL12.8BCA,1
nonroad,2020,LKMCL2.39A45,BKMCL2.39A45,BKMCL2.39A45,1
nonroad,2019,KH3XL1.13F2C,JH3XL1.13F2C,DH3XL1.13F2C,4
nonroad,2020,LCEXL02.8AAD,,LCEXL02.8AAD,0
nonroad,2019,KY9XL16.4DBA,JY9XL16.4DBA,JY9XL16.4DBA,1
nonroad,2019,KY9XL12.7DAA,,KY9XL12.7DAA,0
nonroad,2019,KPKXL04.4MT1,JPKXL04.4MT1,FPKXL04.4MT1,4
nonroad,2020,LICLL1.50C3X,GICLL1.50C3X,DICLL1.50C3X,4
nonroad,2019,KJDXL06.8309,FJDXL06.8309,FJDXL06.8309,1
nonroad,2020,LMMLL02.6T60,JMMLL02.6T60,JMMLL02.6T60,1
nonroad,2020,LMMLL02.7C45,GMMLL02.7C45,GMMLL02.7C45,1
nonroad,2020,LMMLL03.5N95,HMMLL03.5N95,HMMLL03.5N95,1
nonroad,2020,LH3XL2.00N84,KH3XL2.00N84,HH3XL2.00N84,2
nonroad,2019,KDZXL02.9020,,KDZXL02.9020,0
nonroad,2019,KYDXL3.32TDB,HYDXL3.32TDB,HYDXL3.32TDB,1
nonroad,2020,LMMLL02.7D55,KMMLL02.7D65,KMMLL02.7D65,1
nonroad,2020,LMMLL02.1E35,DMMLL02.7C49,DMMLL02.7C49,1
nonroad,2020,LDZXL07.1027,KDZXL07.1027,CDZXL07.1027,7
nonroad,2019,KH3XL2.22TF4,JH3XL2.22TF4,DH3XL2.22TF4,6
nonroad,2020,LMMLL02.7H39,,LMMLL02.7H39,0
nonroad,2019,KKBXL06.1AMD,FKBXL06.1AMD,FKBXL06.1AMD,1
nonroad,2020,LKHXL3.36EST,,LKHXL3.36EST,0
nonroad,2019,KCPXL18.1HTH,JCPXL18.1HTH,GCPXL18.1HTH,3
nonroad,2020,LDZXL02.2111,,LDZXL02.2111,0
nonroad,2020,LDZXL03.6055,JDZXL03.6055,JDZXL03.6055,1
nonroad,2020,LDZXL04.1054,KDZXL04.1054,KDZXL04.1054,1
nonroad,2020,LFTGL03.0R3C,,LFTGL03.0R3C,0
nonroad,2020,LKBXL01.8E1D,KKBXL01.8E1D,KKBXL01.8E1D,1
nonroad,2020,LKHXL1.37SF1,KKHXL1.37SF1,DKHXL1.37SF1,6
nonroad,2020,LPKXL2.22TCC,,LPKXL2.22TCC,0
nonroad,2020,LPKXL04.4MT1,KPKXL04.4MT1,FPKXL04.4MT1,5
nonroad,2020,LAELL3.46ECR,,LAELL3.46ECR,0
nonroad,2020,LLGCL02.5L4T,GLGCL02.5L4T,FLGCL02.5L4T,2
nonroad,2020,LPKXL07.0PW1,KPKXL07.0PW1,EPKXL07.0PW1,6
nonroad,2021,MCEXL02.8AAD,LCEXL02.8AAD,LCEXL02.8AAD,1
nonroad,2021,MCPXL15.2NZS,LCPXL15.2NZS,CCPXL15.2NZS,9
nonroad,2021,MJDXL04.5119,CJDXL04.5119,CJDXL04.5119,1
nonroad,2021,MJDXL02.9142,FJDXL02.9142,FJDXL02.9142,1
nonroad,2021,MJDXL13.5132,CJDXL13.5132,CJDXL13.5132,1
nonroad,2021,MMVXL02.2EAA,DMVXL02.2AAA,DMVXL02.2AAA,1
nonroad,2021,MMVXL02.2EBA,HMVXL02.2EBA,HMVXL02.2EBA,1
nonroad,2021,MJDXL02.9303,EJDXL02.9303,EJDXL02.9303,1
nonroad,2021,MJDXL09.0313,GJDXL09.0313,GJDXL09.0313,1
nonroad,2020,LDICL01.8LEB,KDICL01.8LEB,KDICL01.8LEB,1
nonroad,2018,JCEXL08.9AAK,ECEXL08.9AAK,ECEXL08.9AAK,1
nonroad,2019,KCEXL08.9AAQ,,KCEXL08.9AAQ,0
nonroad,2018,JCEXL08.9AAN,GCEXL08.9AAN,GCEXL08.9AAN,1
nonroad,2021,MLGCL02.5L4A,HLGCL02.5L4A,HLGCL02.5L4A,1
nonroad,2020,LFPXL04.5LBH,JFPXL04.5LBH,JFPXL04.5LBH,1
nonroad,2021,MPKXL01.1LCS,LPKXL1.13LCS,LPKXL1.13LCS,1
nonroad,2020,LYDXL2.09HDA,DYDXL2.09HDA,DYDXL2.09HDA,1
nonroad,2021,MYDXL.993NS2,DYDXL0.99NS2,DYDXL0.99NS2,1
nonroad,2021,MYDXL.993NS3,DYDXL0.99NS3,DYDXL0.99NS3,1
nonroad,2021,MYDXL01.1NPA,JYDXL1.12NPA,JYDXL1.12NPA,1
nonroad,2018,JCEXL019.AAD,DCEXL019.AAD,DCEXL019.AAD,1
nonroad,2020,LFPXL06.7SCA,JFPXL06.7SCA,HFPXL06.7SCA,2
nonroad,2020,LFPXL08.7T4X,,LFPXL08.7T4X,0
nonroad,2020,LYDXL1.57TDA,HYDXL1.57TDA,HYDXL1.57TDA,1
nonroad,2021,MPKXL.507F1V,LPKXL.507F1V,LPKXL.507F1V,1
nonroad,2020,LDCLL01.8HNV,,LDCLL01.8HNV,0
nonroad,2021,MPKXL02.2TD7,LPKXL2.22TD7,LPKXL2.22TD7,1
nonroad,2021,MMMLL03.5H00,HMMLL03.5H00,HMMLL03.5H00,1
nonroad,2021,MMMLL03.5H15,HMMLL03.5H15,HMMLL03.5H15,1
nonroad,2021,MKBXL.719KCB,DKBXL.719KCB,DKBXL.719KCB,1
nonroad,2021,MKBXL.898KAB,LKBXL.898KAB,LKBXL.898KAB,1
nonroad,2021,MKBXL.898KCB,DKBXL.898KCB,DKBXL.898KCB,1
nonroad,2021,MKBXL.898KCC,JKBXL.898KCC,JKBXL.898KCC,1
nonroad,2021,MYDXL03.3TDB,HYDXL3.32TDB,HYDXL3.32TDB,1
nonroad,2021,MDZXL03.1041,CDZXL03.1041,CDZXL03.1041,1
nonroad,2021,MDZXL04.8025,LDZXL04.8025,CDZXL04.8025,8
nonroad,2021,MYDXL01.1S3N,CYDXL1.11U3N,CYDXL1.11U3N,1
nonroad,2021,MYDXL03.3S4T,CYDXL3.32C4T,CYDXL3.32C4T,1
nonroad,2021,MDZXL03.6055,LDZXL03.6055,JDZXL03.6055,2
nonroad,2021,MKBXL03.3EKD,DKBXL03.3EKD,DKBXL03.3EKD,1
nonroad,2021,MKBXL03.8CKD,DKBXL03.8CKD,DKBXL03.8CKD,1
nonroad,2021,MKBXL03.3E1D,KKBXL03.3E1D,KKBXL03.3E1D,1
nonroad,2021,MFPXL03.4FSD,JFPXL03.4FSD,HFPXL03.4FSD,2
nonroad,2021,MSCLL03.6R74,KSCLL03.6R74,KSCLL03.6R74,1
nonroad,2019,KDICL01.8LEA,JDICL01.8LEA,JDICL01.8LEA,1
nonroad,2021,MSIDL06.6I7C,,MSIDL06.6I7C,0
nonroad,2021,MMMLL02.7M40,DMMLL02.7M40,DMMLL02.7M40,1
nonroad,2021,MJDXL04.5304,EJDXL04.5304,EJDXL04.5304,1
nonroad,2021,MAELL3.46ECR,LAELL3.46ECR,LAELL3.46ECR,1
nonroad,2021,MKLXL08.9AAM,HKLXL08.9AAM,HKLXL08.9AAM,1
nonroad,2021,MLHAL12.0SWC,,MLHAL12.0SWC,0
nonroad,2021,MFPXL11.1T4W,HFPXL11.1T4W,HFPXL11.1T4W,1
nonroad,2021,MDZXL02.9118,,MDZXL02.9118,0
nonroad,2021,MDZXL02.9119,,MDZXL02.9119,0
nonroad,2022,NMVXL01.0EDB,GMVXL01.0EDB,GMVXL01.0EDB,1
nonroad,2021,MDZXL06.1049,,MDZXL06.1049,0
nonroad,2021,MSIDL07.4I7C,,MSIDL07.4I7C,0
nonroad,2021,MYDXL01.6NGA,EYDXL1.64NGA,EYDXL1.64NGA,1
nonroad,2021,MFPXL08.7FR1,LFPXL08.7FR1,LFPXL08.7FR1,1
nonroad,2021,MKLXL23.2FDE,,MKLXL23.2FDE,0
nonroad,2021,MJDXL06.8309,FJDXL06.8309,FJDXL06.8309,1
nonroad,2021,MCEXL08.9AAN,GCEXL08.9AAN,GCEXL08.9AAN,1
nonroad,2019,KVPXL16.1ACC,,KVPXL16.1ACC,0
nonroad,2021,MPKXL02.8FL1,LPKXL02.8FL1,LPKXL02.8FL1,1
nonroad,2022,NFPXL06.7CLA,KFPXL06.7CLA,KFPXL06.7CLA,1
nonroad,2021,MFPXL03.4CDD,HFPXL03.4CDD,HFPXL03.4CDD,1
nonroad,2021,MDCLL01.8HTV,LDCLL01.8HTV,LDCLL01.8HTV,1
nonroad,2022,NFPXL03.4BPC,HFPXL03.4BPC,DFPXL03.4BPC,5
nonroad,2022,NFPXL06.7SCA,JFPXL06.7SCA,HFPXL06.7SCA,2
nonroad,2022,NFPXL15.9T4D,JFPXL15.9T4D,HFPXL15.9T4D,2
nonroad,2022,NKBXL.898KCC,JKBXL.898KCC,JKBXL.898KCC,1
nonroad,2022,NJDXL09.0114,CJDXL09.0114,CJDXL09.0114,1
nonroad,2022,NJDXL13.5103,CJDXL13.5103,CJDXL13.5103,1
nonroad,2022,NJDXL13.5146,EJDXL13.5146,EJDXL13.5146,1
nonroad,2022,NHZXL1.46M52,LHZXL1.46M52,LHZXL1.46M52,1
nonroad,2022,NCEXL0275AAK,ECEXL0275AAK,CCEXL0275AAK,3
nonroad,2021,MVPXL16.1CDC,,MVPXL16.1CDC,0
nonroad,2021,MKHXL02.5TCR,,MKHXL02.5TCR,0
nonroad,2022,NJDXL06.8312,GJDXL06.8312,GJDXL06.8312,1
nonroad,2022,NKHXL02.5EST,,NKHXL02.5EST,0
nonroad,2020,LKHXL2.48TCR,,LKHXL2.48TCR,0
nonroad,2021,MKLXL15.2EDD,,MKLXL15.2EDD,0
nonroad,2022,NKBXL01.5BPD,DKBXL01.5BPD,DKBXL01.5BPD,1
nonroad,2022,NYDXL.993NS1,DYDXL0.99NS1,DYDXL0.99NS1,1
nonroad,2022,NYDXL.993NUA,DYDXL0.99NUA,DYDXL0.99NUA,1
nonroad,2022,NKBXL02.4EKD,DKBXL02.4EKD,DKBXL02.4EKD,1
nonroad,2021,MCPXL106.NVG,LCPXL106.NVG,KCPXL106.NVG,2
nonroad,2020,LCEXL030.AAD,CCEXL030.AAD,CCEXL030.AAD,1
nonroad,2014,ECEXL030.AAD,CCEXL030.AAD,CCEXL030.AAD,1
nonroad,2021,MMVXL37.1BBA,7MVXL37.1BBA,MMVXL37.1BBA,0
nonroad,2022,NPKXL04.4MU1,MPKXL04.4MU1,FPKXL04.4MU1,7
nonroad,2022,NKBXL02.6GND,DKBXL02.6GND,DKBXL02.6GND,1
nonroad,2018,J6AXL04.2Z17,,J6AXL04.2Z17,0
nonroad,2022,NKBXL02.6E3D,KKBXL02.6E3D,KKBXL02.6E3D,1
nonroad,2022,NKBXL02.6G3D,KKBXL02.6G3D,KKBXL02.6G3D,1
nonroad,2021,MKMCL2.29A48,FKMCL2.29A48,FKMCL2.29A48,1
nonroad,2022,NKMCL3.41D43,CKMCL3.41D43,CKMCL3.41D43,1
nonroad,2022,NJDXL13.5300,EJDXL13.5300,EJDXL13.5300,1
nonroad,2022,NPKXL01.5N3C,MPKXL01.5N3C,LPKXL1.49N3C,2
nonroad,2022,NJDXL04.5316,JJDXL04.5316,JJDXL04.5316,1
nonroad,2021,MVSXL16.1HPE,,MVSXL16.1HPE,0
nonroad,2022,NMMLL02.1E35,DMMLL02.7C49,DMMLL02.7C49,1
nonroad,2022,NYDXL01.6NDA,HYDXL1.64NDA,HYDXL1.64NDA,1
nonroad,2022,NYDXL02.1TDA,HYDXL2.09TDA,HYDXL2.09TDA,1
nonroad,2022,NMVXL33.9BBA,8MVXL33.9BBA,NMVXL33.9BBA,0
nonroad,2021,MICLL2.43F4I,,MICLL2.43F4I,0
nonroad,2021,MKBXL01.5A1D,LKBXL01.5A1D,LKBXL01.5A1D,1
nonroad,2021,MPKXL02.2IW1,LPKXL2.22IW1,LPKXL2.22IW1,1
nonroad,2021,MCPXL27.0HXF,LCPXL27.0HXF,CCPXL27.0HXA,9
nonroad,2022,NSIDL07.4I7C,MSIDL07.4I7C,MSIDL07.4I7C,1
nonroad,2022,NWEHL52.3EMS,,NWEHL52.3EMS,0
nonroad,2022,NVPXL16.1ACC,LVPXL16.1ACC,LVPXL16.1ACC,1
nonroad,2021,MKOEL4.33TAX,KKOEL4.33TAX,KKOEL4.33TAX,1
nonroad,2022,NKOEL4.33TAX,KKOEL4.33TAX,KKOEL4.33TAX,1
nonroad,2022,NCEXL030.AAD,CCEXL030.AAD,CCEXL030.AAD,1
nonroad,2022,NCPXL09.3HTF,MCPXL09.3HTF,ECPXL09.3HTF,8
nonroad,2022,NCPXL58.6HXG,MCPXL58.6HXG,JCPXL58.6HXG,4
nonroad,2022,NDZXL03.1041,CDZXL03.1041,CDZXL03.1041,1
nonroad,2022,N6AXL04.2Z17,K6AXL04.2Z17,K6AXL04.2Z17,1
nonroad,2022,NKHXL01.4SF1,MKHXL01.4SF1,MKHXL01.4SF1,1
nonroad,2022,NDCLL02.4HTV,LDCLL02.4HTV,LDCLL02.4HTV,1
nonroad,2022,NKBXL.898KCB,DKBXL.898KCB,DKBXL.898KCB,1
nonroad,2022,NMNBL09.0OR4,KMNBL09.0OR4,KMNBL09.0OR4,1
nonroad,2015,FSZXL03.0RXB,,FSZXL03.0RXB,0
nonroad,2016,GSZXL03.0RXB,FSZXL03.0RXB,FSZXL03.0RXB,1
nonroad,2021,MSZXL03.0RXB,FSZXL03.0RXB,FSZXL03.0RXB,1
nonroad,2022,NSZXL03.0RXB,FSZXL03.0RXB,FSZXL03.0RXB,1
nonroad,2022,NSZXL05.2QXA,ESZXL05.2QXA,ESZXL05.2QXA,1
nonroad,2022,NYDXL01.6S3A,CYDXL1.64J3N,CYDXL1.64J3N,1
nonroad,2015,FSZXL05.2RXA,,FSZXL05.2RXA,0
nonroad,2018,JSZXL05.2RXA,FSZXL05.2RXA,FSZXL05.2RXA,1
nonroad,2017,HSZXL05.2RXB,FSZXL05.2RXB,FSZXL05.2RXB,1
nonroad,2018,JSZXL05.2RXB,FSZXL05.2RXB,FSZXL05.2RXB,1
nonroad,2020,LSZXL05.2RXB,FSZXL05.2RXB,FSZXL05.2RXB,1
nonroad,2023,PMVXL49.0BBA,7MVXL49.0BBA,PMVXL49.0BBA,0
nonroad,2023,PDZXL07.1032,NDZXL07.1032,CDZXL07.1032,10
nonroad,2023,PCPXL27.0NZS,NCPXL27.0NZS,CCPXL27.0NZS,11
nonroad,2022,NKLXL03.3JDB,DKLXL03.3JDB,DKLXL03.3JDB,1
nonroad,2022,NJDXL04.5317,,NJDXL04.5317,0
nonroad,2023,PKLXL06.7AAP,HKLXL06.7AAP,HKLXL06.7AAP,1
nonroad,2023,PSZXL03.0RXA,FSZXL03.0RXA,FSZXL03.0RXA,1
nonroad,2022,NPKXL02.8FL1,MPKXL02.8FL1,LPKXL02.8FL1,2
nonroad,2023,PKLXL06.7AAM,HKLXL06.7AAM,HKLXL06.7AAM,1
nonroad,2023,PCEXL13.0AAA,ECEXL13.0AAA,ECEXL13.0AAA,1
nonroad,2023,PPKXL04.4NR1,NPKXL04.4NR1,FPKXL04.4NR1,8
nonroad,2022,NKBXL.719KCB,DKBXL.719KCB,DKBXL.719KCB,1
nonroad,2023,PKBXL01.3DCC,DKBXL01.3DCC,DKBXL01.3DCC,1
nonroad,2023,PKBXL01.5FCC,DKBXL01.5FCC,DKBXL01.5FCC,1
nonroad,2023,PKBXL01.5BPD,DKBXL01.5BPD,DKBXL01.5BPD,1
nonroad,2023,PPKXL.507F1V,NPKXL.507F1V,LPKXL.507F1V,3
nonroad,2023,PYDXL.320H1N,FYDXL0.32H1N,FYDXL0.32H1N,1
nonroad,2023,PCPXL58.6NXV,NCPXL58.6NXV,LCPXL58.6NXV,3
nonroad,2023,PKBXL02.4EMD,FKBXL02.4EMD,FKBXL02.4EMD,1
nonroad,2023,PKBXL02.4E1D,KKBXL02.4E1D,KKBXL02.4E1D,1
nonroad,2023,PFPXL06.7DGS,JFPXL06.7DGS,JFPXL06.7DGS,1
nonroad,2022,NLGCL02.5L4A,HLGCL02.5L4A,HLGCL02.5L4A,1
nonroad,2022,NKHXL03.4TDS,,NKHXL03.4TDS,0
nonroad,2023,PFPXL06.7LIM,KFPXL06.7LIM,KFPXL06.7LIM,1
nonroad,2023,PMDDL14.0ZWK,AMDDL14.0GWK,PMDDL14.0ZWK,0
nonroad,2023,PKBXL03.8CMD,GKBXL03.8CMD,GKBXL03.8CMD,1
nonroad,2023,PLGCL01.9L3T,JLGCL01.9L3T,FLGCL01.9L3T,3
nonroad,2023,PLGCL02.5L4T,GLGCL02.5L4T,FLGCL02.5L4T,2
nonroad,2022,NLHAL10.5SQC,ELHAL10.5SQC,ELHAL10.5SQC,1
nonroad,2022,NVSXL10.8STV,,NVSXL10.8STV,0
nonroad,2022,NYDXL01.3NPB,KYDXL1.27NPB,KYDXL1.27NPB,1
nonroad,2023,PDZXL03.1041,CDZXL03.1041,CDZXL03.1041,1
nonroad,2023,PVPXL16.1ADA,NVPXL16.1ADA,KVPXL16.1ADA,4
nonroad,2023,PMNBL09.0OR4,KMNBL09.0OR4,KMNBL09.0OR4,1
nonroad,2023,PKOEL1.09NAX,NKOEL1.09NAX,NKOEL1.09NAX,1
nonroad,2023,PMVXL02.2EBA,HMVXL02.2EBA,HMVXL02.2EBA,1
nonroad,2023,PTYCL1.17A33,,PTYCL1.17A33,0
nonroad,2023,PTYCL2.29A48,,PTYCL2.29A48,0
nonroad,2023,PJCBL04.4TAE,KJCBL04.4TAE,KJCBL04.4TAE,1
nonroad,2022,NCPXL18.1HTF,MCPXL18.1HTF,ECPXL18.1HTF,8
nonroad,2023,PMMLL02.7D55,KMMLL02.7D65,KMMLL02.7D65,1
nonroad,2023,PDZXL05.7052,,PDZXL05.7052,0
nonroad,2023,PSIDL07.5I7C,NSIDL07.5I7C,NSIDL07.5I7C,1
nonroad,2023,PSIDL06.6I7C,NSIDL06.6I7C,MSIDL06.6I7C,2
nonroad,2023,PKBXL05.0C5D,,PKBXL05.0C5D,0
nonroad,2021,MCEXL50.0AAG,,MCEXL50.0AAG,0
nonroad,2021,MCEXL50.0AAF,,MCEXL50.0AAF,0
nonroad,2018,JKLXL60.0AAI,,JKLXL60.0AAI,0
nonroad,2020,LKLXL78.0AAI,KKLXL78.0AAI,KKLXL78.0AAI,1
nonroad,2023,PMRBL109.EMS,,PMRBL109.EMS,0
nonroad,2024,RSZXL02.2ZTB,ESZXL02.2ZTB,ESZXL02.2ZTB,1
nonroad,2023,PJDXL09.0333,MJDXL09.0333,MJDXL09.0333,1
nonroad,2023,PDCLL01.0D75,NDCLL01.0D75,NDCLL01.0D75,1
nonroad,2023,PMDDL76.3XTM,FMDDL95.4XTM,FMDDL95.4XTM,1
nonroad,2023,PLHAL07.0SQC,ELHAL7.01SQC,ELHAL7.01SQC,1
nonroad,2023,PFPXL06.7FR1,LFPXL06.7FR1,LFPXL06.7FR1,1
nonroad,2023,PFPXL15.9GT1,,PFPXL15.9GT1,0
nonroad,2024,RDZXL07.1030,PDZXL07.1030,CDZXL07.1030,11
nonroad,2024,RFPXL08.7TR3,JFPXL08.7TR3,HFPXL08.7TR3,2
nonroad,2024,RFPXL12.9IGR,JFPXL12.9IGR,JFPXL12.9IGR,1
nonroad,2024,RDZXL02.2111,PDZXL02.2111,NDZXL02.2111,2
nonroad,2023,PVPXL07.7BDA,NVPXL07.7BDA,NVPXL07.7BDA,1
nonroad,2024,RPKXL02.2NLC,PPKXL02.2NLC,LPKXL2.22NLC,4
nonroad,2024,RMVXL65.4BBA,9MVXL65.4BBA,RMVXL65.4BBA,0
nonroad,2023,PPKXL07.0VL4,NPKXL07.0VL4,LPKXL07.0VL4,3
nonroad,2023,PLHAL103.VQS,,PLHAL103.VQS,0
nonroad,2024,RJDXL13.5300,EJDXL13.5300,EJDXL13.5300,1
nonroad,2024,RDZXL02.2112,PDZXL02.2112,LDZXL02.2112,4
nonroad,2024,RHZXL02.0V51,,RHZXL02.0V51,0
nonroad,2023,PKHXL01.4SF1,,PKHXL01.4SF1,0
nonroad,2024,RFTGL03.0R3C,LFTGL03.0R3C,LFTGL03.0R3C,1
nonroad,2023,PDZXL02.9118,,PDZXL02.9118,0
nonroad,2023,PDZXL15.9058,,PDZXL15.9058,0
nonroad,2024,RDCLL01.0D5G,GDCLL01.0D5G,CDCLL01.0D5G,2
nonroad,2024,RDCLL01.8HNV,LDCLL01.8HNV,LDCLL01.8HNV,1
nonroad,2023,PPKXL04.4SU1,NPKXL04.4SU1,LPKXL04.4SU1,3
nonroad,2024,RYDXL02.1NFC,NYDXL02.1NFC,NYDXL02.1NFC,1
nonroad,2024,RYDXL01.3NS1,DYDXL1.27NS1,DYDXL1.27NS1,1
nonroad,2024,RKBXL.778KCB,DKBXL.778KCB,DKBXL.778KCB,1
nonroad,2024,RKBXL.719NCB,EKBXL.719NCB,DKBXL.719NCB,2
nonroad,2024,RKBXL02.2RCB,DKBXL02.2RCB,DKBXL02.2RCB,1
nonroad,2024,RLHAL103.VQC,MLHAL103.VQC,MLHAL103.VQC,1
nonroad,2024,RKBXL02.4GMC,NKBXL02.4GMC,NKBXL02.4GMC,1
nonroad,2024,RKBXL03.8C1D,KKBXL03.8C1D,KKBXL03.8C1D,1
nonroad,2024,RKBXL03.8CMD,GKBXL03.8CMD,GKBXL03.8CMD,1
nonroad,2023,PVPXL05.1CJA,MVPXL05.1CJA,MVPXL05.1CJA,1
nonroad,2024,RYDXL03.3NGA,PYDXL03.3NGA,PYDXL03.3NGA,1
nonroad,2023,PCPXL18.1HTF,NCPXL18.1HTF,ECPXL18.1HTF,9
nonroad,2023,PLHAL10.5SQC,ELHAL10.5SQC,ELHAL10.5SQC,1
nonroad,2025,SYDXL01.3NWB,HYDXL1.27NWB,HYDXL1.27NWB,1
nonroad,2024,RWEHL52.3EMS,PWEHL52.3EMS,PWEHL52.3EMS,1
nonroad,2024,RKOEL1.09NAX,NKOEL1.09NAX,NKOEL1.09NAX,1
nonroad,2024,RFPXL12.9FR2,,RFPXL12.9FR2,0
nonroad,2024,RCEXL12.0AAA,FCEXL12.0AAA,FCEXL12.0AAA,1
nonroad,2024,RCEXL0661AAH,,RCEXL0661AAH,0
nonroad,2024,RYDXL03.3TDA,PYDXL03.3TDA,PYDXL03.3TDA,1
nonroad,2024,RYDXL03.3S4N,PYDXL03.3S4N,PYDXL03.3S4N,1
nonroad,2024,RFPXL03.4CDD,HFPXL03.4CDD,HFPXL03.4CDD,1
nonroad,2024,RMVXL01.1EDA,,RMVXL01.1EDA,0
nonroad,2018,JCEXL04.5AAH,,JCEXL04.5AAH,0
nonroad,2021,MCEXL04.5AAK,,MCEXL04.5AAK,0
nonroad,2015,FCEXL15.0AAL,ECEXL15.0AAL,ECEXL15.0AAL,1
nonroad,2023,PCEXL0275AAG,,PCEXL0275AAG,0
nonroad,2017,HCEXL0275AAG,,HCEXL0275AAG,0
nonroad,2014,ECEXL0275AAG,,ECEXL0275AAG,0
nonroad,2019,KCEXL0275AAH,,KCEXL0275AAH,0
nonroad,2024,RDZXL15.9058,,RDZXL15.9058,0
nonroad,2018,JCEXL0409AAC,,JCEXL0409AAC,0
nonroad,2016,GCEXL0505AAE,ECEXL0505AAE,CCEXL0505AAE,3
nonroad,2017,HCEXL0505AAE,ECEXL0505AAE,CCEXL0505AAE,3
nonroad,2017,HCEXL12.0AAA,FCEXL12.0AAA,FCEXL12.0AAA,1
nonroad,2024,RICLL01.8F3X,NICLL01.8F3X,NICLL01.8F3X,1
nonroad,2024,RICLL02.4F4X,NICLL02.4F4X,NICLL02.4F4X,1
nonroad,2024,RFPXL06.7SCB,,RFPXL06.7SCB,0
nonroad,2024,RKBXL03.3E1D,KKBXL03.3E1D,KKBXL03.3E1D,1
nonroad,2025,SYDXL02.2NFB,,SYDXL02.2NFB,0
nonroad,2022,NDICL03.4LEA,MDICL03.4LEA,HDICL03.4LEA,5
nonroad,2017,HDICL03.4LEA,,HDICL03.4LEA,0
nonroad,2024,RYDXL.570NUA,PYDXL.570NUA,PYDXL.570NUA,1
nonroad,2024,RKHXL02.5ESM,,RKHXL02.5ESM,0
nonroad,2025,SSZXL05.2RXB,FSZXL05.2RXB,FSZXL05.2RXB,1
nonroad,2018,JDICL03.4LEA,HDICL03.4LEA,HDICL03.4LEA,1
nonroad,2024,RDZXL05.2124,,RDZXL05.2124,0
nonroad,2025,SFPXL12.9IGR,JFPXL12.9IGR,JFPXL12.9IGR,1
nonroad,2025,SFPXL06.7SCB,RFPXL06.7SCB,RFPXL06.7SCB,1
nonroad,2024,RKBXL03.8C5D,PKBXL03.8C5D,PKBXL03.8C5D,1
nonroad,2024,RMNBL12.4OR4,HMNBL12.4OR4,GMNBL12.4OR4,2
nonroad,2025,SLHAL24.2VQT,GLHAL24.2VQT,GLHAL24.2VQT,1
nonroad,2025,SKBXL.277KCB,DKBXL.276KCB,DKBXL.276KCB,1
nonroad,2025,SDZXL07.1030,RDZXL07.1030,CDZXL07.1030,12
nonroad,2025,SLHAL09.0SWC,RLHAL09.0SWC,PLHAL09.0SWC,2
nonroad,2025,SLGCL01.9L3T,JLGCL01.9L3T,FLGCL01.9L3T,3
nonroad,2025,SLHAL12.0SQC,ELHAL12.0SQC,ELHAL12.0SQC,1
nonroad,2024,RCEXL08.9AAQ,,RCEXL08.9AAQ,0
nonroad,2022,NSIDL09.8I7C,,NSIDL09.8I7C,0
nonroad,2025,SMNBL16.2VGT,MMNBL16.2VGT,MMNBL16.2VGT,1
nonroad,2025,SHZXL.347C32,RHZXL.347C32,NHZXL.347C32,3
nonroad,2025,SHZXL.517M54,RHZXL.517M54,MHZXL.517M54,4
nonroad,2022,NCEXL060.AAD,,NCEXL060.AAD,0
nonroad,2025,SDZXL03.6122,RDZXL03.6122,MDZXL03.6122,4
nonroad,2025,SJDXL04.5304,EJDXL04.5304,EJDXL04.5304,1
nonroad,2025,SKBXL02.4E2D,KKBXL02.4E2D,KKBXL02.4E2D,1
nonroad,2024,RDICL07.6LEA,PDICL07.6LEA,GDICL07.6LEA,8
nonroad,2024,RPKXL07.0VL1,PPKXL07.0VL1,KPKXL07.0VL1,5
nonroad,2024,RVPXL16.1ACW,PVPXL16.1ACW,KVPXL16.1ACW,5
nonroad,2024,RVPXL16.1ADA,PVPXL16.1ADA,KVPXL16.1ADA,5
nonroad,2024,RVPXL16.1ADB,PVPXL16.1ADB,MVPXL16.1ADB,3
nonroad,2016,GLHAL24.2VQT,,GLHAL24.2VQT,0
nonroad,2024,RPKXL03.6FW1,PPKXL03.6FW1,LPKXL03.6FW1,4
nonroad,2024,RVSXL12.8T4F,,RVSXL12.8T4F,0
nonroad,2016,GLHAL16.2VQC,ELHAL16.2VQC,ELHAL16.2VQC,1
nonroad,2021,MLHAL24.2VQT,GLHAL24.2VQT,GLHAL24.2VQT,1
nonroad,2017,HLHAL16.2VQC,ELHAL16.2VQC,ELHAL16.2VQC,1
nonroad,2025,SKOEL4.33TAX,KKOEL4.33TAX,KKOEL4.33TAX,1
nonroad,2025,SHZXL02.0V50,RHZXL02.0V50,RHZXL02.0V50,1
nonroad,2025,SHZXL02.0C50,RHZXL02.0C50,RHZXL02.0C50,1
nonroad,2022,NLHAL16.2VQC,ELHAL16.2VQC,ELHAL16.2VQC,1
nonroad,2024,RDZXL04.1056,,RDZXL04.1056,0
nonroad,2017,HLHAL7.01SQC,ELHAL7.01SQC,ELHAL7.01SQC,1
nonroad,2015,FLHAL10.5SQC,ELHAL10.5SQC,ELHAL10.5SQC,1
nonroad,2025,STYCL2.29A48,PTYCL2.29A48,PTYCL2.29A48,1
nonroad,2024,RPKXL.761F1C,PPKXL.761F1C,LPKXL.761F1C,4
nonroad,2024,RKHXL03.4TCR,,RKHXL03.4TCR,0
nonroad,2024,RCPXL18.1HTF,PCPXL18.1HTF,ECPXL18.1HTF,10
nonroad,2025,SYDXL.993NS1,PYDXL.993NS1,PYDXL.993NS1,1
nonroad,2025,SYDXL03.3NLA,RYDXL03.3NLA,RYDXL03.3NLA,1
nonroad,2025,SMVXL02.5LLL,7MVXL02.5EEE,SMVXL02.5LLL,0
nonroad,2025,SYDXL.570NUA,PYDXL.570NUA,PYDXL.570NUA,1
nonroad,2025,SMVXL33.9BBA,8MVXL33.9BBA,SMVXL33.9BBA,0
nonroad,2025,SMVXL37.1BBA,7MVXL37.1BBA,SMVXL37.1BBA,0
nonroad,2025,SMMLL02.7D55,KMMLL02.7D65,KMMLL02.7D65,1
nonroad,2025,SMMLL02.7R55,KMMLL02.7D65,KMMLL02.7D65,1
nonroad,2026,TYDXL01.3NWB,HYDXL1.27NWB,HYDXL1.27NWB,1
nonroad,2025,SYDXL01.3TPA,JYDXL1.27TPA,JYDXL1.27TPA,1
nonroad,2022,NCEXL78.0AAB,,NCEXL78.0AAB,0
nonroad,2025,SMVXL0.64EBA,LMVXL0.64EBA,LMVXL0.64EBA,1
nonroad,2024,RCPXL09.3NTF,PCPXL09.3NTF,KCPXL09.3NTF,5
nonroad,2024,RDZXL05.7053,,RDZXL05.7053,0
nonroad,2025,SVPXL07.7BDA,RVPXL07.7BDA,NVPXL07.7BDA,3
nonroad,2025,SVPXL17.3ADA,RVPXL17.3ADA,RVPXL17.3ADA,1
nonroad,2025,SKBXL.719KCB,DKBXL.719KCB,DKBXL.719KCB,1
nonroad,2025,SSIDL08.0I7C,,SSIDL08.0I7C,0
nonroad,2025,SJDXL13.5179,,SJDXL13.5179,0
nonroad,2023,PCEXL015.AAJ,ECEXL015.AAJ,CCEXL015.AAJ,2
nonroad,2025,SDZXL03.6060,,SDZXL03.6060,0
nonroad,2025,SCEXL50.0AAH,RCEXL50.0AAH,PCEXL50.0AAH,2
nonroad,2024,RLHAL08.0SWC,PLHAL08.0SWC,PLHAL08.0SWC,1
nonroad,2025,SKBXL01.6ECB,DKBXL01.7ECB,DKBXL01.7ECB,1
nonroad,2025,SYDXL03.3TDB,PYDXL03.3TDB,PYDXL03.3TDB,1
nonroad,2025,SCPXL18.1HXF,RCPXL18.1HXF,CCPXL18.1HXA,13
nonroad,2025,SDCLL01.8HTV,RDCLL01.8HTV,RDCLL01.8HTV,1
nonroad,2025,SDCLL02.4HTV,LDCLL02.4HTV,LDCLL02.4HTV,1
nonroad,2021,MCEXL015.AAJ,ECEXL015.AAJ,CCEXL015.AAJ,2
nonroad,2024,RFTGL03.0R4D,,RFTGL03.0R4D,0
nonroad,2023,PCEXL19.0AAA,,PCEXL19.0AAA,0
nonroad,2026,TCPXL58.6HXS,SCPXL58.6HXS,LCPXL58.6HXS,6
nonroad,2015,FLHAL12.0SQC,ELHAL12.0SQC,ELHAL12.0SQC,1
nonroad,2022,NFPXL20.1T4B,JFPXL20.1T4B,JFPXL20.1T4B,1
nonroad,2026,TSZXL02.2VTK,HSZXL02.2VTK,HSZXL02.2VTK,1
nonroad,2026,TSZXL02.2ZTB,ESZXL02.2ZTB,ESZXL02.2ZTB,1
nonroad,2018,JFPXL20.1T4B,,JFPXL20.1T4B,0
nonroad,2025,SDZXL06.1050,,SDZXL06.1050,0
nonroad,2025,SCEXL03.8AAH,,SCEXL03.8AAH,0
nonroad,2025,SCPXL12.5NYS,RCPXL12.5NYS,ECPXL12.5NYS,11
nonroad,2019,KCEXL06.7AAR,,KCEXL06.7AAR,0
nonroad,2026,TSIDL06.6I7C,SSIDL06.6I7C,MSIDL06.6I7C,5
nonroad,2025,SDCLL01.6D7G,GDCLL01.6D7G,CDCLL02.2D7G,2
nonroad,2025,SFPXL03.4CSD,RFPXL03.4CSD,RFPXL03.4CSD,1
nonroad,2025,SFPXL03.4CDC,HFPXL03.4CDC,DFPXL03.4CDC,5
nonroad,2025,SFPXL02.8DC2,RFPXL02.8DC2,RFPXL02.8DC2,1
nonroad,2025,SFGXL3.85E0V,JFGXL3.85E0V,JFGXL3.85E0V,1
nonroad,2025,SCEXL04.5AAH,,SCEXL04.5AAH,0
nonroad,2025,SCEXL06.7AAQ,,SCEXL06.7AAQ,0
nonroad,2021,MCEXL02.8AAB,ECEXL02.8AAB,ECEXL02.8AAB,1
nonroad,2018,JCEXL02.8AAB,ECEXL02.8AAB,ECEXL02.8AAB,1
nonroad,2014,ECEXL02.8AAB,,ECEXL02.8AAB,0
nonroad,2026,TFPXL06.7DGB,JFPXL06.7DGB,JFPXL06.7DGB,1
nonroad,2022,NCEXL02.8AAC,GCEXL02.8AAC,GCEXL02.8AAC,1
nonroad,2025,SMVXL01.0EDC,,SMVXL01.0EDC,0
nonroad,2025,SMVXL01.8EBB,,SMVXL01.8EBB,0
nonroad,2026,TJDXL18.0342,RJDXL18.0342,RJDXL18.0342,1
nonroad,2026,TPKXL04.4NR1,SPKXL04.4NR1,FPKXL04.4NR1,11
nonroad,2022,NKBXL03.8AMD,HKBXL03.8AMD,HKBXL03.8AMD,1
nonroad,2026,TPKXL02.2F2V,SPKXL02.2F2V,LPKXL2.22F2V,6
nonroad,2026,TFTGL03.0R3C,LFTGL03.0R3C,LFTGL03.0R3C,1
nonroad,2019,KCEXL015.AAJ,ECEXL015.AAJ,CCEXL015.AAJ,2
nonroad,2019,KFPXL12.9TSS,,KFPXL12.9TSS,0
nonroad,2016,GCEXL03.3BAA,ECEXL03.3BAA,CCEXL03.3BAA,3
nonroad,2015,FCEXL03.3BAA,ECEXL03.3BAA,CCEXL03.3BAA,3
nonroad,2026,TSZXL15.7QXB,FSZXL15.7QXB,FSZXL15.7QXB,1
nonroad,2026,TMNBL24.2OR4,JMNBL24.2OR4,JMNBL24.2OR4,1
nonroad,2026,TKBXL02.4EKD,DKBXL02.4EKD,DKBXL02.4EKD,1
nonroad,2026,TPKXL04.4NM1,SPKXL04.4NM1,CPKXL04.4NM1,14
nonroad,2026,TDZXL07.8046,SDZXL07.8046,SDZXL07.8046,1
nonroad,2026,TDZXL07.8047,SDZXL07.8047,SDZXL07.8047,1
nonroad,2024,RCEXL03.3CAA,DCEXL03.3CAA,CCEXL03.3CAA,2
nonroad,2023,PCEXL03.3CAA,DCEXL03.3CAA,CCEXL03.3CAA,2
nonroad,2026,TDZXL02.2115,SDZXL02.2115,PDZXL02.2115,3
nonroad,2014,ECEXL03.3CAA,DCEXL03.3CAA,CCEXL03.3CAA,2
nonroad,2016,GFPXL12.9TSS,EFPXL12.9TSS,EFPXL12.9TSS,1
nonroad,2026,TDZXL07.1030,SDZXL07.1030,CDZXL07.1030,13
nonroad,2026,TDZXL07.1031,SDZXL07.1031,RDZXL07.1031,2
nonroad,2026,TDCLL03.8JAV,RDCLL03.8JAV,RDCLL03.8JAV,1
nonroad,2026,TDZXL05.7053,SDZXL05.7053,SDZXL05.7053,1
nonroad,2026,TDZXL03.6060,SDZXL03.6060,SDZXL03.6060,1
nonroad,2026,TDZXL03.6018,SDZXL03.6018,SDZXL03.6018,1
nonroad,2025,SCEXL03.8AAC,GCEXL03.8AAC,GCEXL03.8AAC,1
nonroad,2025,SCEXL03.8AAD,GCEXL03.8AAD,GCEXL03.8AAD,1
nonroad,2023,PCEXL015.AAH,DCEXL015.AAH,CCEXL015.AAH,2
nonroad,2024,RCEXL03.8AAE,KCEXL03.8AAE,KCEXL03.8AAE,1
nonroad,2023,PCEXL03.8AAE,KCEXL03.8AAE,KCEXL03.8AAE,1
nonroad,2021,MCEXL03.8AAE,KCEXL03.8AAE,KCEXL03.8AAE,1
nonroad,2026,TYDXL01.3NPA,RYDXL01.3NPA,RYDXL01.3NPA,1
nonroad,2024,RLHAL12.0SWC,MLHAL12.0SWC,MLHAL12.0SWC,1
nonroad,2024,RCEXL03.8AAF,KCEXL03.8AAF,KCEXL03.8AAF,1
nonroad,2026,TYDXL.320H1E,RYDXL.320H1E,RYDXL.320H1E,1
nonroad,2026,TDICL03.4LEC,SDICL03.4LEC,HDICL03.4LEC,9
nonroad,2026,TTYCL1.17A33,PTYCL1.17A33,PTYCL1.17A33,1
nonroad,2016,GCEXL03.8AAA,FCEXL03.8AAA,FCEXL03.8AAA,1
nonroad,2020,LCEXL03.8AAB,GCEXL03.8AAB,GCEXL03.8AAB,1
nonroad,2026,TMMLL03.0H48,,TMMLL03.0H48,0
nonroad,2026,TCPXL12.9NTF,,TCPXL12.9NTF,0
nonroad,2025,SJDXL18.0342,RJDXL18.0342,RJDXL18.0342,1
nonroad,2026,TRIAL03.0RBC,SRIAL03.0RBC,SRIAL03.0RBC,1
nonroad,2022,NSZXL09.8QXA,ESZXL09.8QXA,ESZXL09.8QXA,1
nonroad,2025,SSZXL15.7QXA,ESZXL15.7QXA,ESZXL15.7QXA,1
nonroad,2025,SKBXL03.3EKD,DKBXL03.3EKD,DKBXL03.3EKD,1
nonroad,2023,PCEXL03.8AAD,GCEXL03.8AAD,GCEXL03.8AAD,1
nonroad,2020,LCEXL03.8AAD,GCEXL03.8AAD,GCEXL03.8AAD,1
nonroad,2026,TFPXL02.8DE1,RFPXL02.8DE1,RFPXL02.8DE1,1
nonroad,2023,PLHAL103.ESP,HLHAL103.ESP,HLHAL103.ESP,1
nonroad,2025,SCEXL08.9AAK,,SCEXL08.9AAK,0
nonroad,2025,SFPXL04.5LBH,JFPXL04.5LBH,JFPXL04.5LBH,1
nonroad,2026,TKHXL01.9DIM,SKHXL01.9DIM,SKHXL01.9DIM,1
nonroad,2025,SCEXL08.9AAQ,,SCEXL08.9AAQ,0
nonroad,2026,TMMLL02.1K40,,TMMLL02.1K40,0
nonroad,2026,TMMLL02.1K35,,TMMLL02.1K35,0
nonroad,2026,TFPXL03.6EH1,RFPXL03.6EH1,MFPXL03.6EH1,2
nonroad,2026,TCEXL04.5AAL,,TCEXL04.5AAL,0
nonroad,2026,TCPXL27.0NZS,SCPXL27.0NZS,CCPXL27.0NZS,14
nonroad,2026,TCEXL08.9AAK,,TCEXL08.9AAK,0
nonroad,2026,TDTAL12.8RJD,KMBXL12.8RJD,KMBXL12.8RJD,1
nonroad,2025,SDTAL12.8RJD,KMBXL12.8RJD,KMBXL12.8RJD,1
nonroad,2024,RDTAL07.7RJD,KMBXL07.7RJD,KMBXL07.7RJD,1
nonroad,2014,ECEXL015.AAJ,CCEXL015.AAJ,CCEXL015.AAJ,1
nonroad,2022,NCEXL15.0AAS,MCEXL15.0AAS,MCEXL15.0AAS,1
nonroad,2018,JFPXL15.9T4U,FFPXL15.9T4U,FFPXL15.9T4U,1
nonroad,2026,TJDXL09.0308,,TJDXL09.0308,0
nonroad,2026,TKBXL03.8CGC,,TKBXL03.8CGC,0
nonroad,2026,TKBXL01.5A1D,LKBXL01.5A1D,LKBXL01.5A1D,1
nonroad,2026,TKHXL01.4SF1,SKHXL01.4SF1,SKHXL01.4SF1,1
nonroad,2026,TKLXL12.7LDC,SKLXL12.7LDC,RKLXL12.7LDC,2
nonroad,2026,TKHXL03.4TCR,SKHXL03.4TCR,SKHXL03.4TCR,1
nonroad,2026,TMVXL03.3EAC,KMVXL03.3EAC,KMVXL03.3EAC,1
nonroad,2022,NFPXL03.4ESD,JFPXL03.4ESD,HFPXL03.4ESD,2
nonroad,2026,TFPXL03.4ASD,PFPXL03.4ASD,HFPXL03.4ASD,3
nonroad,2023,PCEXL23.0AAD,KCEXL23.0AAD,KCEXL23.0AAD,1
nonroad,2025,SFPXL03.4ASD,PFPXL03.4ASD,HFPXL03.4ASD,3
nonroad,2026,TVSXL16.1STV,,TVSXL16.1STV,0
nonroad,2016,GFPXL08.7T4W,,GFPXL08.7T4W,0
nonroad,2026,TCEXL03.8AAH,,TCEXL03.8AAH,0
nonroad,2026,TCEXL12.0AAA,RCEXL12.0AAA,FCEXL12.0AAA,2
nonroad,2026,TCEXL03.8AAC,GCEXL03.8AAC,GCEXL03.8AAC,1
nonroad,2026,TCEXL03.8AAE,KCEXL03.8AAE,KCEXL03.8AAE,1
nonroad,2026,TKBXL.417KCB,DKBXL.416KCB,DKBXL.416KCB,1
nonroad,2026,TPKXL07.0VL1,SPKXL07.0VL1,KPKXL07.0VL1,7
nonroad,2017,HCEXL50.0AAF,,HCEXL50.0AAF,0
nonroad,2012,CDZXL07.8002,,CDZXL07.8002,0
nonroad,2012,CDZXL07.1027,,CDZXL07.1027,0
nonroad,2011,BWXPL0.836HL,,BWXPL0.836HL,0
nonroad,2011,BYNDL2.16AAA,,BYNDL2.16AAA,0
nonroad,2011,BWWBL0.42DHY,,BWWBL0.42DHY,0
nonroad,2011,BWKPL0.436KP,,BWKPL0.436KP,0
nonroad,2011,BSHLL2.16LDE,,BSHLL2.16LDE,0
nonroad,2012,CDZXL05.7011,,CDZXL05.7011,0
nonroad,2012,CDZXL05.7009,,CDZXL05.7009,0
nonroad,2011,BDICL07.6HPA,,BDICL07.6HPA,0
nonroad,2012,CDZXL07.1030,,CDZXL07.1030,0
nonroad,2012,CVPXL16.1CEA,BVPXL16.1CEA,CVPXL16.1CEA,0
nonroad,2012,CDZXL04.1014,,CDZXL04.1014,0
nonroad,2012,CKBXL.276KCB,BKBXL.276KCB,CKBXL.276KCB,0
nonroad,2012,CKBXL02.2FCC,BKBXL02.2FCC,CKBXL02.2FCC,0
nonroad,2012,CKBXL02.2RCB,BKBXL02.2RCB,CKBXL02.2RCB,0
nonroad,2012,CKBXL01.0BCC,BKBXL01.0BCC,CKBXL01.0BCC,0
nonroad,2012,CKBXL01.1BCB,BKBXL01.1BCB,CKBXL01.1BCB,0
nonroad,2012,CKBXL02.6ECD,BKBXL02.6ECD,CKBXL02.6ECD,0
nonroad,2012,CKBXL02.4FAD,BKBXL02.4FAD,CKBXL02.4FAD,0
nonroad,2012,CKBXL02.6EAD,BKBXL02.6EAD,CKBXL02.6EAD,0
nonroad,2012,CMMLL02.7M35,BMMLL02.7M35,CMMLL02.7M35,0
nonroad,2012,CPKXL15.2TA2,BPKXL15.2TA2,CPKXL15.2TA2,0
nonroad,2012,CPKXL15.2TAG,BPKXL15.2TAG,CPKXL15.2TAG,0
nonroad,2012,CNWSL.456AAA,ANWSL.456AAA,CNWSL.456AAA,0
nonroad,2012,CH3XL1.49N3T,BH3XL1.49N3T,CH3XL1.49N3T,0
nonroad,2012,CKMCL3.41D43,,CKMCL3.41D43,0
nonroad,2012,CSHLL1.36DDD,BSHLL1.36DDD,BSHLL1.36DDD,1
nonroad,2012,CZHXL3.17XCD,BZHXL3.17XCD,BZHXL3.17XCD,1
nonroad,2012,CYDXL1.50K3H,BYDXL1.50K3H,CYDXL1.50K3H,0
nonroad,2012,CCEXL04.5AAE,,CCEXL04.5AAE,0
nonroad,2012,CYDXL2.00N4T,BYDXL2.00N4T,CYDXL2.00N4T,0
nonroad,2012,CWWBL0.42DHY,BWWBL0.42DHY,BWWBL0.42DHY,1
nonroad,2012,CFPXL06.7SCB,,CFPXL06.7SCB,0
nonroad,2012,CFPXL08.7TR4,BVEXL08.7TR4,CFPXL08.7TR4,0
nonroad,2012,CMVXL01.0DDD,BMVXL01.0DDD,CMVXL01.0DDD,0
nonroad,2012,CMVXL03.3AAF,BMVXL03.3AAF,CMVXL03.3AAF,0
nonroad,2012,CHZXL.462V40,BHYXL.462V40,CHZXL.462V40,0
nonroad,2012,CHZXL.462C40,BHYXL.462C40,CHZXL.462C40,0
nonroad,2012,CSCLL03.6V74,BSCLL03.6V74,CSCLL03.6V74,0
nonroad,2012,CCEXL060.AAD,BCEXL060.AAD,CCEXL060.AAD,0
nonroad,2012,CFDUL00.743F,BFDUL00.743F,BFDUL00.743F,1
nonroad,2012,CFDUL00.743W,BFDUL00.743W,BFDUL00.743W,1
nonroad,2012,CHZXL.722V90,BHYXL.722V90,CHZXL.722V90,0
nonroad,2012,CHZXL.722C90,BHYXL.722C90,CHZXL.722C90,0
nonroad,2012,CHZXL.997V40,BHYXL.997V40,CHZXL.997V40,0
nonroad,2012,CKHXL2.19CT1,BLBDL2.19CT1,CKHXL2.19CT1,0
nonroad,2012,CLESL2.67AAA,BLESL2.67AAA,BLESL2.67AAA,1
nonroad,2012,CKHXL.95412L,BLBDL.95412L,CKHXL.95412L,0
nonroad,2012,CKHXL.34935D,BLBDL.34935D,CKHXL.34935D,0
nonroad,2012,CICLL1.50C3D,BICLL1.50C3D,CICLL1.50C3D,0
nonroad,2012,CKHXL1.259LD,BLBDL1.259LD,CKHXL1.259LD,0
nonroad,2012,CCEXL15.0AAI,,CCEXL15.0AAI,0
nonroad,2012,CYDXL1.33K3N,BYDXL1.33K3N,CYDXL1.33K3N,0
nonroad,2012,CCSPL.418AAA,,CCSPL.418AAA,0
nonroad,2013,DMMLL02.6N67,,DMMLL02.6N67,0
nonroad,2013,DMMLL02.6N59,,DMMLL02.6N59,0
nonroad,2012,CMVXL37.1BBA,BMVXL37.1BBA,CMVXL37.1BBA,0
nonroad,2012,CYDXL2.19K4N,BYDXL2.19K4N,CYDXL2.19K4N,0
nonroad,2012,CJGHL0.42AAA,,CJGHL0.42AAA,0
nonroad,2013,DCEXL15.0AAK,CCEXL15.0AAK,CCEXL15.0AAK,1
nonroad,2013,DCEXL060.AAD,CCEXL060.AAD,CCEXL060.AAD,1
nonroad,2013,DYDXL1.27NS2,,DYDXL1.27NS2,0
nonroad,2013,DYDXL1.27NS3,,DYDXL1.27NS3,0
nonroad,2013,DCZHL.418NR1,,DCZHL.418NR1,0
nonroad,2013,DKLXL11.0DDA,CKLXL11.0DDA,CKLXL11.0DDA,1
nonroad,2013,DVPXL16.1ACG,CVPXL16.1ACG,CVPXL16.1ACG,1
nonroad,2013,DFPXL10.3TR3,CFPXL10.3TR3,CFPXL10.3TR3,1
nonroad,2013,DJDXL04.5214,,DJDXL04.5214,0
nonroad,2013,DFPXL03.4BPC,,DFPXL03.4BPC,0
nonroad,2013,DFPXL03.4ADD,CFPXL03.4ADD,CFPXL03.4ADD,1
nonroad,2012,CPKXL7.01BL1,BPKXL7.01BL1,CPKXL7.01BL1,0
nonroad,2012,CDZXL02.7096,,CDZXL02.7096,0
nonroad,2013,DDICL07.6HPA,BDICL07.6HPA,BDICL07.6HPA,1
nonroad,2013,DH3XL1.13SLC,CH3XL1.13SLC,CH3XL1.13SLC,1
nonroad,2013,DH3XL1.13SLV,CH3XL1.13SLV,CH3XL1.13SLV,1
nonroad,2013,DH3XL2.22NLT,CH3XL2.22NLT,CH3XL2.22NLT,1
nonroad,2014,EKBXL.719NCB,DKBXL.719NCB,DKBXL.719NCB,1
nonroad,2013,DDZXL02.9021,,DDZXL02.9021,0
nonroad,2013,DYDXL3.05HE1,,DYDXL3.05HE1,0
nonroad,2013,DICLL1.50C3X,,DICLL1.50C3X,0
nonroad,2013,DYDXL2.09TDA,,DYDXL2.09TDA,0
nonroad,2013,DDZXL04.8025,CDZXL04.8025,CDZXL04.8025,1
nonroad,2013,DYDXL1.57TDA,,DYDXL1.57TDA,0
nonroad,2013,DYDXL0.57NXA,,DYDXL0.57NXA,0
nonroad,2013,DYDXL0.99NWA,,DYDXL0.99NWA,0
nonroad,2013,DJDXL04.5141,CJDXL04.5141,CJDXL04.5141,1
nonroad,2013,DHZXL.667V84,,DHZXL.667V84,0
nonroad,2013,DKBXL.898KCB,,DKBXL.898KCB,0
nonroad,2013,DDCLL02.4F7T,,DDCLL02.4F7T,0
nonroad,2013,DMVXL02.2AAA,,DMVXL02.2AAA,0
nonroad,2014,EFPXL04.5DTD,DFPXL04.5DTD,CFPXL04.5DTD,2
nonroad,2014,EFPXL08.7TR3,DFPXL08.7TR3,CFPXL08.7TR3,2
nonroad,2013,DHZXL.347V31,,DHZXL.347V31,0
nonroad,2013,DHZXL.462C40,,DHZXL.462C40,0
nonroad,2013,DJDXL13.5201,CJDXL13.5201,BJDXL13.5201,2
nonroad,2013,DJDXL09.0202,CJDXL09.0202,CJDXL09.0202,1
nonroad,2014,EVPXL12.8BCA,DVPXL12.8BCA,CVPXL12.8BCA,2
nonroad,2013,DJDXL04.5119,CJDXL04.5119,CJDXL04.5119,1
nonroad,2013,DPKXL04.4NM2,CPKXL04.4NM2,CPKXL04.4NM2,1
nonroad,2013,DSZXL03.0MXA,CSZXL03.0MXA,CSZXL03.0MXA,1
nonroad,2013,DCPXL84.7NSA,,DCPXL84.7NSA,0
nonroad,2014,EFPXL03.4BDC,DFPXL03.4BDC,DFPXL03.4BDC,1
nonroad,2013,DKBXL01.5BPD,,DKBXL01.5BPD,0
nonroad,2014,EKBXL.276KCB,DKBXL.276KCB,DKBXL.276KCB,1
nonroad,2013,DKBXL02.4END,,DKBXL02.4END,0
nonroad,2013,DHZXL.280V28,,DHZXL.280V28,0
nonroad,2013,DHZXL.517V52,,DHZXL.517V52,0
nonroad,2014,EKBXL.416KCB,DKBXL.416KCB,DKBXL.416KCB,1
nonroad,2014,ECEXL03.3ACH,,ECEXL03.3ACH,0
nonroad,2014,EKBXL.778KCB,DKBXL.778KCB,DKBXL.778KCB,1
nonroad,2014,EJDXL04.5130,CJDXL04.5130,CJDXL04.5130,1
nonroad,2013,DMMLL03.5N71,,DMMLL03.5N71,0
nonroad,2014,EKLXL060.AAE,DKLXL060.AAE,DKLXL060.AAE,1
nonroad,2013,DLHAL10.5TEC,CLHAL10.5TEC,CLHAL10.5TEC,1
nonroad,2013,DKBXL02.6EKD,,DKBXL02.6EKD,0
nonroad,2013,DKBXL01.5FCC,,DKBXL01.5FCC,0
nonroad,2014,EH3XL.761F2V,DH3XL.761F2V,DH3XL.761F2V,1
nonroad,2014,EKBXL.719KCB,DKBXL.719KCB,DKBXL.719KCB,1
nonroad,2014,EKBXL03.8AMD,CKBXL03.8AMD,CKBXL03.8AMD,1
nonroad,2015,FKBXL.719NCB,EKBXL.719NCB,DKBXL.719NCB,2
nonroad,2014,EKMCL2.28A47,DKMCL2.28A47,DKMCL2.28A47,1
nonroad,2014,EKMCL3.41D43,CKMCL3.41D43,CKMCL3.41D43,1
nonroad,2014,EYDXL2.09TDA,DYDXL2.09TDA,DYDXL2.09TDA,1
nonroad,2013,DDZXL05.7009,,DDZXL05.7009,0
nonroad,2014,ECPXL15.2NZS,DCPXL15.2NZS,CCPXL15.2NZS,2
nonroad,2014,ENFXL03.0DD1,CNFXL03.0DD1,CNFXL03.0DD1,1
nonroad,2014,EMMLL02.7M30,,EMMLL02.7M30,0
nonroad,2014,EDCLL01.8F7T,DDCLL01.8F7T,DDCLL01.8F7T,1
nonroad,2013,DCPXL32.0HXF,CCPXL32.0HXA,CCPXL32.0HXA,1
nonroad,2014,EH3XL1.13SLV,DH3XL1.13SLV,CH3XL1.13SLV,2
nonroad,2014,EH3XL1.49N3V,DH3XL1.49N3V,CH3XL1.49N3V,2
nonroad,2014,EMMLL02.7C38,,EMMLL02.7C38,0
nonroad,2014,EDZXL04.8025,DDZXL04.8025,CDZXL04.8025,2
nonroad,2014,EDZXL07.1031,DDZXL07.1031,CDZXL07.1031,2
nonroad,2014,EDZXL07.1032,DDZXL07.1032,CDZXL07.1032,2
nonroad,2013,DDZXL06.1023,,DDZXL06.1023,0
nonroad,2014,EFPXL03.4BPD,EFPXL03.4BPD,EFPXL03.4BPD,0
nonroad,2013,DDZXL06.1042,,DDZXL06.1042,0
nonroad,2014,EVWXL02.0CPY,DVWXL02.0CPY,DVWXL02.0CPY,1
nonroad,2014,EKHXL2.48ESM,,EKHXL2.48ESM,0
nonroad,2014,EYDXL1.27NS1,DYDXL1.27NS1,DYDXL1.27NS1,1
nonroad,2014,EMMLL02.6T52,,EMMLL02.6T52,0
nonroad,2014,EPKXL7.01BL3,,EPKXL7.01BL3,0
nonroad,2015,FFPXL06.7DGS,EFPXL06.7DGS,CFPXL06.7DGS,3
nonroad,2015,FFPXL12.9IGR,EFPXL12.9IGR,CFPXL12.9IGR,3
nonroad,2014,EJDXL06.8105,DJDXL06.8105,DJDXL06.8105,1
nonroad,2014,EH3XL2.22AB7,,EH3XL2.22AB7,0
nonroad,2015,FKBXL02.6EMD,,FKBXL02.6EMD,0
nonroad,2014,EH3XL2.22AB5,,EH3XL2.22AB5,0
nonroad,2015,FFPXL03.4BPC,EFPXL03.4BPC,DFPXL03.4BPC,2
nonroad,2015,FCPXL15.2NZS,ECPXL15.2NZS,CCPXL15.2NZS,3
nonroad,2015,FLGCL01.9L3C,,FLGCL01.9L3C,0
nonroad,2015,FJDXL04.5119,CJDXL04.5119,CJDXL04.5119,1
nonroad,2015,FJDXL13.5146,EJDXL13.5146,EJDXL13.5146,1
nonroad,2015,FFPXL06.7SDB,EFPXL06.7SDB,EFPXL06.7SDB,1
nonroad,2015,FH3XL1.49N3T,EH3XL1.49N3T,CH3XL1.49N3T,3
nonroad,2015,FH3XL2.22N4L,EH3XL2.22N4L,CH3XL2.22N4L,3
nonroad,2015,FH3XL2.22NLT,EH3XL2.22NLT,CH3XL2.22NLT,3
nonroad,2015,FH3XL2.22TCC,EH3XL2.22TCC,CH3XL2.22TCC,3
nonroad,2015,FSIDL03.3G7B,,FSIDL03.3G7B,0
nonroad,2015,FH3XL2.22AB3,EH3XL2.22AB3,EH3XL2.22AB3,1
nonroad,2014,EKBXL02.4EKC,,EKBXL02.4EKC,0
nonroad,2014,EPKXL04.4ML1,,EPKXL04.4ML1,0
nonroad,2015,FMMLL02.6N62,DMMLL02.6N62,DMMLL02.6N62,1
nonroad,2015,FJDXL04.5211,CJDXL04.5211,CJDXL04.5211,1
nonroad,2015,FKBXL.276KCB,DKBXL.276KCB,DKBXL.276KCB,1
nonroad,2015,FKBXL.416KCB,DKBXL.416KCB,DKBXL.416KCB,1
nonroad,2015,FVPXL16.1ACW,EVPXL16.1ACW,CVPXL16.1ACW,3
nonroad,2015,FKBXL01.0BCC,DKBXL01.0BCC,DKBXL01.0BCC,1
nonroad,2015,FKBXL02.2FCC,CKBXL02.2FCC,CKBXL02.2FCC,1
nonroad,2014,EYDXL2.09HDA,DYDXL2.09HDA,DYDXL2.09HDA,1
nonroad,2015,FKMCL2.28A46,DKMCL2.28A46,DKMCL2.28A46,1
nonroad,2015,FKMCL2.28A47,DKMCL2.28A47,DKMCL2.28A47,1
nonroad,2015,FYDXL1.27NUA,DYDXL1.27NUA,DYDXL1.27NUA,1
nonroad,2014,EH3XL2.22TF4,DH3XL2.22TF4,DH3XL2.22TF4,1
nonroad,2014,EJDXL06.8210,CJDXL06.8210,CJDXL06.8210,1
nonroad,2015,FICLL1.50C3X,EICLL1.50C3X,DICLL1.50C3X,2
nonroad,2015,FDCLL01.4D80,DDCLL01.4D80,BDCLL01.4D80,2
nonroad,2014,EDZXL03.6017,DDZXL03.6017,DDZXL03.6017,1
nonroad,2015,FMBXL10.6RJA,EMBXL10.6RJA,EMBXL10.6RJA,1
nonroad,2015,FHZXL2.57C43,,FHZXL2.57C43,0
nonroad,2015,FH3XL2.22AB5,EH3XL2.22AB5,EH3XL2.22AB5,1
nonroad,2016,GFPXL04.5LBH,,GFPXL04.5LBH,0
nonroad,2015,FKHXL3.36TCR,,FKHXL3.36TCR,0
nonroad,2015,FYDXL0.99NS1,DYDXL0.99NS1,DYDXL0.99NS1,1
nonroad,2016,GMVXL02.5DAA,8MVXL02.5GGG,GMVXL02.5DAA,0
nonroad,2015,FDZXL04.8025,EDZXL04.8025,CDZXL04.8025,3
nonroad,2016,GFPXL03.4BDD,FFPXL03.4BDD,DFPXL03.4BDD,3
nonroad,2015,FDICL01.8LEA,,FDICL01.8LEA,0
nonroad,2015,FH3XL2.22TF4,EH3XL2.22TF4,DH3XL2.22TF4,2
nonroad,2016,GJDXL09.0114,CJDXL09.0114,CJDXL09.0114,1
nonroad,2016,GCPXL18.1NYS,FCPXL18.1NYS,CCPXL18.1NYS,4
nonroad,2015,FDICL03.4LEB,,FDICL03.4LEB,0
nonroad,2015,FYDXL1.27NS4,DYDXL1.27NS4,DYDXL1.27NS4,1
nonroad,2016,GFPXL03.4BPD,FFPXL03.4BPD,EFPXL03.4BPD,2
nonroad,2016,GMVXL24.5BBA,9MVXL24.5BBA,GMVXL24.5BBA,0
nonroad,2016,GMVXL49.0BBA,7MVXL49.0BBA,GMVXL49.0BBA,0
nonroad,2016,GKBXL.325NCB,DKBXL.325NCB,DKBXL.325NCB,1
nonroad,2015,FJCBL04.4S09,,FJCBL04.4S09,0
nonroad,2016,GKBXL01.3DCB,DKBXL01.3DCB,DKBXL01.3DCB,1
nonroad,2016,GH3XL.507E2C,FH3XL.507E2C,CH3XL.507E2C,4
nonroad,2016,GH3XL1.13LCS,FH3XL1.13LCS,CH3XL1.13LCS,4
nonroad,2016,GKBXL02.4EMC,FKBXL02.4EMC,FKBXL02.4EMC,1
nonroad,2016,GKBXL03.3EMD,FKBXL03.3EMD,FKBXL03.3EMD,1
nonroad,2016,GKBXL03.3BCC,CKBXL03.3BCC,CKBXL03.3BCC,1
nonroad,2016,GH3XL2.224LC,FH3XL2.224LC,CH3XL2.224LC,4
nonroad,2015,FJDXL06.8204,CJDXL06.8204,CJDXL06.8204,1
nonroad,2016,GKHXL1.259LD,FKHXL1.259LD,EKHXL1.259LD,2
nonroad,2016,GKHXL1.86DIM,FKHXL1.86DIM,EKHXL1.86DIM,2
nonroad,2016,GMMLL03.5N71,FMMLL03.5N71,DMMLL03.5N71,2
nonroad,2017,HKBXL01.1DCB,DKBXL01.1DCB,DKBXL01.1DCB,1
nonroad,2015,FVPXL10.8CJA,,FVPXL10.8CJA,0
nonroad,2016,GYDXL1.27NS2,DYDXL1.27NS2,DYDXL1.27NS2,1
nonroad,2015,FH3XL2.22NFV,EH3XL2.22NFV,DH3XL2.22NFV,2
nonroad,2015,FJDXL09.0301,EJDXL09.0301,EJDXL09.0301,1
nonroad,2016,GH3XL2.22AB2,FH3XL2.22AB2,EH3XL2.22AB2,2
nonroad,2016,GYDXL2.00L4T,CYDXL2.00N4T,CYDXL2.00N4T,1
nonroad,2015,FDZXL05.7053,,FDZXL05.7053,0
nonroad,2015,FDZXL06.1050,,FDZXL06.1050,0
nonroad,2016,GJDXL04.5211,CJDXL04.5211,CJDXL04.5211,1
nonroad,2016,GDZXL04.8025,FDZXL04.8025,CDZXL04.8025,4
nonroad,2016,GDZXL07.1026,FDZXL07.1026,CDZXL07.1026,4
nonroad,2016,GVPXL12.8CJA,,GVPXL12.8CJA,0
nonroad,2016,GVPXL16.1CDC,FVPXL16.1CDC,FVPXL16.1CDC,1
nonroad,2017,HFPXL04.5DTD,GFPXL04.5DTD,CFPXL04.5DTD,5
nonroad,2017,HYDXL1.11S3N,CYDXL1.11U3N,CYDXL1.11U3N,1
nonroad,2016,GYDXL1.64NDA,DYDXL1.64NDA,DYDXL1.64NDA,1
nonroad,2014,ESZXL05.2MXA,CSZXL05.2MXA,CSZXL05.2MXA,1
nonroad,2013,DSZXL15.7LXA,CSZXL15.7LXA,CSZXL15.7LXA,1
nonroad,2016,GJDXL06.8204,CJDXL06.8204,CJDXL06.8204,1
nonroad,2017,HYDXL3.05HEA,DYDXL3.05HE1,DYDXL3.05HE1,1
nonroad,2016,GHZXL.722M90,,GHZXL.722M90,0
nonroad,2017,HCPXL15.2NZS,GCPXL15.2NZS,CCPXL15.2NZS,5
nonroad,2017,HCPXL27.0NZS,GCPXL27.0NZS,CCPXL27.0NZS,5
nonroad,2017,HYDXL1.27NWB,,HYDXL1.27NWB,0
nonroad,2017,HJDXL06.8120,CJDXL06.8120,CJDXL06.8120,1
nonroad,2017,HYDXL2.19NFA,DYDXL2.19NFA,DYDXL2.19NFA,1
nonroad,2017,HMVXL24.5BBA,9MVXL24.5BBA,HMVXL24.5BBA,0
nonroad,2017,HMVXL33.9BBA,8MVXL33.9BBA,HMVXL33.9BBA,0
nonroad,2016,GYDXL2.19NDA,,GYDXL2.19NDA,0
nonroad,2017,HMVXL49.0BBA,7MVXL49.0BBA,HMVXL49.0BBA,0
nonroad,2016,GDICL03.4LEB,FDICL03.4LEB,FDICL03.4LEB,1
nonroad,2016,GVPXL16.1BEA,FVPXL16.1BEA,FVPXL16.1BEA,1
nonroad,2015,FFPXL12.9TDS,,FFPXL12.9TDS,0
nonroad,2014,EFPXL11.1T4W,,EFPXL11.1T4W,0
nonroad,2017,HPKXL04.4NR2,GPKXL04.4NR2,FPKXL04.4NR2,2
nonroad,2015,FFPXL04.5SCB,,FFPXL04.5SCB,0
nonroad,2017,HPKXL06.6BK1,GPKXL06.6BK1,FPKXL06.6BK1,2
nonroad,2017,HPKXL7.01BL1,GPKXL7.01BL1,FPKXL7.01BL1,2
nonroad,2017,HMMLL02.6M62,,HMMLL02.6M62,0
nonroad,2017,HYDXL0.99NS2,DYDXL0.99NS2,DYDXL0.99NS2,1
nonroad,2017,HYDXL1.27NS2,DYDXL1.27NS2,DYDXL1.27NS2,1
nonroad,2017,HYDXL1.64NGA,EYDXL1.64NGA,EYDXL1.64NGA,1
nonroad,2016,GKLXL23.2FDC,,GKLXL23.2FDC,0
nonroad,2017,HVPXL16.1BEA,GVPXL16.1BEA,FVPXL16.1BEA,2
nonroad,2017,HYDXL1.64NMA,DYDXL1.64NMA,DYDXL1.64NMA,1
nonroad,2016,GFPXL03.4ESD,,GFPXL03.4ESD,0
nonroad,2017,HKBXL01.3DCC,DKBXL01.3DCC,DKBXL01.3DCC,1
nonroad,2016,GH3XL1.13F2C,FH3XL1.13F2C,DH3XL1.13F2C,3
nonroad,2017,HKMCL1.72A31,FKMCL1.72A31,FKMCL1.72A31,1
nonroad,2016,GVSXL10.8T4F,,GVSXL10.8T4F,0
nonroad,2018,JKBXL.719NCB,EKBXL.719NCB,DKBXL.719NCB,2
nonroad,2017,HMMLL02.6M73,,HMMLL02.6M73,0
nonroad,2016,GYDXL1.27NPA,DYDXL1.27NPA,DYDXL1.27NPA,1
nonroad,2017,HICLL1.50C3X,GICLL1.50C3X,DICLL1.50C3X,4
nonroad,2016,GCPXL78.1NZS,FCPXL78.1NZS,CCPXL78.1NZS,4
nonroad,2017,HCKPL0.42AAA,GCKPL0.42AAA,GCKPL0.42AAA,1
nonroad,2016,GH3XL1.49TFV,GH3XL1.49TFV,GH3XL1.49TFV,0
nonroad,2017,HSZXL03.0MXC,CSZXL03.0MXA,CSZXL03.0MXA,1
nonroad,2017,HKHXL.442155,GKHXL.442155,DKHXL.442155,4
nonroad,2017,HKHXL2.48EST,GKHXL2.48EST,FKHXL2.48EST,2
nonroad,2017,HFPXL03.4BDC,GFPXL03.4BDC,DFPXL03.4BDC,4
nonroad,2017,HDZXL07.8047,GDZXL07.8047,GDZXL07.8047,1
nonroad,2017,HFPXL03.4CDC,GFPXL03.4CDC,DFPXL03.4CDC,4
nonroad,2017,HDZXL02.9034,GDZXL02.9034,GDZXL02.9034,1
nonroad,2017,HMVXL03.3EAA,HMVXL03.3EAA,HMVXL03.3EAA,0
nonroad,2017,HPKXL04.4NM1,GPKXL04.4NM1,CPKXL04.4NM1,5
nonroad,2017,HKBXL02.6GND,DKBXL02.6GND,DKBXL02.6GND,1
nonroad,2017,HDICL02.4LEB,GDICL02.4LEB,FDICL02.4LEB,2
nonroad,2018,JFPXL04.5DTD,,JFPXL04.5DTD,0
nonroad,2017,HMMLL02.6C53,,HMMLL02.6C53,0
nonroad,2018,JFPXL10.3TR3,,JFPXL10.3TR3,0
nonroad,2017,HYDXL2.19NDA,DYDXL2.19NDA,DYDXL2.19NDA,1
nonroad,2017,HDZXL06.1061,GDZXL06.1061,FDZXL06.1061,2
nonroad,2017,HFPXL03.4CDD,HFPXL03.4CDD,HFPXL03.4CDD,0
nonroad,2017,HJDXL09.0301,EJDXL09.0301,EJDXL09.0301,1
nonroad,2017,HJDXL04.5304,EJDXL04.5304,EJDXL04.5304,1
nonroad,2017,HJDXL13.5300,EJDXL13.5300,EJDXL13.5300,1
nonroad,2018,JFPXL08.7TR3,HFPXL08.7TR3,HFPXL08.7TR3,1
nonroad,2017,HSIDL09.8H6C,,HSIDL09.8H6C,0
nonroad,2017,HVPXL16.1ACW,GVPXL16.1ACW,CVPXL16.1ACW,5
nonroad,2018,JNFXL03.0DD2,HNFXL03.0DD2,FNFXL03.0DD2,3
nonroad,2017,HMMLL03.5N95,,HMMLL03.5N95,0
nonroad,2018,JYDXL1.27NUA,DYDXL1.27NUA,DYDXL1.27NUA,1
nonroad,2018,JYDXL0.57NUA,DYDXL0.57NUA,DYDXL0.57NUA,1
nonroad,2018,JYDXL0.32H1N,FYDXL0.32H1N,FYDXL0.32H1N,1
nonroad,2019,KYDXL2.09NFA,DYDXL2.09NFA,DYDXL2.09NFA,1
nonroad,2017,HH3XL1.13F2V,FH3XL1.13F2V,DH3XL1.13F2V,3
nonroad,2017,HKBXL.719KCB,DKBXL.719KCB,DKBXL.719KCB,1
nonroad,2017,HKBXL02.4EMD,FKBXL02.4EMD,FKBXL02.4EMD,1
nonroad,2018,JKBXL02.2RCB,DKBXL02.2RCB,DKBXL02.2RCB,1
nonroad,2018,JKHXL.442ACF,,JKHXL.442ACF,0
nonroad,2018,JYDXL1.11S3N,CYDXL1.11U3N,CYDXL1.11U3N,1
nonroad,2017,HYDXL3.32TDA,,HYDXL3.32TDA,0
nonroad,2018,JYDXL3.32S4N,CYDXL3.32C4N,CYDXL3.32C4N,1
nonroad,2018,JYDXL3.32S4T,CYDXL3.32C4T,CYDXL3.32C4T,1
nonroad,2017,HDZXL06.1050,,HDZXL06.1050,0
nonroad,2017,HKLXL15.2EDC,,HKLXL15.2EDC,0
nonroad,2018,JDCLL01.0D75,DDCLL01.0D75,BDCLL01.0D75,2
nonroad,2018,JKBXL.416KCB,DKBXL.416KCB,DKBXL.416KCB,1
nonroad,2018,JKBXL.898KCC,,JKBXL.898KCC,0
nonroad,2018,JKBXL02.4EKC,EKBXL02.4EKC,EKBXL02.4EKC,1
nonroad,2018,JKBXL02.4GMD,HKBXL02.4GMD,HKBXL02.4GMD,1
nonroad,2018,JMMLL03.5N95,HMMLL03.5N95,HMMLL03.5N95,1
nonroad,2017,HH3XL2.22TD7,GH3XL2.22TD7,GH3XL2.22TD7,1
nonroad,2018,JH3XL.761F1C,HH3XL.761F1C,DH3XL.507F1C,4
nonroad,2018,JDZXL03.6063,HDZXL03.6063,FDZXL03.6063,3
nonroad,2017,HCPXL18.1HTH,GCPXL18.1HTH,GCPXL18.1HTH,1
nonroad,2017,HH3XL2.22F2V,,HH3XL2.22F2V,0
nonroad,2017,HH3XL2.22TIC,GH3XL2.22TIC,CH3XL2.22TIC,5
nonroad,2019,KMMLL02.6C52,,KMMLL02.6C52,0
nonroad,2018,JVSXL16.1T4F,,JVSXL16.1T4F,0
nonroad,2018,JDCLL01.8F7D,FDCLL01.8F7D,FDCLL01.8F7D,1
nonroad,2018,JDCLL02.4FTG,,JDCLL02.4FTG,0
nonroad,2018,JDCLL02.4F7T,,JDCLL02.4F7T,0
nonroad,2019,KHZXL.347C31,JHZXL.347C31,JHZXL.347C31,1
nonroad,2018,JYDXL1.27NSA,DYDXL1.27NS1,DYDXL1.27NS1,1
nonroad,2019,KFPXL04.5DTD,JFPXL04.5DTD,JFPXL04.5DTD,1
nonroad,2019,KKBXL01.8E1D,,KKBXL01.8E1D,0
nonroad,2019,KSZXL02.2PXB,ESZXL02.2PXB,ESZXL02.2PXB,1
nonroad,2019,KSZXL03.0PTA,DSZXL03.0PTA,DSZXL03.0PTA,1
nonroad,2018,JJDXL09.0313,GJDXL09.0313,GJDXL09.0313,1
nonroad,2019,KH3XL2.22NLT,JH3XL2.22NLT,CH3XL2.22NLT,7
nonroad,2019,KH3XL1.13LCS,JH3XL1.13LCS,CH3XL1.13LCS,7
nonroad,2019,KPKXL06.6BK1,JPKXL06.6BK1,FPKXL06.6BK1,4
nonroad,2019,KCPXL15.2NZS,JCPXL15.2NZS,CCPXL15.2NZS,7
nonroad,2019,KH3XL1.49F2C,JH3XL1.49F2C,DH3XL1.49F2C,4
nonroad,2019,KYDXL0.57NUA,DYDXL0.57NUA,DYDXL0.57NUA,1
nonroad,2019,KYDXL0.99NS4,DYDXL0.99NS4,DYDXL0.99NS4,1
nonroad,2019,KYDXL0.99NSB,DYDXL0.99NS1,DYDXL0.99NS1,1
nonroad,2019,KYDXL0.99NUA,DYDXL0.99NUA,DYDXL0.99NUA,1
nonroad,2019,KFPXL03.4CSD,JFPXL03.4CSD,JFPXL03.4CSD,1
nonroad,2019,KJDXL13.5300,EJDXL13.5300,EJDXL13.5300,1
nonroad,2019,KMVXL02.2EAA,DMVXL02.2AAA,DMVXL02.2AAA,1
nonroad,2020,LYDXL1.27NWB,HYDXL1.27NWB,HYDXL1.27NWB,1
nonroad,2019,KYDXL1.27NS2,DYDXL1.27NS2,DYDXL1.27NS2,1
nonroad,2019,KMDDL35.8GRR,7MDDL35.8GRR,KMDDL35.8GRR,0
nonroad,2018,JFPXL12.9TDS,HFPXL12.9TDS,HFPXL12.9TDS,1
nonroad,2019,KTIEL03.01KD,JTIEL03.01KD,ETIEL03.01KD,5
nonroad,2018,JYDXL1.57TDA,HYDXL1.57TDA,HYDXL1.57TDA,1
nonroad,2019,KMBXL15.6RJA,,KMBXL15.6RJA,0
nonroad,2020,LYDXL2.19NFA,DYDXL2.19NFA,DYDXL2.19NFA,1
nonroad,2019,KKBXL.898KCC,JKBXL.898KCC,JKBXL.898KCC,1
nonroad,2019,KMDDL21.0XWM,FMDDL21.0XWM,FMDDL21.0XWM,1
nonroad,2019,KKBXL01.3DCB,DKBXL01.3DCB,DKBXL01.3DCB,1
nonroad,2019,KKBXL.719KCB,DKBXL.719KCB,DKBXL.719KCB,1
nonroad,2019,KKBXL02.4EMC,FKBXL02.4EMC,FKBXL02.4EMC,1
nonroad,2019,KKBXL02.4GND,DKBXL02.4GND,DKBXL02.4GND,1
nonroad,2019,KKBXL03.3EKD,DKBXL03.3EKD,DKBXL03.3EKD,1
nonroad,2019,KKBXL02.6EMD,FKBXL02.6EMD,FKBXL02.6EMD,1
nonroad,2019,KMMLL02.7C42,EMMLL02.7C42,EMMLL02.7C42,1
nonroad,2019,KMMLL02.7NEF,DMMLL02.7NEF,DMMLL02.7NEF,1
nonroad,2019,KMMLL02.1E35,,KMMLL02.1E35,0
nonroad,2018,JYDXL2.19NDA,DYDXL2.19NDA,DYDXL2.19NDA,1
nonroad,2019,KYDXL3.32S4N,CYDXL3.32C4N,CYDXL3.32C4N,1
nonroad,2018,JCPXL18.1HTH,HCPXL18.1HTH,GCPXL18.1HTH,2
nonroad,2019,KDZXL06.1050,JDZXL06.1050,JDZXL06.1050,1
nonroad,2018,JSZXL02.2ZTB,ESZXL02.2ZTB,ESZXL02.2ZTB,1
nonroad,2014,ESZXL03.0PTA,DSZXL03.0PTA,DSZXL03.0PTA,1
nonroad,2019,KJDXL13.5314,GJDXL13.5314,GJDXL13.5314,1
nonroad,2020,LMVXL0.64EBA,,LMVXL0.64EBA,0
nonroad,2019,KKHXL3.36TCR,JKHXL3.36TCR,FKHXL3.36TCR,4
nonroad,2019,KDZXL07.8047,,KDZXL07.8047,0
nonroad,2019,KFTGL02.2R3C,GFTGL02.2R3C,GFTGL02.2R3C,1
nonroad,2019,KFPXL15.9T4D,JFPXL15.9T4D,HFPXL15.9T4D,2
nonroad,2019,KVSXL16.1HPE,JVSXL16.1HPE,JVSXL16.1HPE,1
nonroad,2020,LMVXL01.8EDB,GMVXL01.3EDB,GMVXL01.3EDB,1
nonroad,2019,KFPXL08.7TR3,JFPXL08.7TR3,HFPXL08.7TR3,2
nonroad,2020,LYDXL1.27NPB,,LYDXL1.27NPB,0
nonroad,2020,LYDXL1.27NS4,DYDXL1.27NS4,DYDXL1.27NS4,1
nonroad,2020,LYDXL0.99NS2,DYDXL0.99NS2,DYDXL0.99NS2,1
nonroad,2020,LYDXL0.99NS4,DYDXL0.99NS4,DYDXL0.99NS4,1
nonroad,2019,KDICL03.4LEB,JDICL03.4LEB,FDICL03.4LEB,4
nonroad,2020,LFPXL03.4CDC,HFPXL03.4CDC,DFPXL03.4CDC,5
nonroad,2020,LFPXL03.4ADD,JFPXL03.4ADD,HFPXL03.4ADD,2
nonroad,2019,KKMCL1.72A32,FKMCL1.72A32,FKMCL1.72A32,1
nonroad,2019,KSZXL02.2ZTA,FSZXL02.2ZTA,FSZXL02.2ZTA,1
nonroad,2015,FSZXL02.2ZTA,,FSZXL02.2ZTA,0
nonroad,2019,KDCLL01.8HNV,,KDCLL01.8HNV,0
nonroad,2020,LKBXL01.0BCC,DKBXL01.0BCC,DKBXL01.0BCC,1
nonroad,2020,LKBXL01.5DPD,KKBXL01.5DPD,KKBXL01.5DPD,1
nonroad,2020,LKBXL02.4EKC,EKBXL02.4EKC,EKBXL02.4EKC,1
nonroad,2020,LKBXL02.6EMD,FKBXL02.6EMD,FKBXL02.6EMD,1
nonroad,2020,LKBXL02.6END,DKBXL02.6END,DKBXL02.6END,1
nonroad,2020,LVPXL16.1ACG,KVPXL16.1ACG,KVPXL16.1ACG,1
nonroad,2020,LVPXL16.1ADA,KVPXL16.1ADA,KVPXL16.1ADA,1
nonroad,2020,LMNBL12.4OR4,HMNBL12.4OR4,GMNBL12.4OR4,2
nonroad,2020,LYDXL1.64S3N,CYDXL1.64M3N,CYDXL1.64M3N,1
nonroad,2019,KPKXL04.4MW1,JPKXL04.4MW1,FPKXL04.4MW1,4
nonroad,2020,LMMLL02.6M73,HMMLL02.6M73,HMMLL02.6M73,1
nonroad,2020,LHZXL1.95V50,GHZXL1.95V50,FHZXL1.95V50,2
nonroad,2021,MYDXL1.27NWB,HYDXL1.27NWB,HYDXL1.27NWB,1
nonroad,2020,LH3XL.507F1V,KH3XL.507F1V,JH3XL.507F1V,2
nonroad,2020,LH3XL.761F1C,KH3XL.761F1C,DH3XL.507F1C,6
nonroad,2020,LH3XL.761F2V,KH3XL.761F2V,HH3XL.761F2V,3
nonroad,2020,LH3XL1.66JTV,KH3XL1.66JTV,JH3XL1.66JTV,2
nonroad,2020,LH3XL1.49FTV,KH3XL1.49FTV,FH3XL1.49FTV,3
nonroad,2020,LH3XL1.66J2V,KH3XL1.66J2V,KH3XL1.66J2V,1
nonroad,2019,KMNBL15.3OR4,,KMNBL15.3OR4,0
nonroad,2020,LFTGL02.2R3N,GFTGL02.2R3N,FFTGL02.2R3N,2
nonroad,2020,LSCLL03.6R74,KSCLL03.6R74,KSCLL03.6R74,1
nonroad,2020,LKLXL23.2FDC,JKLXL23.2FDC,JKLXL23.2FDC,1
nonroad,2020,LMMLL02.7D45,DMMLL02.7M40,DMMLL02.7M40,1
nonroad,2020,LYDXL3.32TDA,HYDXL3.32TDA,HYDXL3.32TDA,1
nonroad,2020,LDZXL04.8025,KDZXL04.8025,CDZXL04.8025,7
nonroad,2020,LDZXL06.1049,JDZXL06.1049,FDZXL06.1049,4
nonroad,2020,LKHXL.442ACF,,LKHXL.442ACF,0
nonroad,2020,LKHXL3.36TCR,,LKHXL3.36TCR,0
nonroad,2019,KTTVL02.9WMS,,KTTVL02.9WMS,0
nonroad,2020,LKMCL1.72A34,,LKMCL1.72A34,0
nonroad,2021,MKBXL01.5DCB,DKBXL01.1DCB,DKBXL01.1DCB,1
nonroad,2020,LDZXL04.1015,JDZXL04.1015,JDZXL04.1015,1
nonroad,2020,LPKXL2.22NLT,,LPKXL2.22NLT,0
nonroad,2020,LPKXL1.13LCS,,LPKXL1.13LCS,0
nonroad,2020,LKMCL2.29A48,FKMCL2.29A48,FKMCL2.29A48,1
nonroad,2020,LVPXL10.8CJA,,LVPXL10.8CJA,0
nonroad,2020,LCEXL08.9AAK,ECEXL08.9AAK,ECEXL08.9AAK,1
nonroad,2020,LPKXL04.4MW1,KPKXL04.4MW1,FPKXL04.4MW1,5
nonroad,2021,MFPXL10.3TR3,JFPXL10.3TR3,JFPXL10.3TR3,1
nonroad,2020,LJDXL13.5300,EJDXL13.5300,EJDXL13.5300,1
nonroad,2020,LJDXL13.5310,FJDXL13.5310,FJDXL13.5310,1
nonroad,2020,LCPXL58.6NXV,,LCPXL58.6NXV,0
nonroad,2021,MMVXL0.64EBA,LMVXL0.64EBA,LMVXL0.64EBA,1
nonroad,2021,MMVXL01.8EBA,GMVXL01.3EBA,GMVXL01.3EBA,1
nonroad,2021,MHZXL.347V32,,MHZXL.347V32,0
nonroad,2020,LKBXL02.6E1D,KKBXL02.6E1D,KKBXL02.6E1D,1
nonroad,2020,LPKXL07.0VM1,KPKXL07.0VM1,KPKXL07.0VM1,1
nonroad,2021,MCPXL09.3HPA,LCPXL09.3HPA,JCPXL09.3HPA,3
nonroad,2020,LDICL07.6LEA,KDICL07.6LEA,GDICL07.6LEA,4
nonroad,2020,LY9XL12.7DAA,KY9XL12.7DAA,KY9XL12.7DAA,1
nonroad,2021,MJDXL04.5316,JJDXL04.5316,JJDXL04.5316,1
nonroad,2021,MCPXL58.6NXV,LCPXL58.6NXV,LCPXL58.6NXV,1
nonroad,2017,HCEXL08.9AAK,ECEXL08.9AAK,ECEXL08.9AAK,1
nonroad,2021,MLGCL01.9L3T,JLGCL01.9L3T,FLGCL01.9L3T,3
nonroad,2017,HCEXL019.AAD,DCEXL019.AAD,DCEXL019.AAD,1
nonroad,2021,MPKXL02.0N84,LPKXL2.00N84,LPKXL2.00N84,1
nonroad,2021,MPKXL04.4NR2,LPKXL04.4NR2,FPKXL04.4NR2,6
nonroad,2021,MPKXL04.4NM1,LPKXL04.4NM1,CPKXL04.4NM1,9
nonroad,2021,MPKXL01.5N3C,LPKXL1.49N3C,LPKXL1.49N3C,1
nonroad,2021,MPKXL02.2F2V,LPKXL2.22F2V,LPKXL2.22F2V,1
nonroad,2021,MPKXL01.7JTV,LPKXL1.66JTV,LPKXL1.66JTV,1
nonroad,2021,MPKXL01.7J2V,LPKXL1.66J2V,LPKXL1.66J2V,1
nonroad,2021,MPKXL01.5FTV,LPKXL1.49FTV,LPKXL1.49FTV,1
nonroad,2021,MKBXL.276KCB,DKBXL.276KCB,DKBXL.276KCB,1
nonroad,2020,LCPXL58.6HXZ,,LCPXL58.6HXZ,0
nonroad,2016,GCEXL050.AAD,FCEXL050.AAD,FCEXL050.AAD,1
nonroad,2021,MYDXL03.3TDA,HYDXL3.32TDA,HYDXL3.32TDA,1
nonroad,2020,LKLXL06.7AAM,HKLXL06.7AAM,HKLXL06.7AAM,1
nonroad,2021,MKBXL01.5BCC,DKBXL01.5BCC,DKBXL01.5BCC,1
nonroad,2021,MYDXL02.1TGA,HYDXL2.09TGA,HYDXL2.09TGA,1
nonroad,2021,MKBXL01.5DPD,KKBXL01.5DPD,KKBXL01.5DPD,1
nonroad,2022,NYDXL.993NWB,HYDXL0.99NWB,HYDXL0.99NWB,1
nonroad,2021,MKBXL02.6E2D,KKBXL02.6E2D,KKBXL02.6E2D,1
nonroad,2021,MKBXL02.6E3D,KKBXL02.6E3D,KKBXL02.6E3D,1
nonroad,2020,LPKXL02.8FL1,,LPKXL02.8FL1,0
nonroad,2021,MKBXL03.8AAC,GKBXL03.8AAC,GKBXL03.8AAC,1
nonroad,2020,LJCBL04.4TAE,KJCBL04.4TAE,KJCBL04.4TAE,1
nonroad,2020,LPKXL2.22IW1,,LPKXL2.22IW1,0
nonroad,2021,MTIEL01.81ZS,LTIEL01.81ZS,ETIEL01.81ZS,7
nonroad,2020,LVSXL10.8STV,,LVSXL10.8STV,0
nonroad,2021,MFGXL3.85E0V,JFGXL3.85E0V,JFGXL3.85E0V,1
nonroad,2021,MPKXL04.4MT1,LPKXL04.4MT1,FPKXL04.4MT1,6
nonroad,2021,MJDXL09.0319,LJDXL09.0319,LJDXL09.0319,1
nonroad,2022,NFPXL06.7DGS,JFPXL06.7DGS,JFPXL06.7DGS,1
nonroad,2022,NFPXL04.5DTD,JFPXL04.5DTD,JFPXL04.5DTD,1
nonroad,2021,MLHAL08.0SWC,,MLHAL08.0SWC,0
nonroad,2021,MLHAL10.5SWC,,MLHAL10.5SWC,0
nonroad,2020,LVPXL12.8CJA,,LVPXL12.8CJA,0
nonroad,2022,NKHXL03.4TCR,MKHXL03.4TCR,MKHXL03.4TCR,1
nonroad,2021,MPKXL03.6FW1,LPKXL03.6FW1,LPKXL03.6FW1,1
nonroad,2021,MDCLL02.4HTV,LDCLL02.4HTV,LDCLL02.4HTV,1
nonroad,2022,NFPXL08.7CLA,JFPXL08.7CLA,HFPXL08.7CLA,2
nonroad,2022,NKBXL.778KCB,DKBXL.778KCB,DKBXL.778KCB,1
nonroad,2021,MPKXL01.1IZ1,,MPKXL01.1IZ1,0
nonroad,2022,NHZXL1.95V51,LHZXL1.95V51,LHZXL1.95V51,1
nonroad,2022,NYDXL01.3NS1,DYDXL1.27NS1,DYDXL1.27NS1,1
nonroad,2022,NYDXL01.3NS3,DYDXL1.27NS3,DYDXL1.27NS3,1
nonroad,2021,MFTGL02.2R3N,GFTGL02.2R3N,FFTGL02.2R3N,2
nonroad,2021,MVPXL12.8CJA,,MVPXL12.8CJA,0
nonroad,2021,MLHAL12.0SQC,ELHAL12.0SQC,ELHAL12.0SQC,1
nonroad,2022,NMVXL03.3EAB,MMVXL03.3EAB,MMVXL03.3EAB,1
nonroad,2022,NJDXL09.0319,LJDXL09.0319,LJDXL09.0319,1
nonroad,2022,NJDXL13.5320,MJDXL13.5320,MJDXL13.5320,1
nonroad,2021,MMVXL02.5DAA,8MVXL02.5GGG,MMVXL02.5DAA,0
nonroad,2022,NYDXL02.0S4T,CYDXL2.00J4T,CYDXL2.00J4T,1
nonroad,2021,MCPXL78.1NSF,LCPXL78.1NSF,FCPXL78.1NSF,6
nonroad,2016,GCEXL030.AAD,CCEXL030.AAD,CCEXL030.AAD,1
nonroad,2022,NKBXL02.4GND,DKBXL02.4GND,DKBXL02.4GND,1
nonroad,2022,NKBXL02.4END,DKBXL02.4END,DKBXL02.4END,1
nonroad,2022,NYDXL03.3TKA,JYDXL3.32TKA,JYDXL3.32TKA,1
nonroad,2022,NCEXL13.0AAA,ECEXL13.0AAA,ECEXL13.0AAA,1
nonroad,2022,NSZXL02.2PXB,ESZXL02.2PXB,ESZXL02.2PXB,1
nonroad,2022,NSZXL02.2ZTA,FSZXL02.2ZTA,FSZXL02.2ZTA,1
nonroad,2022,NSZXL02.2ZTB,ESZXL02.2ZTB,ESZXL02.2ZTB,1
nonroad,2022,NKBXL02.6EMD,FKBXL02.6EMD,FKBXL02.6EMD,1
nonroad,2022,NKBXL03.3EMD,FKBXL03.3EMD,FKBXL03.3EMD,1
nonroad,2022,NYDXL01.3NS2,DYDXL1.27NS2,DYDXL1.27NS2,1
nonroad,2022,NYDXL03.3NGA,HYDXL3.32NGA,HYDXL3.32NGA,1
nonroad,2021,MDICL02.4LEB,LDICL02.4LEB,FDICL02.4LEB,6
nonroad,2021,MWEHL52.3EMS,,MWEHL52.3EMS,0
nonroad,2022,NPKXL02.2F2V,MPKXL02.2F2V,LPKXL2.22F2V,2
nonroad,2022,NKMCL2.28A46,DKMCL2.28A46,DKMCL2.28A46,1
nonroad,2022,NKMCL2.29A48,FKMCL2.29A48,FKMCL2.29A48,1
nonroad,2022,NKMCL2.39A45,BKMCL2.39A45,BKMCL2.39A45,1
nonroad,2022,NYDXL02.1TGA,HYDXL2.09TGA,HYDXL2.09TGA,1
nonroad,2022,NPKXL02.0N84,MPKXL02.0N84,LPKXL2.00N84,2
nonroad,2022,NKBXL02.2FCC,CKBXL02.2FCC,CKBXL02.2FCC,1
nonroad,2022,NKBXL03.6BAC,GKBXL03.6BAC,GKBXL03.6BAC,1
nonroad,2022,NSZXL02.2VTK,HSZXL02.2VTK,HSZXL02.2VTK,1
nonroad,2021,MCPXL58.6HXG,LCPXL58.6HXG,JCPXL58.6HXG,3
nonroad,2022,NMMLL02.7D45,DMMLL02.7M40,DMMLL02.7M40,1
nonroad,2021,MDZXL06.1059,,MDZXL06.1059,0
nonroad,2021,MDZXL03.6063,,MDZXL03.6063,0
nonroad,2022,NMVXL37.1BBA,7MVXL37.1BBA,NMVXL37.1BBA,0
nonroad,2021,MKLXL15.2EDC,EKLXL15.2EDC,EKLXL15.2EDC,1
nonroad,2022,NDZXL02.2114,MDZXL02.2114,MDZXL02.2114,1
nonroad,2022,NSIDL09.8H6C,MSIDL09.8H6C,LSIDL09.8H6C,2
nonroad,2022,NDZXL07.1031,MDZXL07.1031,CDZXL07.1031,9
nonroad,2022,NKOEL3.24TAX,JKOEL3.24TAX,JKOEL3.24TAX,1
nonroad,2022,NCPXL58.6HXS,MCPXL58.6HXS,LCPXL58.6HXS,2
nonroad,2022,NKOEL1.09NAX,,NKOEL1.09NAX,0
nonroad,2022,NFPXL11.1FR1,,NFPXL11.1FR1,0
nonroad,2023,PKBXL.898KFB,,PKBXL.898KFB,0
nonroad,2022,NDZXL15.9058,,NDZXL15.9058,0
nonroad,2022,NMNBL16.2VGT,MMNBL16.2VGT,MMNBL16.2VGT,1
nonroad,2022,NDCLL01.8HTV,LDCLL01.8HTV,LDCLL01.8HTV,1
nonroad,2015,FSZXL05.2QXA,ESZXL05.2QXA,ESZXL05.2QXA,1
nonroad,2020,LSZXL05.2QXA,ESZXL05.2QXA,ESZXL05.2QXA,1
nonroad,2022,NHZXL.347V32,,NHZXL.347V32,0
nonroad,2022,NSZXL07.8QXA,ESZXL07.8QXA,ESZXL07.8QXA,1
nonroad,2019,KSZXL07.8QXB,,KSZXL07.8QXB,0
nonroad,2020,LSZXL07.8QXB,KSZXL07.8QXB,KSZXL07.8QXB,1
nonroad,2017,HSZXL09.8QXA,ESZXL09.8QXA,ESZXL09.8QXA,1
nonroad,2023,PKLXL15.2EDD,NKLXL15.2EDD,NKLXL15.2EDD,1
nonroad,2017,HSZXL15.7QXA,ESZXL15.7QXA,ESZXL15.7QXA,1
nonroad,2023,PDZXL03.6055,NDZXL03.6055,NDZXL03.6055,1
nonroad,2023,PCEXL019.AAD,,PCEXL019.AAD,0
nonroad,2017,HSZXL15.7QXB,FSZXL15.7QXB,FSZXL15.7QXB,1
nonroad,2023,PKLXL03.3JDB,DKLXL03.3JDB,DKLXL03.3JDB,1
nonroad,2023,PJDXL13.5103,CJDXL13.5103,CJDXL13.5103,1
nonroad,2023,PDZXL02.2111,NDZXL02.2111,NDZXL02.2111,1
nonroad,2023,PTTVL02.9WMS,MTTVL02.9WMS,LTTVL02.9WMS,2
nonroad,2022,NPKXL02.2IW1,MPKXL02.2IW1,LPKXL2.22IW1,2
nonroad,2022,NVPXL16.1CDD,MVPXL16.1CDD,MVPXL16.1CDD,1
nonroad,2022,NKLXL03.3JDC,JKLXL03.3JDC,JKLXL03.3JDC,1
nonroad,2023,PJDXL02.9303,EJDXL02.9303,EJDXL02.9303,1
nonroad,2023,PJDXL04.5315,FJDXL04.5305,FJDXL04.5305,1
nonroad,2023,PCPXL18.1HTH,NCPXL18.1HTH,GCPXL18.1HTH,7
nonroad,2022,NLHAL18.0SQC,,NLHAL18.0SQC,0
nonroad,2023,PHZXL1.95C51,LHZXL1.95C51,LHZXL1.95C51,1
nonroad,2022,NKLXL23.2FDC,JKLXL23.2FDC,JKLXL23.2FDC,1
nonroad,2022,NMDDL40.1GNR,GMDDL40.1GNR,FMDDL40.1GNR,2
nonroad,2023,PKBXL01.5BCB,DKBXL01.5BCB,DKBXL01.5BCB,1
nonroad,2023,PKBXL01.8EMD,FKBXL01.8EMD,FKBXL01.8EMD,1
nonroad,2022,NKLXL11.0DDC,EKLXL11.0DDC,EKLXL11.0DDC,1
nonroad,2023,PPKXL01.1IZ1,NPKXL01.1IZ1,MPKXL01.1IZ1,2
nonroad,2023,PYDXL01.3NS4,DYDXL1.27NS4,DYDXL1.27NS4,1
nonroad,2023,PMMLL02.7C38,EMMLL02.7C38,EMMLL02.7C38,1
nonroad,2023,PKBXL01.8E1D,KKBXL01.8E1D,KKBXL01.8E1D,1
nonroad,2023,PKBXL02.4G3D,KKBXL02.4G3D,KKBXL02.4G3D,1
nonroad,2023,PMMLL02.7M40,DMMLL02.7M40,DMMLL02.7M40,1
nonroad,2023,PFPXL06.7SCB,JFPXL06.7SCB,HFPXL06.7SCB,2
nonroad,2023,PKLXL11.0DDC,EKLXL11.0DDC,EKLXL11.0DDC,1
nonroad,2023,PKBXL02.4GMC,NKBXL02.4GMC,NKBXL02.4GMC,1
nonroad,2023,PKBXL02.4E3D,KKBXL02.4E3D,KKBXL02.4E3D,1
nonroad,2023,PYDXL01.3NS2,DYDXL1.27NS2,DYDXL1.27NS2,1
nonroad,2023,PYDXL01.6S3A,CYDXL1.64J3N,CYDXL1.64J3N,1
nonroad,2023,PJDXL06.8302,LJDXL06.8302,LJDXL06.8302,1
nonroad,2023,PKBXL02.6E2D,KKBXL02.6E2D,KKBXL02.6E2D,1
nonroad,2023,PKBXL03.8C1D,KKBXL03.8C1D,KKBXL03.8C1D,1
nonroad,2022,NLGCL02.5L4T,GLGCL02.5L4T,FLGCL02.5L4T,2
nonroad,2022,NVSXL16.1T4F,,NVSXL16.1T4F,0
nonroad,2023,PFPXL12.9IGR,JFPXL12.9IGR,JFPXL12.9IGR,1
nonroad,2022,NLHAL16.2VWC,MLHAL16.2VWC,MLHAL16.2VWC,1
nonroad,2023,PLHAL12.0SQC,ELHAL12.0SQC,ELHAL12.0SQC,1
nonroad,2023,PYDXL01.3NUA,,PYDXL01.3NUA,0
nonroad,2023,PDCLL01.8HNV,LDCLL01.8HNV,LDCLL01.8HNV,1
nonroad,2022,NCEXL50.0AAF,,NCEXL50.0AAF,0
nonroad,2023,PMNBL16.2OR4,MMNBL16.2OR4,MMNBL16.2OR4,1
nonroad,2022,NFPXL03.4FSD,JFPXL03.4FSD,HFPXL03.4FSD,2
nonroad,2023,PTYCL2.39A45,,PTYCL2.39A45,0
nonroad,2022,NFPXL03.4ASD,JFPXL03.4ASD,HFPXL03.4ASD,2
nonroad,2023,PMMLL02.7D45,DMMLL02.7M40,DMMLL02.7M40,1
nonroad,2023,PFPXL15.9FR1,LFPXL15.9FR1,LFPXL15.9FR1,1
nonroad,2022,NDZXL05.7053,,NDZXL05.7053,0
nonroad,2022,NDZXL07.8046,,NDZXL07.8046,0
nonroad,2023,PWEHL52.3EMS,,PWEHL52.3EMS,0
nonroad,2023,PDZXL05.7053,,PDZXL05.7053,0
nonroad,2023,PVPXL07.7CJB,,PVPXL07.7CJB,0
nonroad,2023,PSIDL07.4I7C,NSIDL07.4I7C,MSIDL07.4I7C,2
nonroad,2023,PMNBL16.2VGT,MMNBL16.2VGT,MMNBL16.2VGT,1
nonroad,2023,PYDXL.993NPA,NYDXL.993NPA,NYDXL.993NPA,1
nonroad,2023,PVPXL16.1CDC,NVPXL16.1CDC,MVPXL16.1CDC,2
nonroad,2023,PDICL02.4LEB,NDICL02.4LEB,FDICL02.4LEB,8
nonroad,2023,PY9XL16.4DBA,JY9XL16.4DBA,JY9XL16.4DBA,1
nonroad,2023,PMMLL02.6M73,HMMLL02.6M73,HMMLL02.6M73,1
nonroad,2021,MKLXL50.0AAI,,MKLXL50.0AAI,0
nonroad,2021,MKLXL60.0AAI,,MKLXL60.0AAI,0
nonroad,2023,PFPXL03.6EM1,,PFPXL03.6EM1,0
nonroad,2023,PDICL11.0LCG,,PDICL11.0LCG,0
nonroad,2023,PDZXL02.9021,,PDZXL02.9021,0
nonroad,2024,RDZXL04.8025,PDZXL04.8025,CDZXL04.8025,11
nonroad,2024,RFPXL06.7DGB,JFPXL06.7DGB,JFPXL06.7DGB,1
nonroad,2024,RLGCL02.5L4T,GLGCL02.5L4T,FLGCL02.5L4T,2
nonroad,2024,RPKXL04.4NM2,PPKXL04.4NM2,FPKXL04.4NM2,9
nonroad,2024,RPKXL01.1LCS,PPKXL01.1LCS,LPKXL1.13LCS,4
nonroad,2024,RPKXL02.2TCC,PPKXL02.2TCC,LPKXL2.22TCC,4
nonroad,2024,RPKXL02.2NLT,PPKXL02.2NLT,LPKXL2.22NLT,3
nonroad,2024,RMVXL02.2EAA,DMVXL02.2AAA,DMVXL02.2AAA,1
nonroad,2024,RMVXL03.3CBB,KMVXL03.3CBB,KMVXL03.3CBB,1
nonroad,2024,RDZXL02.2114,PDZXL02.2114,MDZXL02.2114,3
nonroad,2024,RJDXL04.5316,JJDXL04.5316,JJDXL04.5316,1
nonroad,2024,RJDXL06.8312,GJDXL06.8312,GJDXL06.8312,1
nonroad,2023,PKHXL.442ACF,,PKHXL.442ACF,0
nonroad,2024,RDZXL02.9119,PDZXL02.9119,NDZXL02.9119,2
nonroad,2023,PJDXL09.0308,GJDXL09.0308,GJDXL09.0308,1
nonroad,2024,RPKXL01.7JTV,PPKXL01.7JTV,LPKXL1.66JTV,4
nonroad,2024,RDICL02.4LEC,PDICL02.4LEC,PDICL02.4LEC,1
nonroad,2023,PDICL05.8LEB,NDICL05.8LEB,MDICL05.8LEB,2
nonroad,2024,RYDXL.993NSA,PYDXL.993NSA,PYDXL.993NSA,1
nonroad,2024,RYDXL.993NSB,PYDXL.993NSB,PYDXL.993NSB,1
nonroad,2024,RKBXL01.3DCB,DKBXL01.3DCB,DKBXL01.3DCB,1
nonroad,2024,RMMLL02.7D55,KMMLL02.7D65,KMMLL02.7D65,1
nonroad,2024,RMMLL02.7R55,KMMLL02.7D65,KMMLL02.7D65,1
nonroad,2024,RLHAL08.0SQC,ELHAL7.96SQC,ELHAL7.96SQC,1
nonroad,2024,RKBXL02.4GND,DKBXL02.4GND,DKBXL02.4GND,1
nonroad,2024,RLHAL45.0ESP,JLHAL45.0ESP,GLHAL45.0ESP,2
nonroad,2024,RLHAL18.0ESP,NLHAL18.0ESP,NLHAL18.0ESP,1
nonroad,2024,RYDXL03.3TKA,PYDXL03.3TKA,PYDXL03.3TKA,1
nonroad,2024,RKBXL03.3EKD,DKBXL03.3EKD,DKBXL03.3EKD,1
nonroad,2024,RVPXL10.8CJA,PVPXL10.8CJA,MVPXL10.8CJA,3
nonroad,2024,RDICL02.4LEB,PDICL02.4LEB,FDICL02.4LEB,9
nonroad,2024,RJCBL04.8S12,HJCBL04.8S12,HJCBL04.8S12,1
nonroad,2023,PCPXL58.6HXZ,NCPXL58.6HXZ,LCPXL58.6HXZ,3
nonroad,2024,RCPXL78.1NSG,PCPXL78.1NSG,NCPXL78.1NSG,2
nonroad,2024,RYDXL.436H1N,PYDXL.436H1N,PYDXL.436H1N,1
nonroad,2024,RDTAL07.2RJC,FMBXL07.2RJC,FMBXL07.2RJC,1
nonroad,2024,RDCLL02.4HIV,MDCLL02.4HIV,MDCLL02.4HIV,1
nonroad,2024,RYDXL01.1S3N,PYDXL01.1S3N,PYDXL01.1S3N,1
nonroad,2024,RCEXL04.5AAL,,RCEXL04.5AAL,0
nonroad,2023,PCEXL08.9AAK,ECEXL08.9AAK,ECEXL08.9AAK,1
nonroad,2019,KCEXL04.5AAH,,KCEXL04.5AAH,0
nonroad,2017,HCEXL04.5AAH,,HCEXL04.5AAH,0
nonroad,2014,ECEXL06.7AAK,,ECEXL06.7AAK,0
nonroad,2020,LCEXL06.7AAQ,,LCEXL06.7AAQ,0
nonroad,2023,PCEXL06.7AAT,,PCEXL06.7AAT,0
nonroad,2022,NCEXL06.7AAT,,NCEXL06.7AAT,0
nonroad,2021,MCEXL06.7AAT,,MCEXL06.7AAT,0
nonroad,2022,NCEXL08.9AAK,ECEXL08.9AAK,ECEXL08.9AAK,1
nonroad,2023,PCEXL0275AAH,,PCEXL0275AAH,0
nonroad,2014,ECEXL0409AAB,,ECEXL0409AAB,0
nonroad,2023,PCEXL12.0AAA,FCEXL12.0AAA,FCEXL12.0AAA,1
nonroad,2020,LCEXL0409AAC,,LCEXL0409AAC,0
nonroad,2015,FCEXL0409AAC,,FCEXL0409AAC,0
nonroad,2014,ECEXL0505AAE,DCEXL0505AAE,CCEXL0505AAE,2
nonroad,2016,GCEXL12.0AAA,FCEXL12.0AAA,FCEXL12.0AAA,1
nonroad,2017,HCEXL15.0AAI,ECEXL15.0AAI,CCEXL15.0AAI,3
nonroad,2015,FCEXL15.0AAI,ECEXL15.0AAI,CCEXL15.0AAI,3
nonroad,2024,RKBXL.719KCB,DKBXL.719KCB,DKBXL.719KCB,1
nonroad,2025,SSZXL02.2PXB,ESZXL02.2PXB,ESZXL02.2PXB,1
nonroad,2025,SSZXL03.0PTA,DSZXL03.0PTA,DSZXL03.0PTA,1
nonroad,2024,RDZXL06.1048,,RDZXL06.1048,0
nonroad,2024,RDICL03.4LEC,PDICL03.4LEC,HDICL03.4LEC,7
nonroad,2016,GDICL03.4LEA,FDICL03.4LEA,FDICL03.4LEA,1
nonroad,2019,KDICL03.4LEC,JDICL03.4LEC,HDICL03.4LEC,2
nonroad,2024,RYDXL04.6HDA,PYDXL04.6HDA,PYDXL04.6HDA,1
nonroad,2025,SFPXL08.7TR3,JFPXL08.7TR3,HFPXL08.7TR3,2
nonroad,2025,SFPXL06.7DGB,JFPXL06.7DGB,JFPXL06.7DGB,1
nonroad,2019,KCEXL95.0AAA,,KCEXL95.0AAA,0
nonroad,2024,RMNBL16.2OR4,MMNBL16.2OR4,MMNBL16.2OR4,1
nonroad,2025,SKBXL.719KCC,DKBXL.719KCC,DKBXL.719KCC,1
nonroad,2025,SPKXL01.1LCS,RPKXL01.1LCS,LPKXL1.13LCS,5
nonroad,2025,SKBXL01.5A1D,LKBXL01.5A1D,LKBXL01.5A1D,1
nonroad,2025,SLHAL16.2VQC,FLHAL16.2VQC,ELHAL16.2VQC,2
nonroad,2025,SLHAL07.0SQC,ELHAL7.01SQC,ELHAL7.01SQC,1
nonroad,2025,SLGCL01.9L3D,KLGCL01.9L3D,KLGCL01.9L3D,1
nonroad,2025,SHZXL.347V32,RHZXL.347V32,NHZXL.347V32,3
nonroad,2025,SKBXL02.4EKD,DKBXL02.4EKD,DKBXL02.4EKD,1
nonroad,2025,SKBXL03.8C5D,PKBXL03.8C5D,PKBXL03.8C5D,1
nonroad,2025,SJDXL06.8312,GJDXL06.8312,GJDXL06.8312,1
nonroad,2025,SKBXL02.4GKC,NKBXL02.4GKC,NKBXL02.4GKC,1
nonroad,2016,GCEXL60.0AAF,,GCEXL60.0AAF,0
nonroad,2024,RPKXL07.0VL4,PPKXL07.0VL4,LPKXL07.0VL4,4
nonroad,2025,SJDXL13.5314,GJDXL13.5314,GJDXL13.5314,1
nonroad,2017,HLHAL45.0ESP,GLHAL45.0ESP,GLHAL45.0ESP,1
nonroad,2016,GLHAL45.0ESP,,GLHAL45.0ESP,0
nonroad,2025,SPKXL02.8FL1,PPKXL02.8FL1,LPKXL02.8FL1,4
nonroad,2019,KLHAL7.96SQC,ELHAL7.96SQC,ELHAL7.96SQC,1
nonroad,2020,LLHAL7.96SQC,ELHAL7.96SQC,ELHAL7.96SQC,1
nonroad,2014,ELHAL10.5SQC,,ELHAL10.5SQC,0
nonroad,2022,NLHAL24.2VQT,GLHAL24.2VQT,GLHAL24.2VQT,1
nonroad,2025,SKOEL1.64NAX,NKOEL1.64NAX,NKOEL1.64NAX,1
nonroad,2025,SHZXL02.0V51,RHZXL02.0V51,RHZXL02.0V51,1
nonroad,2025,SYDXL.993NSB,PYDXL.993NSB,PYDXL.993NSB,1
nonroad,2025,SKBXL02.6EMD,FKBXL02.6EMD,FKBXL02.6EMD,1
nonroad,2025,SKBXL03.3DCC,,SKBXL03.3DCC,0
nonroad,2024,RCEXL06.7AAT,,RCEXL06.7AAT,0
nonroad,2025,SKBXL06.1J5D,,SKBXL06.1J5D,0
nonroad,2025,SMMLL02.7H39,DMMLL02.7M40,DMMLL02.7M40,1
nonroad,2025,SYDXL02.1TDA,HYDXL2.09TDA,HYDXL2.09TDA,1
nonroad,2024,RPKXL01.1J2V,PPKXL01.1J2V,LPKXL1.13J2V,4
nonroad,2024,RPKXL01.5FTV,PPKXL01.5FTV,LPKXL1.49FTV,4
nonroad,2024,RCPXL32.1HXF,PCPXL32.0HXF,CCPXL32.0HXA,12
nonroad,2025,SYDXL01.6HKA,PYDXL01.6HKA,PYDXL01.6HKA,1
nonroad,2024,RFPXL03.4BSD,MFPXL03.4BSD,HFPXL03.4BSD,3
nonroad,2025,SWEHL52.3EMS,PWEHL52.3EMS,PWEHL52.3EMS,1
nonroad,2025,SDICL21.9LBG,RDICL21.9LBG,NDICL21.9LBG,3
nonroad,2026,TMVXL03.3EBA,,TMVXL03.3EBA,0
nonroad,2025,SDZXL15.9058,,SDZXL15.9058,0
nonroad,2025,SKHXL01.4SF1,,SKHXL01.4SF1,0
nonroad,2025,SPKXL.761F2V,RPKXL.761F2V,LPKXL.761F2V,5
nonroad,2025,SCPXL78.1NVF,RCPXL78.1NVF,GCPXL78.1NVF,9
nonroad,2026,TCPXL15.2NZS,SCPXL15.2NZS,CCPXL15.2NZS,14
nonroad,2026,TCPXL32.1NZS,SCPXL32.1NZS,CCPXL32.0NZS,14
nonroad,2025,SYDXL01.3NSA,DYDXL1.27NS1,DYDXL1.27NS1,1
nonroad,2025,SICLL02.4F4I,NICLL02.4F4I,NICLL02.4F4I,1
nonroad,2025,SICLL02.4F4X,NICLL02.4F4X,NICLL02.4F4X,1
nonroad,2025,SPKXL01.7J2V,RPKXL01.7J2V,LPKXL1.66J2V,5
nonroad,2025,SPKXL04.4MT1,,SPKXL04.4MT1,0
nonroad,2019,KLHAL12.0SQC,ELHAL12.0SQC,ELHAL12.0SQC,1
nonroad,2016,GCEXL19.0AAA,,GCEXL19.0AAA,0
nonroad,2017,HCEXL19.0AAA,,HCEXL19.0AAA,0
nonroad,2019,KCEXL19.0AAA,,KCEXL19.0AAA,0
nonroad,2022,NCEXL06.7AAU,,NCEXL06.7AAU,0
nonroad,2020,LCEXL06.7AAU,,LCEXL06.7AAU,0
nonroad,2025,SDICL03.4LEB,RDICL03.4LEB,FDICL03.4LEB,10
nonroad,2025,SMNBL16.2OR4,MMNBL16.2OR4,MMNBL16.2OR4,1
nonroad,2018,JCEXL04.5AAJ,,JCEXL04.5AAJ,0
nonroad,2025,SY9XL10.6EAA,,SY9XL10.6EAA,0
nonroad,2026,TSZXL02.2PXB,ESZXL02.2PXB,ESZXL02.2PXB,1
nonroad,2026,TLGCL01.9L3D,KLGCL01.9L3D,KLGCL01.9L3D,1
nonroad,2020,LCEXL015.AAH,DCEXL015.AAH,CCEXL015.AAH,2
nonroad,2017,HCEXL015.AAH,DCEXL015.AAH,CCEXL015.AAH,2
nonroad,2025,SKLXL04.5AAI,,SKLXL04.5AAI,0
nonroad,2025,SPKXL03.6FX1,RPKXL03.6FX1,LPKXL03.6FX1,5
nonroad,2022,NCEXL06.7AAK,,NCEXL06.7AAK,0
nonroad,2020,LCEXL06.7AAR,,LCEXL06.7AAR,0
nonroad,2026,TDICL05.0LCG,,TDICL05.0LCG,0
nonroad,2025,SFPXL03.4DE1,RFPXL03.4DE1,RFPXL03.4DE1,1
nonroad,2026,TSIDL07.5I7C,SSIDL07.5I7C,NSIDL07.5I7C,4
nonroad,2025,SDCLL01.0D5G,GDCLL01.0D5G,CDCLL01.0D5G,2
nonroad,2025,SFPXL03.4ADD,JFPXL03.4ADD,HFPXL03.4ADD,2
nonroad,2026,TJDXL02.9339,NJDXL02.9339,NJDXL02.9339,1
nonroad,2026,TJDXL06.8312,GJDXL06.8312,GJDXL06.8312,1
nonroad,2025,SSIDL07.4I7C,RSIDL07.4I7C,MSIDL07.4I7C,4
nonroad,2025,SFPXL03.4DEP,LFPXL03.4DEP,LFPXL03.4DEP,1
nonroad,2026,TFGXL3.85E0X,,TFGXL3.85E0X,0
nonroad,2025,SKBXL03.3E1D,KKBXL03.3E1D,KKBXL03.3E1D,1
nonroad,2021,MDICL03.4LED,LDICL03.4LED,LDICL03.4LED,1
nonroad,2021,MCEXL02.8AAC,GCEXL02.8AAC,GCEXL02.8AAC,1
nonroad,2025,SMVXL01.1EDA,RMVXL01.1EDA,RMVXL01.1EDA,1
nonroad,2025,SMVXL02.2EBA,HMVXL02.2EBA,HMVXL02.2EBA,1
nonroad,2026,TPKXL01.1LCS,SPKXL01.1LCS,LPKXL1.13LCS,6
nonroad,2022,NFPXL03.6EK1,,NFPXL03.6EK1,0
nonroad,2026,TPKXL02.2NLC,SPKXL02.2NLC,LPKXL2.22NLC,6
nonroad,2026,TCEXL04.5AAH,FCEXL04.5AAH,FCEXL04.5AAH,1
nonroad,2025,SCEXL03.8AAF,,SCEXL03.8AAF,0
nonroad,2026,TCEXL15.0AAL,RCEXL15.0AAL,ECEXL15.0AAL,2
nonroad,2025,SKBXL01.5BCB,DKBXL01.5BCB,DKBXL01.5BCB,1
nonroad,2025,SKLXL03.3JDC,JKLXL03.3JDC,JKLXL03.3JDC,1
nonroad,2020,LFPXL12.9TSS,,LFPXL12.9TSS,0
nonroad,2022,NFPXL12.9TSS,,NFPXL12.9TSS,0
nonroad,2024,RFPXL12.9TSS,,RFPXL12.9TSS,0
nonroad,2020,LCEXL03.3BAA,ECEXL03.3BAA,CCEXL03.3BAA,3
nonroad,2025,SPKXL07.0VL4,RPKXL07.0VL4,LPKXL07.0VL4,5
nonroad,2026,TDZXL02.2112,SDZXL02.2112,LDZXL02.2112,6
nonroad,2021,MCEXL03.3CAA,DCEXL03.3CAA,CCEXL03.3CAA,2
nonroad,2018,JCEXL03.3CAA,DCEXL03.3CAA,CCEXL03.3CAA,2
nonroad,2026,TDZXL05.7052,SDZXL05.7052,SDZXL05.7052,1
nonroad,2016,GCEXL03.3CAA,DCEXL03.3CAA,CCEXL03.3CAA,2
nonroad,2026,TDZXL04.8029,SDZXL04.8029,CDZXL04.8029,13
nonroad,2026,TDZXL06.1059,SDZXL06.1059,SDZXL06.1059,1
nonroad,2026,TDCLL01.8HNV,LDCLL01.8HNV,LDCLL01.8HNV,1
nonroad,2026,TLHAL10.5SWC,MLHAL10.5SWC,MLHAL10.5SWC,1
nonroad,2025,SLHAL103.E9P,NLHAL103.E9P,NLHAL103.E9P,1
nonroad,2025,SCEXL0409AAD,ECEXL0409AAD,ECEXL0409AAD,1
nonroad,2026,TYDXL03.3NLA,RYDXL03.3NLA,RYDXL03.3NLA,1
nonroad,2021,MCEXL015.AAH,DCEXL015.AAH,CCEXL015.AAH,2
nonroad,2026,TYDXL.993NPA,,TYDXL.993NPA,0
nonroad,2026,TLHAL45.0ESP,SLHAL45.0ESP,GLHAL45.0ESP,2
nonroad,2026,TVSXL07.7STV,,TVSXL07.7STV,0
nonroad,2018,JFPXL06.7SDA,,JFPXL06.7SDA,0
nonroad,2025,SCEXL50.0AAF,,SCEXL50.0AAF,0
nonroad,2026,TPKXL03.6FW1,SPKXL03.6FW1,LPKXL03.6FW1,5
nonroad,2026,TYDXL01.3TPA,,TYDXL01.3TPA,0
nonroad,2026,TMMLL02.7M40,DMMLL02.7M40,DMMLL02.7M40,1
nonroad,2025,SPKXL01.7JTV,RPKXL01.7JTV,LPKXL1.66JTV,5
nonroad,2019,KCEXL03.8AAB,GCEXL03.8AAB,GCEXL03.8AAB,1
nonroad,2017,HCEXL03.8AAB,GCEXL03.8AAB,GCEXL03.8AAB,1
nonroad,2025,SJDXL13.5320,MJDXL13.5320,MJDXL13.5320,1
nonroad,2023,PCEXL03.8AAC,GCEXL03.8AAC,GCEXL03.8AAC,1
nonroad,2021,MCEXL03.8AAC,GCEXL03.8AAC,GCEXL03.8AAC,1
nonroad,2020,LCEXL03.8AAC,GCEXL03.8AAC,GCEXL03.8AAC,1
nonroad,2025,SSZXL09.8QXA,ESZXL09.8QXA,ESZXL09.8QXA,1
nonroad,2025,SSZXL15.7QXB,FSZXL15.7QXB,FSZXL15.7QXB,1
nonroad,2018,JCEXL03.8AAD,GCEXL03.8AAD,GCEXL03.8AAD,1
nonroad,2026,TSCLL03.6R74,KSCLL03.6R74,KSCLL03.6R74,1
nonroad,2025,SCEXL06.7AAK,,SCEXL06.7AAK,0
nonroad,2025,SFPXL06.7SDB,RFPXL06.7SDB,RFPXL06.7SDB,1
nonroad,2026,TYDXL02.2S4N,PYDXL02.2S4N,PYDXL02.2S4N,1
nonroad,2026,TYDXL02.0S4T,PYDXL02.0S4T,PYDXL02.0S4T,1
nonroad,2025,SLHAL18.0ESP,NLHAL18.0ESP,NLHAL18.0ESP,1
nonroad,2026,TVPXL12.8BCA,PVPXL12.8BCA,KVPXL12.8BCA,5
nonroad,2026,TVPXL16.1BDA,RVPXL16.1BDA,KVPXL16.1BDA,6
nonroad,2026,TVPXL17.3ADA,RVPXL17.3ADA,RVPXL17.3ADA,1
nonroad,2026,TCEXL08.9AAQ,,TCEXL08.9AAQ,0
nonroad,2026,TLHAL103.ESP,HLHAL103.ESP,HLHAL103.ESP,1
nonroad,2026,TPKXL02.2IW1,SPKXL02.2IW1,LPKXL2.22IW1,6
nonroad,2026,TFPXL04.5DTD,JFPXL04.5DTD,JFPXL04.5DTD,1
nonroad,2026,TSZXL07.8QXB,KSZXL07.8QXB,KSZXL07.8QXB,1
nonroad,2026,TMNBL09.0OR4,KMNBL09.0OR4,KMNBL09.0OR4,1
nonroad,2024,RDTAL12.8RJD,KMBXL12.8RJD,KMBXL12.8RJD,1
nonroad,2022,NDTAL15.6RJD,KMBXL15.6RJD,KMBXL15.6RJD,1
nonroad,2016,GCEXL015.AAJ,ECEXL015.AAJ,CCEXL015.AAJ,2
nonroad,2015,FCEXL015.AAJ,ECEXL015.AAJ,CCEXL015.AAJ,2
nonroad,2026,TCEXL06.7AAU,LCEXL06.7AAU,LCEXL06.7AAU,1
nonroad,2027,VDICL02.5LEA,,VDICL02.5LEA,0
nonroad,2026,TFPXL02.8EH2,PFPXL02.8EH2,PFPXL02.8EH2,1
nonroad,2024,RFPXL02.8EH2,PFPXL02.8EH2,PFPXL02.8EH2,1
nonroad,2023,PFPXL03.6EHK,MFPXL03.6EHK,MFPXL03.6EHK,1
nonroad,2026,TCPXL78.1NSF,SCPXL78.1NSF,FCPXL78.1NSF,11
nonroad,2021,MFPXL03.4ESD,JFPXL03.4ESD,HFPXL03.4ESD,2
nonroad,2019,KFPXL03.4ESD,JFPXL03.4ESD,HFPXL03.4ESD,2
nonroad,2018,JFPXL03.4ESD,HFPXL03.4ESD,HFPXL03.4ESD,1
nonroad,2025,SFPXL03.6EHP,PFPXL03.6EHP,PFPXL03.6EHP,1
nonroad,2022,NCEXL30.0AAE,LCEXL30.0AAE,LCEXL30.0AAE,1
nonroad,2026,TKBXL03.8CKD,DKBXL03.8CKD,DKBXL03.8CKD,1
nonroad,2026,TKBXL02.6EMD,FKBXL02.6EMD,FKBXL02.6EMD,1
nonroad,2026,TKBXL.899KCB,DKBXL.898KCB,DKBXL.898KCB,1
nonroad,2026,TVPXL16.1ADB,RVPXL16.1ADB,MVPXL16.1ADB,4
nonroad,2021,MCEXL050.AAD,,MCEXL050.AAD,0
nonroad,2018,JFPXL08.7T4V,EFPXL08.7T4V,EFPXL08.7T4V,1
nonroad,2011,BTLEL5.996TA,8PLLL5.996TA,BTLEL5.996TA,0
nonroad,2012,CDZXL07.1028,,CDZXL07.1028,0
nonroad,2012,CDZXL04.8025,,CDZXL04.8025,0
nonroad,2011,BLESL2.67AAA,9LESL2.67AAA,BLESL2.67AAA,0
nonroad,2011,BYNDL1.53YSD,,BYNDL1.53YSD,0
nonroad,2011,BWKPL2.19AAA,,BWKPL2.19AAA,0
nonroad,2011,BJDGL0.42AAA,AJDGL0.42AAA,BJDGL0.42AAA,0
nonroad,2012,CDZXL06.1008,,CDZXL06.1008,0
nonroad,2012,CVPXL12.8CEA,BVPXL12.8CEA,CVPXL12.8CEA,0
nonroad,2011,BKBXL03.8AHC,,BKBXL03.8AHC,0
nonroad,2011,BDCLL.927D75,ADCLL.927D75,BDCLL.927D75,0
nonroad,2012,CSZXL02.2VNC,8SZXL02.2VNC,CSZXL02.2VNC,0
nonroad,2012,CSZXL02.2VTB,8SZXL02.2VTB,CSZXL02.2VTB,0
nonroad,2012,CMMLL02.5N52,BMMLL02.5N52,CMMLL02.5N52,0
nonroad,2012,CMMLL02.5N62,BMMLL02.5N62,CMMLL02.5N62,0
nonroad,2012,CMMLL02.7M30,BMMLL02.7M30,CMMLL02.7M30,0
nonroad,2012,CMMLL02.5NEF,BMMLL02.5NEF,CMMLL02.5NEF,0
nonroad,2012,CFPXL12.9TST,BVEXL12.9TST,CFPXL12.9TST,0
nonroad,2012,CMFTL02.8M4B,BMFTL02.8M4B,CMFTL02.8M4B,0
nonroad,2012,CCPXL12.5ESK,BCPXL12.5ESK,CCPXL12.5ESK,0
nonroad,2012,CFZSL0.42AAA,,CFZSL0.42AAA,0
nonroad,2012,CPKXL06.6PJ3,BPKXL06.6PJ3,CPKXL06.6PJ3,0
nonroad,2012,CYDXL1.11V3N,BYDXL1.11V3N,CYDXL1.11V3N,0
nonroad,2012,CYDXL1.11X3N,BYDXL1.11X3N,CYDXL1.11X3N,0
nonroad,2012,CYDXL1.50K3T,BYDXL1.50K3T,CYDXL1.50K3T,0
nonroad,2012,CYDXL2.66P4N,BYDXL2.66P4N,CYDXL2.66P4N,0
nonroad,2012,CKMCL1.71A38,9KMCL1.71A38,CKMCL1.71A38,0
nonroad,2012,CCEXL03.3ACE,BCEXL03.3ACE,CCEXL03.3ACE,0
nonroad,2012,CYNDL1.53YSD,BYNDL1.53YSD,BYNDL1.53YSD,1
nonroad,2012,CYNDL2.55AAA,BYNDL2.55AAA,BYNDL2.55AAA,1
nonroad,2012,CMDDL31.8XRR,6MDDL31.8XRR,CMDDL31.8XRR,0
nonroad,2012,CFPXL06.7DGB,BVEXL06.7DGB,CFPXL06.7DGB,0
nonroad,2012,CFPXL08.7TR3,BVEXL08.7TR3,CFPXL08.7TR3,0
nonroad,2012,CDCLL02.0D83,BDCLL02.0D83,BDCLL02.0D83,1
nonroad,2012,CJCBL04.4TC5,BJCBL04.4TC5,BJCBL04.4TC5,1
nonroad,2012,CY9XL12.7CAA,BY9XL12.7CAA,CY9XL12.7CAA,0
nonroad,2012,CKLXL15.2EDA,BKLXL15.2EDA,CKLXL15.2EDA,0
nonroad,2012,CFDUL0.2918D,BFDUL0.2918D,BFDUL0.2918D,1
nonroad,2012,CHZXL.667C83,BHYXL.667C83,CHZXL.667C83,0
nonroad,2012,CICLL1.46C3C,BICLL1.46C3C,CICLL1.46C3C,0
nonroad,2012,CDICL05.8HTB,,CDICL05.8HTB,0
nonroad,2013,DFPXL08.7TR4,CFPXL08.7TR4,CFPXL08.7TR4,1
nonroad,2012,CMVXL65.4BBA,BMVXL65.4BBA,CMVXL65.4BBA,0
nonroad,2012,CMFTL07.5M6C,BMFTL07.5M6C,CMFTL07.5M6C,0
nonroad,2012,CLHAL10.5TEC,,CLHAL10.5TEC,0
nonroad,2012,CLHAL7.01TEC,,CLHAL7.01TEC,0
nonroad,2012,CLHAL7.01SEC,,CLHAL7.01SEC,0
nonroad,2013,DCEXL0661AAH,CCEXL0661AAH,CCEXL0661AAH,1
nonroad,2012,CJDXL09.0202,BJDXL09.0202,CJDXL09.0202,0
nonroad,2012,CJDXL06.8115,9JDXL06.8115,CJDXL06.8115,0
nonroad,2012,CLHAL16.2VZC,,CLHAL16.2VZC,0
nonroad,2012,CLHAL12.4SZC,,CLHAL12.4SZC,0
nonroad,2013,DPKXL15.2TA2,CPKXL15.2TA2,CPKXL15.2TA2,1
nonroad,2013,DVPXL16.1BDA,CVPXL16.1BDA,CVPXL16.1BDA,1
nonroad,2013,DPKXL15.2TAG,CPKXL15.2TAG,CPKXL15.2TAG,1
nonroad,2012,CJDXL09.0114,BJDXL09.0114,CJDXL09.0114,0
nonroad,2012,CDCLL01.4D80,BDCLL01.4D80,BDCLL01.4D80,1
nonroad,2013,DKBXL.719NCB,,DKBXL.719NCB,0
nonroad,2012,CMVXL49.0BBA,,CMVXL49.0BBA,0
nonroad,2013,DMDDL31.8XRR,7MDDL35.8GRR,DMDDL31.8XRR,0
nonroad,2012,CMDDL95.4XTR,9MDDL95.4XTR,CMDDL95.4XTR,0
nonroad,2013,DDICL05.8HTA,BDICL05.8HTA,BDICL05.8HTA,1
nonroad,2013,DH3XL2.22NLC,CH3XL2.22NLC,CH3XL2.22NLC,1
nonroad,2013,DH3XL1.49NTV,CH3XL1.49NTV,CH3XL1.49NTV,1
nonroad,2013,DH3XL2.00N84,CH3XL2.00N84,CH3XL2.00N84,1
nonroad,2012,CYDXL1.64M3N,BYDXL1.64M3N,CYDXL1.64M3N,0
nonroad,2013,DLHAL12.0TEC,CLHAL12.0TEC,CLHAL12.0TEC,1
nonroad,2013,DDZXL04.1013,CDZXL04.1013,CDZXL04.1013,1
nonroad,2013,DH3XL2.22NFV,,DH3XL2.22NFV,0
nonroad,2013,DH3XL2.22TF4,,DH3XL2.22TF4,0
nonroad,2013,DSIDL03.3G7A,CSIDL03.3G7A,CSIDL03.3G7A,1
nonroad,2013,DDZXL07.1031,CDZXL07.1031,CDZXL07.1031,1
nonroad,2013,DKBXL03.8AMD,CKBXL03.8AMD,CKBXL03.8AMD,1
nonroad,2013,DYDXL2.09NFA,,DYDXL2.09NFA,0
nonroad,2013,DH3XL.507F1C,,DH3XL.507F1C,0
nonroad,2013,DH3XL1.13F2C,,DH3XL1.13F2C,0
nonroad,2013,DH3XL1.49F2C,,DH3XL1.49F2C,0
nonroad,2013,DH3XL1.49F2V,,DH3XL1.49F2V,0
nonroad,2013,DYDXL1.57HDA,,DYDXL1.57HDA,0
nonroad,2013,DY9XL16.4CAA,,DY9XL16.4CAA,0
nonroad,2014,EYDXL0.99NWA,DYDXL0.99NWA,DYDXL0.99NWA,1
nonroad,2013,DHZXL.243V21,,DHZXL.243V21,0
nonroad,2013,DHZXL.462V41,,DHZXL.462V41,0
nonroad,2014,EKLXL03.3JDA,CKLXL03.3JDA,CKLXL03.3JDA,1
nonroad,2013,DMMLL02.7M30,,DMMLL02.7M30,0
nonroad,2014,ECEXL04.5AAF,DCEXL04.5AAF,DCEXL04.5AAF,1
nonroad,2014,ECEXL06.7AAH,DCEXL06.7AAH,CCEXL06.7AAH,2
nonroad,2014,EKHXL1.259LD,,EKHXL1.259LD,0
nonroad,2013,DCPXL32.0NZS,CCPXL32.0NZS,CCPXL32.0NZS,1
nonroad,2013,DHZXL.517V51,,DHZXL.517V51,0
nonroad,2014,EJDXL13.5132,CJDXL13.5132,CJDXL13.5132,1
nonroad,2014,EFPXL06.7SDB,,EFPXL06.7SDB,0
nonroad,2014,EVPXL16.1ACG,DVPXL16.1ACG,CVPXL16.1ACG,2
nonroad,2014,EJDXL03.0208,CJDXL03.0208,CJDXL03.0208,1
nonroad,2013,DYDXL1.33L3N,CYDXL1.33M3N,CYDXL1.33M3N,1
nonroad,2013,DHZXL.722V91,,DHZXL.722V91,0
nonroad,2014,EDDXL14.0VLD,DDDXL14.0VLD,CDDXL14.0VLD,2
nonroad,2014,EKBXL.325NCB,DKBXL.325NCB,DKBXL.325NCB,1
nonroad,2014,EKBXL.898KCB,DKBXL.898KCB,DKBXL.898KCB,1
nonroad,2014,EKBXL01.3DCB,DKBXL01.3DCB,DKBXL01.3DCB,1
nonroad,2014,ECEXL03.3ACG,,ECEXL03.3ACG,0
nonroad,2013,DKBXL02.6GND,,DKBXL02.6GND,0
nonroad,2014,EKBXL02.6END,DKBXL02.6END,DKBXL02.6END,1
nonroad,2014,EKBXL03.3EKD,DKBXL03.3EKD,DKBXL03.3EKD,1
nonroad,2012,CCPXL15.2NYS,BCPXL15.2NYS,CCPXL15.2NYS,0
nonroad,2015,FKBXL02.2RCB,EKBXL02.2RCB,DKBXL02.2RCB,2
nonroad,2014,EYDXL1.27NPA,DYDXL1.27NPA,DYDXL1.27NPA,1
nonroad,2014,EKBXL02.4GND,DKBXL02.4GND,DKBXL02.4GND,1
nonroad,2014,EKMCL2.39A45,BKMCL2.39A45,BKMCL2.39A45,1
nonroad,2014,EICLL1.50C3X,DICLL1.50C3X,DICLL1.50C3X,1
nonroad,2014,EYDXL2.00L4T,CYDXL2.00N4T,CYDXL2.00N4T,1
nonroad,2014,EKHXL2.48TCR,DKHXL2.48TCR,DKHXL2.48TCR,1
nonroad,2013,DDZXL05.7011,,DDZXL05.7011,0
nonroad,2014,EMVXL01.0EEE,DMVXL01.0EEE,DMVXL01.0EEE,1
nonroad,2014,EMBXL04.8RJB,BMBXL04.8RJB,EMBXL04.8RJB,0
nonroad,2015,FYDXL2.09NFA,DYDXL2.09NFA,DYDXL2.09NFA,1
nonroad,2014,EDZXL05.7011,DDZXL05.7011,DDZXL05.7011,1
nonroad,2014,EDZXL04.1014,DDZXL04.1014,CDZXL04.1014,2
nonroad,2014,EH3XL2.00N84,DH3XL2.00N84,CH3XL2.00N84,2
nonroad,2014,EHZXL1.72C41,,EHZXL1.72C41,0
nonroad,2014,EMMLL02.7C42,,EMMLL02.7C42,0
nonroad,2014,EHZXL.997M40,DHZXL.997V41,DHZXL.997V41,1
nonroad,2014,EJDXL06.8120,CJDXL06.8120,CJDXL06.8120,1
nonroad,2014,EDZXL07.1030,DDZXL07.1030,CDZXL07.1030,2
nonroad,2013,DDZXL06.1043,,DDZXL06.1043,0
nonroad,2014,EKHXL1.37SF1,DKHXL1.37SF1,DKHXL1.37SF1,1
nonroad,2015,FFPXL03.4BDC,EFPXL03.4BDC,DFPXL03.4BDC,2
nonroad,2014,EJDXL04.5212,CJDXL04.5212,CJDXL04.5212,1
nonroad,2014,EFPXL03.4ESD,,EFPXL03.4ESD,0
nonroad,2015,FKLXL15.2EDC,EKLXL15.2EDC,EKLXL15.2EDC,1
nonroad,2014,EYDXL3.32NDB,DYDXL3.32NDA,DYDXL3.32NDA,1
nonroad,2015,FLGCL02.5L4T,,FLGCL02.5L4T,0
nonroad,2014,EH3XL1.49TFV,,EH3XL1.49TFV,0
nonroad,2015,FDZXL04.1054,,FDZXL04.1054,0
nonroad,2015,FMVXL01.3EEE,EMVXL01.3EEE,EMVXL01.3EEE,1
nonroad,2015,FH3XL1.13SLV,EH3XL1.13SLV,CH3XL1.13SLV,3
nonroad,2015,FH3XL1.49N3V,EH3XL1.49N3V,CH3XL1.49N3V,3
nonroad,2015,FH3XL2.224LC,EH3XL2.224LC,CH3XL2.224LC,3
nonroad,2014,ESZXL03.0MXA,CSZXL03.0MXA,CSZXL03.0MXA,1
nonroad,2015,FCEXL13.0AAA,ECEXL13.0AAA,ECEXL13.0AAA,1
nonroad,2015,FTIEL01.81ZS,ETIEL01.81ZS,ETIEL01.81ZS,1
nonroad,2015,FKHXL1.37SF1,EKHXL1.37SF1,DKHXL1.37SF1,2
nonroad,2015,FCEXL08.9AAK,ECEXL08.9AAK,ECEXL08.9AAK,1
nonroad,2015,FKBXL01.3DCB,DKBXL01.3DCB,DKBXL01.3DCB,1
nonroad,2015,FMVXL02.5LLL,7MVXL02.5EEE,FMVXL02.5LLL,0
nonroad,2015,FMVXL03.3AAK,7MVXL03.3AAF,FMVXL03.3AAK,0
nonroad,2015,FKBXL01.8EKD,DKBXL01.8EKD,DKBXL01.8EKD,1
nonroad,2014,EYDXL1.64NDA,DYDXL1.64NDA,DYDXL1.64NDA,1
nonroad,2015,FYDXL1.64NGA,EYDXL1.64NGA,EYDXL1.64NGA,1
nonroad,2015,FMMLL02.6N67,DMMLL02.6N67,DMMLL02.6N67,1
nonroad,2015,FKBXL03.8CKD,DKBXL03.8CKD,DKBXL03.8CKD,1
nonroad,2015,FYDXL3.32TDA,DYDXL3.32TDA,DYDXL3.32TDA,1
nonroad,2014,EVPXL16.1CJA,,EVPXL16.1CJA,0
nonroad,2015,FDCLL01.8F7T,DDCLL01.8F7T,DDCLL01.8F7T,1
nonroad,2015,FMBXL15.6RJA,EMBXL15.6RJA,EMBXL15.6RJA,1
nonroad,2015,FYDXL0.57NUA,DYDXL0.57NUA,DYDXL0.57NUA,1
nonroad,2015,FH3XL2.22CN2,EH3XL2.22CN2,EH3XL2.22CN2,1
nonroad,2014,EH3XL1.49F2V,,EH3XL1.49F2V,0
nonroad,2015,FH3XL1.49FTV,,FH3XL1.49FTV,0
nonroad,2016,GYDXL2.09NFA,DYDXL2.09NFA,DYDXL2.09NFA,1
nonroad,2015,FCEXL03.3ACH,ECEXL03.3ACH,ECEXL03.3ACH,1
nonroad,2015,FLGCL02.0L3L,ALGCL02.0L3L,FLGCL02.0L3L,0
nonroad,2016,GMVXL01.3EDB,,GMVXL01.3EDB,0
nonroad,2015,FDZXL07.1027,EDZXL07.1027,CDZXL07.1027,3
nonroad,2015,FDZXL07.1030,EDZXL07.1030,CDZXL07.1030,3
nonroad,2016,GSIDL04.9G6C,FSIDL04.9G6C,ESIDL04.9G6C,2
nonroad,2016,GKLXL03.3JDC,,GKLXL03.3JDC,0
nonroad,2016,GJDXL02.9142,FJDXL02.9142,FJDXL02.9142,1
nonroad,2016,GJDXL04.5119,CJDXL04.5119,CJDXL04.5119,1
nonroad,2016,GYDXL1.64S3N,CYDXL1.64M3N,CYDXL1.64M3N,1
nonroad,2016,GYDXL2.00J4T,CYDXL2.00J4T,CYDXL2.00J4T,1
nonroad,2015,FYDXL1.27NS1,DYDXL1.27NS1,DYDXL1.27NS1,1
nonroad,2015,FKBXL03.3EMD,,FKBXL03.3EMD,0
nonroad,2016,GMVXL33.9BBA,8MVXL33.9BBA,GMVXL33.9BBA,0
nonroad,2015,FJDXL04.5304,EJDXL04.5304,EJDXL04.5304,1
nonroad,2015,FYDXL1.57TDA,DYDXL1.57TDA,DYDXL1.57TDA,1
nonroad,2016,GKBXL01.3DCC,DKBXL01.3DCC,DKBXL01.3DCC,1
nonroad,2016,GKBXL02.4END,DKBXL02.4END,DKBXL02.4END,1
nonroad,2016,GKBXL01.5BPD,DKBXL01.5BPD,DKBXL01.5BPD,1
nonroad,2016,GKBXL02.6EKD,DKBXL02.6EKD,DKBXL02.6EKD,1
nonroad,2016,GKBXL02.6EMD,FKBXL02.6EMD,FKBXL02.6EMD,1
nonroad,2016,GKHXL3.36EST,FKHXL3.36EST,FKHXL3.36EST,1
nonroad,2016,GMVXL03.3EAA,,GMVXL03.3EAA,0
nonroad,2016,GKMCL2.28A46,DKMCL2.28A46,DKMCL2.28A46,1
nonroad,2016,GCEXL08.9AAL,FCEXL08.9AAL,FCEXL08.9AAL,1
nonroad,2016,GMMLL02.6T62,EMMLL02.6T62,EMMLL02.6T62,1
nonroad,2016,GMMLL02.6N62,DMMLL02.6N62,DMMLL02.6N62,1
nonroad,2016,GMMLL02.6N52,DMMLL02.6N52,DMMLL02.6N52,1
nonroad,2016,GLHAL24.2VZC,DLHAL24.2VZC,DLHAL24.2VZC,1
nonroad,2015,FH3XL1.13F2V,EH3XL1.13F2V,DH3XL1.13F2V,2
nonroad,2016,GMVXL02.2EAA,DMVXL02.2AAA,DMVXL02.2AAA,1
nonroad,2016,GYDXL1.27NS3,DYDXL1.27NS3,DYDXL1.27NS3,1
nonroad,2015,FVPXL16.1CJA,,FVPXL16.1CJA,0
nonroad,2016,GH3XL2.22AB7,FH3XL2.22AB7,EH3XL2.22AB7,2
nonroad,2015,FYDXL3.32NDA,FYDXL3.32NDA,FYDXL3.32NDA,0
nonroad,2013,DVPXL16.1CEA,CVPXL16.1CEA,CVPXL16.1CEA,1
nonroad,2016,GDZXL06.1049,FDZXL06.1049,FDZXL06.1049,1
nonroad,2016,GKMCL2.29A48,FKMCL2.29A48,FKMCL2.29A48,1
nonroad,2016,GHZXL.997M40,FHZXL.997M40,DHZXL.997V41,3
nonroad,2016,GHZXL1.72M41,FHZXL1.72M41,EHZXL1.72M41,2
nonroad,2016,GHZXL1.95C50,FHZXL1.95C50,FHZXL1.95C50,1
nonroad,2016,GHZXL2.57C43,FHZXL2.57C43,FHZXL2.57C43,1
nonroad,2016,GHZXL3.43C43,FHZXL3.43C43,FHZXL3.43C43,1
nonroad,2016,GDZXL07.1031,FDZXL07.1031,CDZXL07.1031,4
nonroad,2016,GKBXL.276KCC,,GKBXL.276KCC,0
nonroad,2016,GVPXL16.1CJA,,GVPXL16.1CJA,0
nonroad,2016,GYDXL3.32NDB,DYDXL3.32NDA,DYDXL3.32NDA,1
nonroad,2015,FSZXL05.2MXC,CSZXL05.2MXA,CSZXL05.2MXA,1
nonroad,2013,DSZXL05.2MXA,CSZXL05.2MXA,CSZXL05.2MXA,1
nonroad,2012,CSZXL15.7LXA,,CSZXL15.7LXA,0
nonroad,2017,HJDXL13.5201,CJDXL13.5201,BJDXL13.5201,2
nonroad,2016,GSIDL06.6G6D,,GSIDL06.6G6D,0
nonroad,2016,GNFXL03.0DD2,FNFXL03.0DD2,FNFXL03.0DD2,1
nonroad,2016,GDICL02.4LEA,FDICL02.4LEA,FDICL02.4LEA,1
nonroad,2017,HKBXL02.4GMD,,HKBXL02.4GMD,0
nonroad,2017,HJDXL13.5103,CJDXL13.5103,CJDXL13.5103,1
nonroad,2017,HJDXL13.5132,CJDXL13.5132,CJDXL13.5132,1
nonroad,2014,ESIDL06.6G6A,,ESIDL06.6G6A,0
nonroad,2017,HTIEL03.01KD,GTIEL03.01KD,ETIEL03.01KD,3
nonroad,2017,HMVXL03.3CBA,GMVXL03.3CBA,GMVXL03.3CBA,1
nonroad,2016,GFPXL15.9T4D,,GFPXL15.9T4D,0
nonroad,2017,HPKXL04.4MK1,GPKXL04.4MK1,FPKXL04.4MK1,2
nonroad,2016,GMNBL12.4OR4,,GMNBL12.4OR4,0
nonroad,2016,GKLXL06.7AAP,,GKLXL06.7AAP,0
nonroad,2017,HYDXL0.32H1N,FYDXL0.32H1N,FYDXL0.32H1N,1
nonroad,2017,HYDXL0.99NS1,DYDXL0.99NS1,DYDXL0.99NS1,1
nonroad,2016,GJDXL06.8307,,GJDXL06.8307,0
nonroad,2016,GFPXL03.4FSD,,GFPXL03.4FSD,0
nonroad,2017,HKBXL.325KCB,DKBXL.325KCB,DKBXL.325KCB,1
nonroad,2016,GCPXL84.7NSF,FCPXL84.7NSF,FCPXL84.7NSF,1
nonroad,2017,HDDXL14.0WLD,DDDXL14.0WLD,CDDXL14.0WLD,2
nonroad,2017,HDDXL14.0VLD,DDDXL14.0VLD,CDDXL14.0VLD,2
nonroad,2017,HKMCL2.28A47,DKMCL2.28A47,DKMCL2.28A47,1
nonroad,2017,HKMCL1.72A32,FKMCL1.72A32,FKMCL1.72A32,1
nonroad,2017,HKMCL2.29A41,FKMCL2.29A41,FKMCL2.29A41,1
nonroad,2017,HKMCL2.29A48,FKMCL2.29A48,FKMCL2.29A48,1
nonroad,2017,HKBXL03.6BAC,GKBXL03.6BAC,GKBXL03.6BAC,1
nonroad,2017,HMBXL07.7RJA,FMBXL07.7RJA,EMBXL07.7RJA,2
nonroad,2017,HMBXL12.8RJA,FMBXL12.8RJA,EMBXL12.8RJA,2
nonroad,2017,HMBXL07.2RJC,FMBXL07.2RJC,FMBXL07.2RJC,1
nonroad,2017,HVPXL16.1ACG,GVPXL16.1ACG,CVPXL16.1ACG,5
nonroad,2016,GJDXL09.0308,,GJDXL09.0308,0
nonroad,2017,HYDXL1.27NPA,DYDXL1.27NPA,DYDXL1.27NPA,1
nonroad,2017,HKHXL2.48ESM,GKHXL2.48ESM,EKHXL2.48ESM,3
nonroad,2017,HMVXL01.3EBA,GMVXL01.3EBA,GMVXL01.3EBA,1
nonroad,2017,HMVXL03.3AAK,7MVXL03.3AAF,HMVXL03.3AAK,0
nonroad,2017,HDZXL07.1026,GDZXL07.1026,CDZXL07.1026,5
nonroad,2017,HDZXL07.1030,GDZXL07.1030,CDZXL07.1030,5
nonroad,2017,HKLXL04.5AAI,GKLXL04.5AAI,GKLXL04.5AAI,1
nonroad,2017,HJCBL04.4S09,GJCBL04.4S09,GJCBL04.4S09,1
nonroad,2018,JMVXL02.5LLL,7MVXL02.5EEE,JMVXL02.5LLL,0
nonroad,2017,HKBXL01.8EKD,DKBXL01.8EKD,DKBXL01.8EKD,1
nonroad,2017,HKBXL03.3EMD,FKBXL03.3EMD,FKBXL03.3EMD,1
nonroad,2017,HHZXL.517M51,GHZXL.517M51,DHZXL.517V52,4
nonroad,2017,HHZXL.347C30,GHZXL.347C30,DHZXL.347C30,4
nonroad,2014,EFPXL04.5SCB,,EFPXL04.5SCB,0
nonroad,2017,HDICL02.4LEA,GDICL02.4LEA,FDICL02.4LEA,2
nonroad,2017,HHZXL1.72M41,GHZXL1.72M41,EHZXL1.72M41,3
nonroad,2017,HHZXL.667M81,,HHZXL.667M81,0
nonroad,2017,HKBXL01.7ECB,DKBXL01.7ECB,DKBXL01.7ECB,1
nonroad,2018,JMVXL02.2AAA,DMVXL02.2AAA,DMVXL02.2AAA,1
nonroad,2017,HMMLL03.5H20,,HMMLL03.5H20,0
nonroad,2018,JSZXL03.0JXK,HSZXL03.0JXK,HSZXL03.0JXK,1
nonroad,2017,HYDXL1.64NDA,,HYDXL1.64NDA,0
nonroad,2017,HFPXL08.7TR3,HFPXL08.7TR3,HFPXL08.7TR3,0
nonroad,2017,HFPXL08.7CLA,HFPXL08.7CLA,HFPXL08.7CLA,0
nonroad,2018,JPKXL07.0PW2,HPKXL07.0PW2,FPKXL07.0PW2,3
nonroad,2017,HJDXL04.5315,FJDXL04.5305,FJDXL04.5305,1
nonroad,2017,HSIDL07.4G6B,HSIDL07.4G6B,HSIDL07.4G6B,0
nonroad,2017,HSIDL06.6G6D,,HSIDL06.6G6D,0
nonroad,2017,HDICL01.8LEA,GDICL01.8LEA,FDICL01.8LEA,2
nonroad,2018,JYDXL0.99NS4,DYDXL0.99NS4,DYDXL0.99NS4,1
nonroad,2018,JSIDL09.8H6C,HSIDL09.8H6C,HSIDL09.8H6C,1
nonroad,2018,JYDXL1.64NMA,DYDXL1.64NMA,DYDXL1.64NMA,1
nonroad,2018,JYDXL1.64NGA,EYDXL1.64NGA,EYDXL1.64NGA,1
nonroad,2017,HH3XL1.13F2C,FH3XL1.13F2C,DH3XL1.13F2C,3
nonroad,2017,HKBXL01.5FCC,DKBXL01.5FCC,DKBXL01.5FCC,1
nonroad,2017,HFPXL15.9T4D,HFPXL15.9T4D,HFPXL15.9T4D,0
nonroad,2018,JJDXL04.5304,EJDXL04.5304,EJDXL04.5304,1
nonroad,2018,JJDXL06.8210,CJDXL06.8210,CJDXL06.8210,1
nonroad,2018,JKBXL.276KCB,DKBXL.276KCB,DKBXL.276KCB,1
nonroad,2018,JKBXL01.0BCB,DKBXL01.0BCB,DKBXL01.0BCB,1
nonroad,2018,JMMLL02.6C53,HMMLL02.6C53,HMMLL02.6C53,1
nonroad,2019,KKBXL.719NCB,EKBXL.719NCB,DKBXL.719NCB,2
nonroad,2019,KKBXL01.1DCB,DKBXL01.1DCB,DKBXL01.1DCB,1
nonroad,2018,JKBXL01.8EKD,DKBXL01.8EKD,DKBXL01.8EKD,1
nonroad,2018,JKBXL02.4EMC,FKBXL02.4EMC,FKBXL02.4EMC,1
nonroad,2018,JKBXL02.6END,DKBXL02.6END,DKBXL02.6END,1
nonroad,2018,JVPXL16.1ADA,HVPXL16.1ADA,CVPXL16.1ADA,6
nonroad,2018,JMMLL03.5N85,HMMLL03.5N85,HMMLL03.5N85,1
nonroad,2018,JICLL1.12B3X,GICLL1.12B3X,DICLL1.12B3X,4
nonroad,2018,JDZXL04.8029,HDZXL04.8029,CDZXL04.8029,6
nonroad,2018,JDZXL07.1028,HDZXL07.1028,CDZXL07.1028,6
nonroad,2018,JDZXL02.9021,HDZXL02.9021,HDZXL02.9021,1
nonroad,2018,JDZXL03.6018,HDZXL03.6018,EDZXL03.6018,4
nonroad,2018,JDZXL03.6060,GDZXL03.6060,FDZXL03.6060,2
nonroad,2018,JDZXL15.9058,GDZXL15.9058,FDZXL15.9058,2
nonroad,2018,JLGCL02.5L4A,HLGCL02.5L4A,HLGCL02.5L4A,1
nonroad,2017,HCPXL32.0HXF,GCPXL32.0HXF,CCPXL32.0HXA,5
nonroad,2018,JMMLL02.7C42,EMMLL02.7C42,EMMLL02.7C42,1
nonroad,2017,HCPXL18.1HTF,GCPXL18.1HTF,ECPXL18.1HTF,3
nonroad,2017,HH3XL.507E2C,GH3XL.507E2C,CH3XL.507E2C,5
nonroad,2017,HH3XL1.49N3V,GH3XL1.49N3V,CH3XL1.49N3V,5
nonroad,2017,HH3XL2.22L84,GH3XL2.22L84,CH3XL2.22L84,5
nonroad,2018,JMDDL14.0ZWK,AMDDL14.0GWK,JMDDL14.0ZWK,0
nonroad,2018,JMVXL01.0EBA,EMVXL01.0EBA,EMVXL01.0EBA,1
nonroad,2017,HY9XL09.3DAA,GY9XL09.3DAA,EY9XL09.3DAA,2
nonroad,2017,HPKXL04.4MT1,GPKXL04.4MT1,FPKXL04.4MT1,2
nonroad,2017,HH3XL2.22NLT,GH3XL2.22NLT,CH3XL2.22NLT,5
nonroad,2017,HH3XL2.22NLC,GH3XL2.22NLC,CH3XL2.22NLC,5
nonroad,2018,JMMLL02.6T60,,JMMLL02.6T60,0
nonroad,2018,JMDDL35.8GRR,7MDDL35.8GRR,JMDDL35.8GRR,0
nonroad,2018,JVSXL16.1HPE,,JVSXL16.1HPE,0
nonroad,2018,JVSXL10.8T4F,EVSXL10.8T4F,EVSXL10.8T4F,1
nonroad,2018,JDCLL01.8FTG,,JDCLL01.8FTG,0
nonroad,2018,JKLXL06.7AAM,,JKLXL06.7AAM,0
nonroad,2019,KFPXL06.7LIM,,KFPXL06.7LIM,0
nonroad,2019,KFPXL06.7DGB,JFPXL06.7DGB,JFPXL06.7DGB,1
nonroad,2019,KKBXL02.4E1D,,KKBXL02.4E1D,0
nonroad,2018,JDZXL06.1059,,JDZXL06.1059,0
nonroad,2018,JDZXL03.6055,,JDZXL03.6055,0
nonroad,2018,JCPXL09.3HPA,,JCPXL09.3HPA,0
nonroad,2018,JJDXL13.5314,GJDXL13.5314,GJDXL13.5314,1
nonroad,2018,JJDXL06.8312,GJDXL06.8312,GJDXL06.8312,1
nonroad,2018,JJDXL09.0301,EJDXL09.0301,EJDXL09.0301,1
nonroad,2018,JJDXL13.5300,EJDXL13.5300,EJDXL13.5300,1
nonroad,2018,JJDXL04.5311,GJDXL04.5311,GJDXL04.5311,1
nonroad,2019,KH3XL2.22F2V,JH3XL2.22F2V,JH3XL2.22F2V,1
nonroad,2019,KH3XL1.49TFV,JH3XL1.49TFV,EH3XL1.49TFV,3
nonroad,2019,KSIDL09.8H6C,JSIDL09.8H6C,HSIDL09.8H6C,2
nonroad,2019,KYDXL0.57NXA,DYDXL0.57NXA,DYDXL0.57NXA,1
nonroad,2019,KYDXL0.99NS2,DYDXL0.99NS2,DYDXL0.99NS2,1
nonroad,2020,LYDXL0.99NWB,HYDXL0.99NWB,HYDXL0.99NWB,1
nonroad,2018,JJDXL02.9318,,JJDXL02.9318,0
nonroad,2019,KMVXL02.5DAA,8MVXL02.5GGG,KMVXL02.5DAA,0
nonroad,2018,JCPXL84.7NSF,HCPXL84.7NSF,FCPXL84.7NSF,3
nonroad,2019,KHZXL1.95V50,GHZXL1.95V50,FHZXL1.95V50,2
nonroad,2018,JKBXL.719KCB,DKBXL.719KCB,DKBXL.719KCB,1
nonroad,2018,JKBXL02.4EKD,DKBXL02.4EKD,DKBXL02.4EKD,1
nonroad,2019,KYDXL1.27NS3,DYDXL1.27NS3,DYDXL1.27NS3,1
nonroad,2019,KFPXL03.4BPC,JFPXL03.4BPC,DFPXL03.4BPC,6
nonroad,2019,KFPXL03.4CDC,JFPXL03.4CDC,DFPXL03.4CDC,6
nonroad,2018,JYDXL2.09TGA,HYDXL2.09TGA,HYDXL2.09TGA,1
nonroad,2019,KPKXL04.4MK3,,KPKXL04.4MK3,0
nonroad,2018,JKBXL01.73CB,,JKBXL01.73CB,0
nonroad,2019,KVPXL16.1BEA,JVPXL16.1BEA,FVPXL16.1BEA,4
nonroad,2019,KTIEL01.81ZS,JTIEL01.81ZS,ETIEL01.81ZS,5
nonroad,2018,JYDXL3.32TKA,,JYDXL3.32TKA,0
nonroad,2019,KKBXL.898KCB,DKBXL.898KCB,DKBXL.898KCB,1
nonroad,2019,KMMLL02.7C38,EMMLL02.7C38,EMMLL02.7C38,1
nonroad,2019,KDZXL07.1032,HDZXL07.1032,CDZXL07.1032,6
nonroad,2019,KYDXL1.64NDA,HYDXL1.64NDA,HYDXL1.64NDA,1
nonroad,2019,KKBXL02.2FCC,CKBXL02.2FCC,CKBXL02.2FCC,1
nonroad,2019,KKBXL03.6BAC,GKBXL03.6BAC,GKBXL03.6BAC,1
nonroad,2019,KKHXL2.48EST,JKHXL2.48EST,FKHXL2.48EST,4
nonroad,2019,KKBXL03.3EMD,FKBXL03.3EMD,FKBXL03.3EMD,1
nonroad,2019,KYDXL1.57HDA,DYDXL1.57HDA,DYDXL1.57HDA,1
nonroad,2019,KMMLL02.6T60,JMMLL02.6T60,JMMLL02.6T60,1
nonroad,2018,JYDXL1.27TPA,,JYDXL1.27TPA,0
nonroad,2019,KKMCL2.39A45,BKMCL2.39A45,BKMCL2.39A45,1
nonroad,2018,JMVXL24.5BBA,9MVXL24.5BBA,JMVXL24.5BBA,0
nonroad,2018,JMVXL33.9BBA,8MVXL33.9BBA,JMVXL33.9BBA,0
nonroad,2018,JJDXL06.8309,FJDXL06.8309,FJDXL06.8309,1
nonroad,2018,JJDXL09.0308,GJDXL09.0308,GJDXL09.0308,1
nonroad,2018,JY9XL16.4DBA,,JY9XL16.4DBA,0
nonroad,2014,ESZXL02.2PXA,DSZXL02.2PXA,DSZXL02.2PXA,1
nonroad,2015,FSZXL02.2PXB,ESZXL02.2PXB,ESZXL02.2PXB,1
nonroad,2016,GSZXL02.2PXC,DSZXL02.2PXA,DSZXL02.2PXA,1
nonroad,2015,FSZXL02.2PXC,DSZXL02.2PXA,DSZXL02.2PXA,1
nonroad,2015,FSZXL02.2ZTB,ESZXL02.2ZTB,ESZXL02.2ZTB,1
nonroad,2018,JSZXL03.0PTA,DSZXL03.0PTA,DSZXL03.0PTA,1
nonroad,2019,KFGXL3.85E0V,JFGXL3.85E0V,JFGXL3.85E0V,1
nonroad,2019,KKBXL02.4EKD,DKBXL02.4EKD,DKBXL02.4EKD,1
nonroad,2019,KPKXL04.4NR1,JPKXL04.4NR1,FPKXL04.4NR1,4
nonroad,2019,KCEXL0275AAK,ECEXL0275AAK,CCEXL0275AAK,3
nonroad,2019,KYDXL2.09TDA,HYDXL2.09TDA,HYDXL2.09TDA,1
nonroad,2020,LMBXL04.8RJC,FMBXL04.8RJC,FMBXL04.8RJC,1
nonroad,2019,KMDDL95.4GTR,9MDDL95.4XTR,KMDDL95.4GTR,0
nonroad,2020,LSZXL02.2ZTB,ESZXL02.2ZTB,ESZXL02.2ZTB,1
nonroad,2020,LYDXL1.27NS3,DYDXL1.27NS3,DYDXL1.27NS3,1
nonroad,2020,LJDXL02.9121,DJDXL02.9121,DJDXL02.9121,1
nonroad,2019,KDICL02.4LEB,JDICL02.4LEB,FDICL02.4LEB,4
nonroad,2020,LMVXL33.9BBA,8MVXL33.9BBA,LMVXL33.9BBA,0
nonroad,2020,LMVXL37.1BBA,7MVXL37.1BBA,LMVXL37.1BBA,0
nonroad,2019,KVPXL12.8BCA,,KVPXL12.8BCA,0
nonroad,2020,LFPXL06.7LIM,KFPXL06.7LIM,KFPXL06.7LIM,1
nonroad,2020,LFPXL03.4BPC,HFPXL03.4BPC,DFPXL03.4BPC,5
nonroad,2019,KVPXL16.1BDA,,KVPXL16.1BDA,0
nonroad,2019,KVPXL16.1ADA,,KVPXL16.1ADA,0
nonroad,2018,JSZXL02.2ZTA,FSZXL02.2ZTA,FSZXL02.2ZTA,1
nonroad,2016,GSZXL02.2ZTA,FSZXL02.2ZTA,FSZXL02.2ZTA,1
nonroad,2019,KDCLL01.8HTV,,KDCLL01.8HTV,0
nonroad,2020,LKBXL.276KCC,GKBXL.276KCC,GKBXL.276KCC,1
nonroad,2020,LKBXL.416KCB,DKBXL.416KCB,DKBXL.416KCB,1
nonroad,2020,LKBXL.898KCB,DKBXL.898KCB,DKBXL.898KCB,1
nonroad,2020,LKBXL.778KCB,DKBXL.778KCB,DKBXL.778KCB,1
nonroad,2020,LMVXL03.3AAJ,7MVXL03.3AAC,LMVXL03.3AAJ,0
nonroad,2020,LKBXL01.5FCC,DKBXL01.5FCC,DKBXL01.5FCC,1
nonroad,2020,LKBXL01.5BPD,DKBXL01.5BPD,DKBXL01.5BPD,1
nonroad,2019,KMNBL12.4OR4,HMNBL12.4OR4,GMNBL12.4OR4,2
nonroad,2019,KKBXL02.4G3D,,KKBXL02.4G3D,0
nonroad,2020,LKBXL02.6EKD,DKBXL02.6EKD,DKBXL02.6EKD,1
nonroad,2020,LVPXL16.1BDA,KVPXL16.1BDA,KVPXL16.1BDA,1
nonroad,2020,LYDXL1.64S3A,CYDXL1.64J3N,CYDXL1.64J3N,1
nonroad,2020,LYDXL2.19S4N,CYDXL2.19J4N,CYDXL2.19J4N,1
nonroad,2019,KJDXL06.8302,EJDXL06.8302,EJDXL06.8302,1
nonroad,2020,LKBXL02.432D,,LKBXL02.432D,0
nonroad,2019,KY9XL09.3DAA,,KY9XL09.3DAA,0
nonroad,2020,LLGCL01.9L3D,KLGCL01.9L3D,KLGCL01.9L3D,1
nonroad,2020,LYDXL2.09TGA,HYDXL2.09TGA,HYDXL2.09TGA,1
nonroad,2020,LYDXL0.57NUA,DYDXL0.57NUA,DYDXL0.57NUA,1
nonroad,2020,LMMLL03.5H15,HMMLL03.5H15,HMMLL03.5H15,1
nonroad,2020,LMMLL02.7C40,DMMLL02.7C40,DMMLL02.7C40,1
nonroad,2020,LMMLL03.5N92,HMMLL03.5N92,HMMLL03.5N92,1
nonroad,2020,LMMLL03.5N85,HMMLL03.5N85,HMMLL03.5N85,1
nonroad,2020,LH3XL1.13F2C,KH3XL1.13F2C,DH3XL1.13F2C,5
nonroad,2020,LH3XL2.22F2V,KH3XL2.22F2V,JH3XL2.22F2V,2
nonroad,2020,LH3XL2.22TCC,KH3XL2.22TCC,CH3XL2.22TCC,8
nonroad,2020,LH3XL1.13SLV,KH3XL1.13SLV,CH3XL1.13SLV,8
nonroad,2019,KDZXL03.6063,JDZXL03.6063,FDZXL03.6063,4
nonroad,2020,LDZXL07.1026,KDZXL07.1026,CDZXL07.1026,7
nonroad,2020,LDZXL07.1030,KDZXL07.1030,CDZXL07.1030,7
nonroad,2019,KDZXL05.7053,,KDZXL05.7053,0
nonroad,2020,LMDDL35.8GRR,7MDDL35.8GRR,LMDDL35.8GRR,0
nonroad,2020,LFPXL08.7T4W,HFPXL08.7T4W,HFPXL08.7T4W,1
nonroad,2019,KKBXL03.8AMD,HKBXL03.8AMD,HKBXL03.8AMD,1
nonroad,2020,LDICL05.8LEA,KDICL05.8LEA,FDICL05.8LEA,5
nonroad,2020,LJDXL04.5315,FJDXL04.5305,FJDXL04.5305,1
nonroad,2021,MHZXL.517M54,,MHZXL.517M54,0
nonroad,2020,LDZXL06.1059,JDZXL06.1059,JDZXL06.1059,1
nonroad,2020,LKOEL3.24NAX,JKOEL3.24NAX,JKOEL3.24NAX,1
nonroad,2020,LMVXL03.3CBB,KMVXL03.3CBB,KMVXL03.3CBB,1
nonroad,2020,LYDXL1.12NPB,,LYDXL1.12NPB,0
nonroad,2019,KAELL3.46ECR,,KAELL3.46ECR,0
nonroad,2020,LPKXL2.22NLC,,LPKXL2.22NLC,0
nonroad,2020,LPKXL07.0VL1,KPKXL07.0VL1,KPKXL07.0VL1,1
nonroad,2020,LDZXL15.9058,,LDZXL15.9058,0
nonroad,2020,LCEXL08.9AAN,GCEXL08.9AAN,GCEXL08.9AAN,1
nonroad,2020,LKHXL3.36TDS,,LKHXL3.36TDS,0
nonroad,2021,MFPXL04.5DTD,JFPXL04.5DTD,JFPXL04.5DTD,1
nonroad,2020,LPKXL04.4NR2,KPKXL04.4NR2,FPKXL04.4NR2,5
nonroad,2021,MSZXL02.2PXC,DSZXL02.2PXA,DSZXL02.2PXA,1
nonroad,2021,MJDXL13.5103,CJDXL13.5103,CJDXL13.5103,1
nonroad,2020,LPKXL03.6FX1,,LPKXL03.6FX1,0
nonroad,2020,LSIDL09.8H6C,,LSIDL09.8H6C,0
nonroad,2020,LSIDL04.9G6C,,LSIDL04.9G6C,0
nonroad,2021,MJDXL04.5311,GJDXL04.5311,GJDXL04.5311,1
nonroad,2020,LY9XL16.4DAA,KY9XL16.4DAA,KY9XL16.4DAA,1
nonroad,2020,LVPXL16.1CJA,,LVPXL16.1CJA,0
nonroad,2021,MVPXL16.1ADA,LVPXL16.1ADA,KVPXL16.1ADA,2
nonroad,2021,MMNBL09.0OR4,KMNBL09.0OR4,KMNBL09.0OR4,1
nonroad,2021,MLGCL02.5L4T,GLGCL02.5L4T,FLGCL02.5L4T,2
nonroad,2020,LKBXL.898KAB,,LKBXL.898KAB,0
nonroad,2020,LFPXL06.7CLA,KFPXL06.7CLA,KFPXL06.7CLA,1
nonroad,2021,MPKXL02.2NLT,LPKXL2.22NLT,LPKXL2.22NLT,1
nonroad,2020,LKMCL1.17A33,DKMCL1.17A33,DKMCL1.17A33,1
nonroad,2021,MYDXL01.3NS3,DYDXL1.27NS3,DYDXL1.27NS3,1
nonroad,2014,ECEXL019.AAD,,ECEXL019.AAD,0
nonroad,2020,LFPXL06.7SCB,JFPXL06.7SCB,HFPXL06.7SCB,2
nonroad,2018,JCEXL050.AAD,FCEXL050.AAD,FCEXL050.AAD,1
nonroad,2021,MKHXL02.5ESM,LKHXL2.48ESM,LKHXL2.48ESM,1
nonroad,2020,LFPXL11.1T4W,HFPXL11.1T4W,HFPXL11.1T4W,1
nonroad,2020,LKBXL06.1AMD,FKBXL06.1AMD,FKBXL06.1AMD,1
nonroad,2021,MPKXL01.1F2V,LPKXL1.13F2V,LPKXL1.13F2V,1
nonroad,2021,MPKXL01.5F2C,LPKXL1.49F2C,LPKXL1.49F2C,1
nonroad,2021,MKHXL02.5EST,LKHXL2.48EST,LKHXL2.48EST,1
nonroad,2021,MYDXL01.3TPA,JYDXL1.27TPA,JYDXL1.27TPA,1
nonroad,2021,MYDXL.320H1N,FYDXL0.32H1N,FYDXL0.32H1N,1
nonroad,2021,MKBXL.416KCB,DKBXL.416KCB,DKBXL.416KCB,1
nonroad,2021,MYDXL01.6HDA,DYDXL1.57HDA,DYDXL1.57HDA,1
nonroad,2020,LKBXL01.3DCB,DKBXL01.3DCB,DKBXL01.3DCB,1
nonroad,2013,DYDXL1.64NKA,,DYDXL1.64NKA,0
nonroad,2021,MYDXL02.2NDA,DYDXL2.19NDA,DYDXL2.19NDA,1
nonroad,2021,MKBXL01.5BCB,DKBXL01.5BCB,DKBXL01.5BCB,1
nonroad,2021,MDZXL07.1031,LDZXL07.1031,CDZXL07.1031,8
nonroad,2021,MDZXL07.1032,LDZXL07.1032,CDZXL07.1032,8
nonroad,2021,MDZXL07.1027,LDZXL07.1027,CDZXL07.1027,8
nonroad,2021,MDZXL07.1028,LDZXL07.1028,CDZXL07.1028,8
nonroad,2021,MKBXL02.4EKC,EKBXL02.4EKC,EKBXL02.4EKC,1
nonroad,2021,MKBXL02.4GND,DKBXL02.4GND,DKBXL02.4GND,1
nonroad,2021,MKBXL02.4E2D,KKBXL02.4E2D,KKBXL02.4E2D,1
nonroad,2021,MMMLL03.5N95,HMMLL03.5N95,HMMLL03.5N95,1
nonroad,2021,MHZXL1.46M52,LHZXL1.46M52,LHZXL1.46M52,1
nonroad,2021,MHZXL1.95V51,LHZXL1.95V51,LHZXL1.95V51,1
nonroad,2021,MKBXL02.2FCC,CKBXL02.2FCC,CKBXL02.2FCC,1
nonroad,2021,MKBXL03.6BAC,GKBXL03.6BAC,GKBXL03.6BAC,1
nonroad,2020,LJDXL09.0319,,LJDXL09.0319,0
nonroad,2021,MJDXL06.8302,LJDXL06.8302,LJDXL06.8302,1
nonroad,2021,MKBXL05.0A5D,,MKBXL05.0A5D,0
nonroad,2021,MDZXL02.2114,,MDZXL02.2114,0
nonroad,2022,NFPXL03.4CDC,HFPXL03.4CDC,DFPXL03.4CDC,5
nonroad,2021,MKBXL03.3EMD,FKBXL03.3EMD,FKBXL03.3EMD,1
nonroad,2021,MFPXL08.7CLA,JFPXL08.7CLA,HFPXL08.7CLA,2
nonroad,2021,MFPXL06.7CLA,KFPXL06.7CLA,KFPXL06.7CLA,1
nonroad,2021,MKHXL03.4TCG,,MKHXL03.4TCG,0
nonroad,2021,MFPXL15.9FR1,LFPXL15.9FR1,LFPXL15.9FR1,1
nonroad,2021,MFPXL11.1FS1,LFPXL11.1FS1,LFPXL11.1FS1,1
nonroad,2021,MKBXL03.8A1C,LKBXL03.8A1C,LKBXL03.8A1C,1
nonroad,2020,LVPXL16.1ACC,,LVPXL16.1ACC,0
nonroad,2022,NKHXL03.4TCG,MKHXL03.4TCG,MKHXL03.4TCG,1
nonroad,2022,NKBXL.276KCC,GKBXL.276KCC,GKBXL.276KCC,1
nonroad,2022,NKBXL.325KCB,DKBXL.325KCB,DKBXL.325KCB,1
nonroad,2022,NKBXL.416KCB,DKBXL.416KCB,DKBXL.416KCB,1
nonroad,2022,NKBXL.898KAB,LKBXL.898KAB,LKBXL.898KAB,1
nonroad,2022,NJDXL13.5132,CJDXL13.5132,CJDXL13.5132,1
nonroad,2021,MCPXL32.0HXF,LCPXL32.0HXF,CCPXL32.0HXA,9
nonroad,2021,MFPXL04.5LBH,JFPXL04.5LBH,JFPXL04.5LBH,1
nonroad,2021,MYDXL01.6TDA,HYDXL1.57TDA,HYDXL1.57TDA,1
nonroad,2022,NJDXL04.5315,FJDXL04.5305,FJDXL04.5305,1
nonroad,2022,NFPXL03.4DEK,LFPXL03.4DEK,LFPXL03.4DEK,1
nonroad,2022,NYDXL.993NS4,DYDXL0.99NS4,DYDXL0.99NS4,1
nonroad,2022,NYDXL.993NSA,DYDXL0.99NS1,DYDXL0.99NS1,1
nonroad,2022,NKBXL01.8EMD,FKBXL01.8EMD,FKBXL01.8EMD,1
nonroad,2022,NYDXL01.6S3N,CYDXL1.64M3N,CYDXL1.64M3N,1
nonroad,2022,NYDXL01.1NPA,JYDXL1.12NPA,JYDXL1.12NPA,1
nonroad,2022,NMBXL10.6RJD,KMBXL10.6RJD,KMBXL10.6RJD,1
nonroad,2019,KCEXL030.AAD,CCEXL030.AAD,CCEXL030.AAD,1
nonroad,2022,NPKXL07.0PW2,MPKXL07.0PW2,FPKXL07.0PW2,7
nonroad,2022,NPKXL04.4NM1,MPKXL04.4NM1,CPKXL04.4NM1,10
nonroad,2022,NSZXL02.2PXC,DSZXL02.2PXA,DSZXL02.2PXA,1
nonroad,2022,NPKXL04.4MT1,MPKXL04.4MT1,FPKXL04.4MT1,7
nonroad,2022,NKBXL02.6E2D,KKBXL02.6E2D,KKBXL02.6E2D,1
nonroad,2021,MMVXL24.5BBA,9MVXL24.5BBA,MMVXL24.5BBA,0
nonroad,2022,NPKXL.761F1C,MPKXL.761F1C,LPKXL.761F1C,2
nonroad,2022,NPKXL01.5FTV,MPKXL01.5FTV,LPKXL1.49FTV,2
nonroad,2022,NPKXL01.1IZ1,MPKXL01.1IZ1,MPKXL01.1IZ1,1
nonroad,2022,NJDXL06.8302,LJDXL06.8302,LJDXL06.8302,1
nonroad,2022,NKBXL03.8C1D,KKBXL03.8C1D,KKBXL03.8C1D,1
nonroad,2022,NYDXL01.6TDA,HYDXL1.57TDA,HYDXL1.57TDA,1
nonroad,2022,NMBXL07.2RJC,FMBXL07.2RJC,FMBXL07.2RJC,1
nonroad,2022,NKHXL03.4EST,,NKHXL03.4EST,0
nonroad,2022,NMMLL02.6T60,JMMLL02.6T60,JMMLL02.6T60,1
nonroad,2022,NKBXL03.8A1C,LKBXL03.8A1C,LKBXL03.8A1C,1
nonroad,2022,NYDXL04.6HDA,MYDXL04.6HDA,MYDXL04.6HDA,1
nonroad,2021,MDZXL02.9021,,MDZXL02.9021,0
nonroad,2022,NMMLL02.7H39,DMMLL02.7M40,DMMLL02.7M40,1
nonroad,2022,NMMLL02.7H42,DMMLL02.7C49,DMMLL02.7C49,1
nonroad,2023,PYDXL02.2NFB,MYDXL02.2NFB,MYDXL02.2NFB,1
nonroad,2022,NDZXL02.2115,MDZXL02.2115,MDZXL02.2115,1
nonroad,2022,NDZXL06.1049,MDZXL06.1049,MDZXL06.1049,1
nonroad,2022,NPKXL02.2NLT,LPKXL2.22NLT,LPKXL2.22NLT,1
nonroad,2022,NSIDL06.6G6D,MSIDL06.6G6D,MSIDL06.6G6D,1
nonroad,2022,NSIDL07.4G6B,MSIDL07.4G6B,MSIDL07.4G6B,1
nonroad,2022,NDZXL03.6122,MDZXL03.6122,MDZXL03.6122,1
nonroad,2022,NYDXL.570NXA,DYDXL0.57NXA,DYDXL0.57NXA,1
nonroad,2023,PYDXL.993NWB,HYDXL0.99NWB,HYDXL0.99NWB,1
nonroad,2021,MKOEL3.24NAX,JKOEL3.24NAX,JKOEL3.24NAX,1
nonroad,2022,NKBXL01.5BCB,DKBXL01.5BCB,DKBXL01.5BCB,1
nonroad,2022,NDZXL02.9020,,NDZXL02.9020,0
nonroad,2022,NKMCL3.41D44,,NKMCL3.41D44,0
nonroad,2022,NDICL01.8LEA,MDICL01.8LEA,LDICL01.8LEA,2
nonroad,2022,NFPXL08.7FR1,LFPXL08.7FR1,LFPXL08.7FR1,1
nonroad,2022,NFPXL12.9FR2,LFPXL12.9FR2,LFPXL12.9FR2,1
nonroad,2021,MSZXL05.2RXA,FSZXL05.2RXA,FSZXL05.2RXA,1
nonroad,2016,GSZXL05.2RXB,FSZXL05.2RXB,FSZXL05.2RXB,1
nonroad,2023,PMVXL33.9BBA,8MVXL33.9BBA,PMVXL33.9BBA,0
nonroad,2022,NHZXL.347C32,,NHZXL.347C32,0
nonroad,2022,NMVXL02.2EAA,DMVXL02.2AAA,DMVXL02.2AAA,1
nonroad,2020,LSZXL07.8QXA,ESZXL07.8QXA,ESZXL07.8QXA,1
nonroad,2015,FSZXL09.8QXA,ESZXL09.8QXA,ESZXL09.8QXA,1
nonroad,2023,PDZXL07.1027,NDZXL07.1027,CDZXL07.1027,10
nonroad,2023,PCPXL15.2NZS,NCPXL15.2NZS,CCPXL15.2NZS,11
nonroad,2023,PDZXL02.2112,NDZXL02.2112,LDZXL02.2112,3
nonroad,2016,GSZXL15.7QXA,ESZXL15.7QXA,ESZXL15.7QXA,1
nonroad,2019,KSZXL15.7QXA,ESZXL15.7QXA,ESZXL15.7QXA,1
nonroad,2020,LSZXL15.7QXA,ESZXL15.7QXA,ESZXL15.7QXA,1
nonroad,2023,PJDXL13.5146,EJDXL13.5146,EJDXL13.5146,1
nonroad,2022,NKBXL02.4GKC,,NKBXL02.4GKC,0
nonroad,2022,NVPXL16.1CEB,MVPXL16.1CEB,MVPXL16.1CEB,1
nonroad,2022,NCPXL18.1HXF,MCPXL18.1HXF,CCPXL18.1HXA,10
nonroad,2023,PSZXL03.0RXB,FSZXL03.0RXB,FSZXL03.0RXB,1
nonroad,2023,PDZXL06.1059,NDZXL06.1059,MDZXL06.1059,2
nonroad,2023,PJDXL09.0313,GJDXL09.0313,GJDXL09.0313,1
nonroad,2023,PHZXL.347V32,NHZXL.347V32,NHZXL.347V32,1
nonroad,2023,PHZXL.517M54,NHZXL.517M54,MHZXL.517M54,2
nonroad,2023,PHZXL1.95V51,LHZXL1.95V51,LHZXL1.95V51,1
nonroad,2023,PPKXL07.0PW2,NPKXL07.0PW2,FPKXL07.0PW2,8
nonroad,2023,PPKXL02.2TCC,NPKXL02.2TCC,LPKXL2.22TCC,3
nonroad,2023,PPKXL02.2NLC,NPKXL02.2NLC,LPKXL2.22NLC,3
nonroad,2023,PKBXL.276KCC,GKBXL.276KCC,GKBXL.276KCC,1
nonroad,2022,NJDXL06.8309,FJDXL06.8309,FJDXL06.8309,1
nonroad,2023,PKBXL02.4EKC,EKBXL02.4EKC,EKBXL02.4EKC,1
nonroad,2023,PKHXL01.4KSD,,PKHXL01.4KSD,0
nonroad,2023,PPKXL02.2F2V,NPKXL02.2F2V,LPKXL2.22F2V,3
nonroad,2023,PDZXL07.8047,NDZXL07.8047,MDZXL07.8047,2
nonroad,2023,PFTGL03.0R3C,LFTGL03.0R3C,LFTGL03.0R3C,1
nonroad,2023,PKBXL02.6EMD,FKBXL02.6EMD,FKBXL02.6EMD,1
nonroad,2023,PKBXL03.3EMD,FKBXL03.3EMD,FKBXL03.3EMD,1
nonroad,2021,MKHXL03.4TDS,,MKHXL03.4TDS,0
nonroad,2023,PMVXL01.8EDC,,PMVXL01.8EDC,0
nonroad,2023,PKBXL02.6E1D,KKBXL02.6E1D,KKBXL02.6E1D,1
nonroad,2023,PKBXL02.6G3D,KKBXL02.6G3D,KKBXL02.6G3D,1
nonroad,2023,PKBXL.719NCB,EKBXL.719NCB,DKBXL.719NCB,2
nonroad,2023,PKBXL01.5DCB,DKBXL01.1DCB,DKBXL01.1DCB,1
nonroad,2023,PLHAL16.2VWC,MLHAL16.2VWC,MLHAL16.2VWC,1
nonroad,2022,NDCLL01.6D87,,NDCLL01.6D87,0
nonroad,2023,PYDXL01.1NPB,NYDXL01.1NPB,NYDXL01.1NPB,1
nonroad,2023,PAELL3.46ECR,LAELL3.46ECR,LAELL3.46ECR,1
nonroad,2023,PDTAL04.8RJC,FMBXL04.8RJC,FMBXL04.8RJC,1
nonroad,2023,PDTAL07.2RJC,FMBXL07.2RJC,FMBXL07.2RJC,1
nonroad,2023,PMVXL03.3AAJ,7MVXL03.3AAC,PMVXL03.3AAJ,0
nonroad,2023,PYDXL03.1HDA,NYDXL03.1HDA,NYDXL03.1HDA,1
nonroad,2023,PICLL01.1B3X,GICLL1.12B3X,DICLL1.12B3X,4
nonroad,2023,PDCLL03.8JAV,,PDCLL03.8JAV,0
nonroad,2023,PTYCL2.28A46,,PTYCL2.28A46,0
nonroad,2023,PICLL01.5C3X,GICLL1.50C3X,DICLL1.50C3X,4
nonroad,2023,PCEXL50.0AAF,,PCEXL50.0AAF,0
nonroad,2023,PSIDL09.8I7C,NSIDL09.8I7C,NSIDL09.8I7C,1
nonroad,2023,PJDXL04.5141,CJDXL04.5141,CJDXL04.5141,1
nonroad,2020,LKLXL50.0AAI,,LKLXL50.0AAI,0
nonroad,2023,PPKXL01.5FTV,NPKXL01.5FTV,LPKXL1.49FTV,3
nonroad,2020,LCEXL50.0AAF,,LCEXL50.0AAF,0
nonroad,2024,RSZXL02.2VNL,JSZXL02.2VNL,JSZXL02.2VNL,1
nonroad,2024,RSZXL02.2PXC,DSZXL02.2PXA,DSZXL02.2PXA,1
nonroad,2024,RYDXL01.3NWB,HYDXL1.27NWB,HYDXL1.27NWB,1
nonroad,2024,RJDXL04.5119,CJDXL04.5119,CJDXL04.5119,1
nonroad,2024,RJDXL09.0114,CJDXL09.0114,CJDXL09.0114,1
nonroad,2024,RJDXL13.5103,CJDXL13.5103,CJDXL13.5103,1
nonroad,2024,RDZXL07.1027,PDZXL07.1027,CDZXL07.1027,11
nonroad,2024,RDZXL07.1028,PDZXL07.1028,CDZXL07.1028,11
nonroad,2024,RDZXL03.1041,CDZXL03.1041,CDZXL03.1041,1
nonroad,2024,RTTVL02.9WMS,MTTVL02.9WMS,LTTVL02.9WMS,2
nonroad,2024,RFPXL04.5DTD,JFPXL04.5DTD,JFPXL04.5DTD,1
nonroad,2023,PDCLL01.0D5G,GDCLL01.0D5G,CDCLL01.0D5G,2
nonroad,2024,RMVXL33.9BBA,8MVXL33.9BBA,RMVXL33.9BBA,0
nonroad,2024,RMVXL02.5DAA,8MVXL02.5GGG,RMVXL02.5DAA,0
nonroad,2024,RDZXL02.2115,PDZXL02.2115,PDZXL02.2115,1
nonroad,2024,RPKXL01.1F2C,PPKXL01.1F2C,LPKXL1.13F2C,3
nonroad,2023,PPKXL04.4MT1,NPKXL04.4MT1,FPKXL04.4MT1,8
nonroad,2023,PPKXL04.4MW1,NPKXL04.4MW1,FPKXL04.4MW1,8
nonroad,2024,RDZXL03.6122,PDZXL03.6122,MDZXL03.6122,3
nonroad,2024,RDZXL03.6121,PDZXL03.6121,MDZXL03.6121,3
nonroad,2024,RDZXL03.6063,PDZXL03.6063,PDZXL03.6063,1
nonroad,2024,RHZXL.347V32,PHZXL.347V32,NHZXL.347V32,2
nonroad,2023,PJDXL04.5337,,PJDXL04.5337,0
nonroad,2024,RFTGL02.2R3N,GFTGL02.2R3N,FFTGL02.2R3N,2
nonroad,2024,RJDXL04.5317,NJDXL04.5317,NJDXL04.5317,1
nonroad,2024,RDCLL01.0D75,NDCLL01.0D75,NDCLL01.0D75,1
nonroad,2022,NVPXL05.1CJA,MVPXL05.1CJA,MVPXL05.1CJA,1
nonroad,2024,RDCLL02.4HTV,LDCLL02.4HTV,LDCLL02.4HTV,1
nonroad,2023,PVPXL16.1ACC,NVPXL16.1ACC,LVPXL16.1ACC,2
nonroad,2024,RYDXL01.1NPB,NYDXL01.1NPB,NYDXL01.1NPB,1
nonroad,2024,RKBXL01.1BFB,,RKBXL01.1BFB,0
nonroad,2024,RKBXL06.1C5D,PKBXL06.1C5D,PKBXL06.1C5D,1
nonroad,2024,RKBXL01.0BCB,DKBXL01.0BCB,DKBXL01.0BCB,1
nonroad,2024,RKBXL01.5BCC,DKBXL01.5BCC,DKBXL01.5BCC,1
nonroad,2024,RMMLL02.7C38,EMMLL02.7C38,EMMLL02.7C38,1
nonroad,2024,RMMLL02.1E35,DMMLL02.7C49,DMMLL02.7C49,1
nonroad,2024,RMMLL02.6T60,JMMLL02.6T60,JMMLL02.6T60,1
nonroad,2024,RKBXL.479KCC,MKBXL.479KCC,MKBXL.479KCC,1
nonroad,2024,RKBXL02.4EMC,FKBXL02.4EMC,FKBXL02.4EMC,1
nonroad,2024,RLHAL103.VQS,PLHAL103.VQS,PLHAL103.VQS,1
nonroad,2024,RYDXL02.1HKA,PYDXL02.1HKA,PYDXL02.1HKA,1
nonroad,2024,RLHAL10.5SWC,MLHAL10.5SWC,MLHAL10.5SWC,1
nonroad,2024,RKBXL.277KCC,GKBXL.276KCC,GKBXL.276KCC,1
nonroad,2023,PVPXL07.7CJA,,PVPXL07.7CJA,0
nonroad,2024,RDICL01.8LEA,PDICL01.8LEA,LDICL01.8LEA,4
nonroad,2024,RJCBL04.4TA5,LJCBL04.4TA5,LJCBL04.4TA5,1
nonroad,2024,RYDXL02.2S4A,PYDXL01.6S3N,PYDXL01.6S3N,1
nonroad,2024,RVPXL07.7CJA,NVPXL07.7CJA,NVPXL07.7CJA,1
nonroad,2024,RCEXL0275AAH,,RCEXL0275AAH,0
nonroad,2024,RDZXL06.1059,,RDZXL06.1059,0
nonroad,2024,RKBXL.719KCC,DKBXL.719KCC,DKBXL.719KCC,1
nonroad,2024,RY9XL16.4DAA,LY9XL16.4DAA,KY9XL16.4DAA,2
nonroad,2023,PCEXL15.0AAL,ECEXL15.0AAL,ECEXL15.0AAL,1
nonroad,2022,NCEXL15.0AAL,ECEXL15.0AAL,ECEXL15.0AAL,1
nonroad,2020,LCEXL04.5AAL,,LCEXL04.5AAL,0
nonroad,2023,PCEXL06.7AAQ,,PCEXL06.7AAQ,0
nonroad,2022,NCEXL08.9AAQ,KCEXL08.9AAQ,KCEXL08.9AAQ,1
nonroad,2024,RCEXL30.0AAE,PCEXL30.0AAE,LCEXL30.0AAE,2
nonroad,2012,CCEXL0275AAG,,CCEXL0275AAG,0
nonroad,2021,MCEXL08.9AAK,ECEXL08.9AAK,ECEXL08.9AAK,1
nonroad,2022,NCEXL12.0AAA,FCEXL12.0AAA,FCEXL12.0AAA,1
nonroad,2023,PCEXL0409AAD,,PCEXL0409AAD,0
nonroad,2021,MCEXL0409AAD,,MCEXL0409AAD,0
nonroad,2024,RDZXL06.1049,,RDZXL06.1049,0
nonroad,2023,PCEXL15.0AAI,ECEXL15.0AAI,CCEXL15.0AAI,3
nonroad,2022,NCEXL15.0AAI,ECEXL15.0AAI,CCEXL15.0AAI,3
nonroad,2021,MCEXL15.0AAI,ECEXL15.0AAI,CCEXL15.0AAI,3
nonroad,2024,RHZXL02.0V53,,RHZXL02.0V53,0
nonroad,2025,SCPXL58.6HXS,RCPXL58.6HXS,LCPXL58.6HXS,5
nonroad,2024,RKBXL02.4E1D,KKBXL02.4E1D,KKBXL02.4E1D,1
nonroad,2021,MLHAL45.0VQC,LLHAL45.0VQC,LLHAL45.0VQC,1
nonroad,2020,LLHAL45.0VQC,,LLHAL45.0VQC,0
nonroad,2023,PDICL03.4LEA,NDICL03.4LEA,HDICL03.4LEA,6
nonroad,2020,LDICL03.4LEA,KDICL03.4LEA,HDICL03.4LEA,3
nonroad,2025,SJDXL04.5214,DJDXL04.5214,DJDXL04.5214,1
nonroad,2025,SSZXL03.0RXB,FSZXL03.0RXB,FSZXL03.0RXB,1
nonroad,2016,GCEXL95.0AAA,,GCEXL95.0AAA,0
nonroad,2015,FCEXL95.0AAA,,FCEXL95.0AAA,0
nonroad,2024,RLHAL13.5SQC,PLHAL13.5SQC,KLHAL13.5SQC,2
nonroad,2025,SLHAL103.VQS,PLHAL103.VQS,PLHAL103.VQS,1
nonroad,2025,SSIDL09.8H6C,RSIDL09.8H6C,PSIDL09.8H6C,2
nonroad,2024,RKBXL01.5A1D,LKBXL01.5A1D,LKBXL01.5A1D,1
nonroad,2024,RKLXL23.2FDE,MKLXL23.2FDE,MKLXL23.2FDE,1
nonroad,2025,SPKXL01.5N3T,RPKXL01.5N3T,PPKXL01.5N3T,2
nonroad,2025,SFPXL11.1FR1,NFPXL11.1FR1,NFPXL11.1FR1,1
nonroad,2025,SKBXL.417KCB,DKBXL.416KCB,DKBXL.416KCB,1
nonroad,2025,SDZXL04.8029,RDZXL04.8029,CDZXL04.8029,12
nonroad,2025,SLGCL02.5L4A,HLGCL02.5L4A,HLGCL02.5L4A,1
nonroad,2025,SKBXL02.2FCC,CKBXL02.2FCC,CKBXL02.2FCC,1
nonroad,2015,FCEXL060.AAD,,FCEXL060.AAD,0
nonroad,2025,SPKXL02.2NLC,RPKXL02.2NLC,LPKXL2.22NLC,5
nonroad,2025,SJDXL04.5316,JJDXL04.5316,JJDXL04.5316,1
nonroad,2025,SKBXL02.4E1D,KKBXL02.4E1D,KKBXL02.4E1D,1
nonroad,2025,SKBXL02.4E3D,KKBXL02.4E3D,KKBXL02.4E3D,1
nonroad,2020,LCEXL60.0AAF,,LCEXL60.0AAF,0
nonroad,2024,RPKXL04.4MT1,PPKXL04.4MT1,FPKXL04.4MT1,9
nonroad,2024,RPKXL03.6FX1,PPKXL03.6FX1,LPKXL03.6FX1,4
nonroad,2024,RVPXL17.3ADA,,RVPXL17.3ADA,0
nonroad,2025,SPKXL04.4NL1,RPKXL04.4NL1,CPKXL04.4NL1,13
nonroad,2025,SPKXL01.1F2C,RPKXL01.1F2C,LPKXL1.13F2C,4
nonroad,2024,RPKXL07.0PW2,PPKXL07.0PW2,FPKXL07.0PW2,9
nonroad,2024,RYDXL03.3NDA,PYDXL03.3NDA,PYDXL03.3NDA,1
nonroad,2018,JLHAL24.2VQT,GLHAL24.2VQT,GLHAL24.2VQT,1
nonroad,2019,KLHAL24.2VQT,GLHAL24.2VQT,GLHAL24.2VQT,1
nonroad,2014,ELHAL7.96SQC,,ELHAL7.96SQC,0
nonroad,2016,GLHAL7.96SQC,ELHAL7.96SQC,ELHAL7.96SQC,1
nonroad,2025,SKOEL3.24NAX,JKOEL3.24NAX,JKOEL3.24NAX,1
nonroad,2025,SYDXL.993NUA,PYDXL.993NUA,PYDXL.993NUA,1
nonroad,2016,GLHAL7.01SQC,ELHAL7.01SQC,ELHAL7.01SQC,1
nonroad,2018,JLHAL7.01SQC,ELHAL7.01SQC,ELHAL7.01SQC,1
nonroad,2020,LLHAL10.5SQC,ELHAL10.5SQC,ELHAL10.5SQC,1
nonroad,2022,NLHAL07.0SQC,ELHAL7.01SQC,ELHAL7.01SQC,1
nonroad,2025,SJCBL04.4TAE,KJCBL04.4TAE,KJCBL04.4TAE,1
nonroad,2025,SKBXL02.6EKD,DKBXL02.6EKD,DKBXL02.6EKD,1
nonroad,2025,SKBXL02.6E3D,KKBXL02.6E3D,KKBXL02.6E3D,1
nonroad,2025,SKBXL05.0C5D,PKBXL05.0C5D,PKBXL05.0C5D,1
nonroad,2025,SSZXL02.2VTK,HSZXL02.2VTK,HSZXL02.2VTK,1
nonroad,2025,SYDXL04.6HDA,PYDXL04.6HDA,PYDXL04.6HDA,1
nonroad,2025,SYDXL01.3NPB,PYDXL01.3NPB,PYDXL01.3NPB,1
nonroad,2025,SYDXL01.6NMA,PYDXL01.6NMA,PYDXL01.6NMA,1
nonroad,2025,SMMLL02.6M63,HMMLL02.6M63,HMMLL02.6M63,1
nonroad,2025,SCEXL23.0AAD,,SCEXL23.0AAD,0
nonroad,2024,RPKXL02.2F2V,PPKXL02.2F2V,LPKXL2.22F2V,4
nonroad,2025,SYDXL01.6S3A,CYDXL1.64J3N,CYDXL1.64J3N,1
nonroad,2025,SYDXL02.2S4N,PYDXL02.2S4N,PYDXL02.2S4N,1
nonroad,2025,SYDXL02.1HKA,PYDXL02.1HKA,PYDXL02.1HKA,1
nonroad,2023,PCEXL95.0AAA,,PCEXL95.0AAA,0
nonroad,2025,SDZXL02.2111,,SDZXL02.2111,0
nonroad,2025,SPKXL.761F1C,RPKXL.761F1C,LPKXL.761F1C,5
nonroad,2023,PFPXL04.5SCB,LFPXL04.5SCB,LFPXL04.5SCB,1
nonroad,2025,SKHXL03.4TCP,,SKHXL03.4TCP,0
nonroad,2018,JFPXL04.5SCB,HFPXL04.5SCB,HFPXL04.5SCB,1
nonroad,2025,SVPXL10.8CJB,RVPXL10.8CJB,RVPXL10.8CJB,1
nonroad,2025,SKHXL02.5ESM,,SKHXL02.5ESM,0
nonroad,2025,SKHXL02.5TCR,,SKHXL02.5TCR,0
nonroad,2025,SFPXL06.7FR2,PFPXL06.7FR2,MFPXL06.7FR2,2
nonroad,2022,NCEXL015.AAJ,ECEXL015.AAJ,CCEXL015.AAJ,2
nonroad,2015,FCEXL19.0AAA,,FCEXL19.0AAA,0
nonroad,2025,SMNBL09.0OR4,KMNBL09.0OR4,KMNBL09.0OR4,1
nonroad,2021,MCEXL19.0AAA,,MCEXL19.0AAA,0
nonroad,2014,ELHAL12.0SQC,,ELHAL12.0SQC,0
nonroad,2025,SVPXL16.1ACW,RVPXL16.1ACW,KVPXL16.1ACW,6
nonroad,2021,MCEXL06.7AAU,,MCEXL06.7AAU,0
nonroad,2017,HCEXL06.7AAL,,HCEXL06.7AAL,0
nonroad,2025,SJDXL02.9318,KJDXL02.9318,KJDXL02.9318,1
nonroad,2026,TLGCL01.9L3T,JLGCL01.9L3T,FLGCL01.9L3T,3
nonroad,2025,SDZXL06.1059,,SDZXL06.1059,0
nonroad,2015,FCEXL015.AAH,,FCEXL015.AAH,0
nonroad,2025,SKBXL02.4RNB,NKBXL02.4RNB,NKBXL02.4RNB,1
nonroad,2023,PCEXL06.7AAK,,PCEXL06.7AAK,0
nonroad,2022,NCEXL06.7AAR,,NCEXL06.7AAR,0
nonroad,2025,SDCLL01.6D87,,SDCLL01.6D87,0
nonroad,2026,TJDXL09.0313,GJDXL09.0313,GJDXL09.0313,1
nonroad,2026,TMVXL24.5BBA,9MVXL24.5BBA,TMVXL24.5BBA,0
nonroad,2025,SKBXL06.1C5D,PKBXL06.1C5D,PKBXL06.1C5D,1
nonroad,2019,KCEXL02.8AAB,ECEXL02.8AAB,ECEXL02.8AAB,1
nonroad,2022,NCEXL02.8AAB,ECEXL02.8AAB,ECEXL02.8AAB,1
nonroad,2026,TFPXL06.7DGS,JFPXL06.7DGS,JFPXL06.7DGS,1
nonroad,2016,GCEXL02.8AAC,,GCEXL02.8AAC,0
nonroad,2019,KCEXL02.8AAC,GCEXL02.8AAC,GCEXL02.8AAC,1
nonroad,2018,JCEXL02.8AAC,GCEXL02.8AAC,GCEXL02.8AAC,1
nonroad,2025,SMVXL02.2EAA,DMVXL02.2AAA,DMVXL02.2AAA,1
nonroad,2025,SMVXL03.3EAB,MMVXL03.3EAB,MMVXL03.3EAB,1
nonroad,2026,TPKXL01.5N3C,SPKXL01.5N3C,LPKXL1.49N3C,6
nonroad,2026,TPKXL02.2TCC,SPKXL02.2TCC,LPKXL2.22TCC,6
nonroad,2025,SPKXL02.2F2V,RPKXL02.2F2V,LPKXL2.22F2V,5
nonroad,2026,TPKXL01.1F2C,SPKXL01.1F2C,LPKXL1.13F2C,5
nonroad,2026,TPKXL01.5F2C,SPKXL01.5F2C,LPKXL1.49F2C,6
nonroad,2026,TKBXL01.6ECB,DKBXL01.7ECB,DKBXL01.7ECB,1
nonroad,2026,TKBXL01.5BCB,DKBXL01.5BCB,DKBXL01.5BCB,1
nonroad,2013,DCEXL03.3BAA,CCEXL03.3BAA,CCEXL03.3BAA,1
nonroad,2025,SCEXL06.7AAL,,SCEXL06.7AAL,0
nonroad,2026,TKBXL02.4EMD,FKBXL02.4EMD,FKBXL02.4EMD,1
nonroad,2022,NCEXL03.3CAA,DCEXL03.3CAA,CCEXL03.3CAA,2
nonroad,2026,TDZXL07.1032,SDZXL07.1032,RDZXL07.1032,2
nonroad,2025,SFPXL15.9GT2,RFPXL15.9GT2,RFPXL15.9GT2,1
nonroad,2026,TKBXL03.6BAC,GKBXL03.6BAC,GKBXL03.6BAC,1
nonroad,2025,SFPXL03.4DER,LFPXL03.4DER,LFPXL03.4DER,1
nonroad,2026,TDCLL01.6D7G,GDCLL01.6D7G,CDCLL02.2D7G,2
nonroad,2026,TDCLL01.2D78,,TDCLL01.2D78,0
nonroad,2026,TDZXL02.2111,SDZXL02.2111,SDZXL02.2111,1
nonroad,2026,TDZXL03.6122,SDZXL03.6122,MDZXL03.6122,5
nonroad,2026,TDZXL03.6121,SDZXL03.6121,SDZXL03.6121,1
nonroad,2026,TDCLL01.0D5G,GDCLL01.0D5G,CDCLL01.0D5G,2
nonroad,2026,TDCLL01.0D75,,TDCLL01.0D75,0
nonroad,2026,TKBXL02.4E3D,KKBXL02.4E3D,KKBXL02.4E3D,1
nonroad,2025,SCEXL03.8AAB,GCEXL03.8AAB,GCEXL03.8AAB,1
nonroad,2026,TFPXL03.4BSD,SFPXL03.4BSD,SFPXL03.4BSD,1
nonroad,2026,TYDXL.570NUA,PYDXL.570NUA,PYDXL.570NUA,1
nonroad,2026,TLHAL12.0SWC,MLHAL12.0SWC,MLHAL12.0SWC,1
nonroad,2026,TSZXL07.8HXK,,TSZXL07.8HXK,0
nonroad,2020,LCEXL03.8AAF,KCEXL03.8AAF,KCEXL03.8AAF,1
nonroad,2022,NFPXL06.7SDA,JFPXL06.7SDA,JFPXL06.7SDA,1
nonroad,2026,TDICL15.1LBG,SDICL15.1LBG,SDICL15.1LBG,1
nonroad,2026,TCEXL08.9AAR,,TCEXL08.9AAR,0
nonroad,2026,TPKXL02.8FL1,SPKXL02.8FL1,LPKXL02.8FL1,5
nonroad,2016,GCEXL03.8AAB,,GCEXL03.8AAB,0
nonroad,2026,TMMLL03.0H43,,TMMLL03.0H43,0
nonroad,2026,TJCBL04.4TAE,KJCBL04.4TAE,KJCBL04.4TAE,1
nonroad,2018,JCEXL03.8AAC,GCEXL03.8AAC,GCEXL03.8AAC,1
nonroad,2017,HCEXL03.8AAC,GCEXL03.8AAC,GCEXL03.8AAC,1
nonroad,2022,NSZXL15.7QXA,ESZXL15.7QXA,ESZXL15.7QXA,1
nonroad,2022,NSZXL15.7QXB,FSZXL15.7QXB,FSZXL15.7QXB,1
nonroad,2023,PSZXL15.7QXB,FSZXL15.7QXB,FSZXL15.7QXB,1
nonroad,2017,HCEXL03.8AAD,GCEXL03.8AAD,GCEXL03.8AAD,1
nonroad,2025,SCPXL58.6NXV,RCPXL58.6NXV,LCPXL58.6NXV,5
nonroad,2026,TKHXL01.4KSE,SKHXL01.4KSE,SKHXL01.4KSE,1
nonroad,2026,TFPXL08.7T4X,SFPXL08.7T4X,SFPXL08.7T4X,1
nonroad,2026,TKLXL11.0DDD,SKLXL11.0DDD,MKLXL11.0DDD,2
nonroad,2025,SCPXL32.1HXF,RCPXL32.1HXF,CCPXL32.0HXA,13
nonroad,2025,SJDXL09.0308,GJDXL09.0308,GJDXL09.0308,1
nonroad,2026,TKOEL1.64NAX,NKOEL1.64NAX,NKOEL1.64NAX,1
nonroad,2025,SCEXL06.7AAR,,SCEXL06.7AAR,0
nonroad,2026,TKOEL3.24TAX,JKOEL3.24TAX,JKOEL3.24TAX,1
nonroad,2026,TFPXL06.7SCB,RFPXL06.7SCB,RFPXL06.7SCB,1
nonroad,2026,TMMLL01.8K26,,TMMLL01.8K26,0
nonroad,2025,SCEXL15.0AAS,,SCEXL15.0AAS,0
nonroad,2026,TKLXL04.5AAI,SKLXL04.5AAI,SKLXL04.5AAI,1
nonroad,2020,LMBXL07.7RJD,KMBXL07.7RJD,KMBXL07.7RJD,1
nonroad,2026,TFPXL06.7SDB,RFPXL06.7SDB,RFPXL06.7SDB,1
nonroad,2022,NFPXL15.9T4U,FFPXL15.9T4U,FFPXL15.9T4U,1
nonroad,2026,TDTAL07.7RJD,KMBXL07.7RJD,KMBXL07.7RJD,1
nonroad,2026,TKBXL02.4E2D,KKBXL02.4E2D,KKBXL02.4E2D,1
nonroad,2025,SFPXL03.6EH2,RFPXL03.6EH2,RFPXL03.6EH2,1
nonroad,2022,NFPXL03.6EHK,MFPXL03.6EHK,MFPXL03.6EHK,1
nonroad,2026,TPKXL01.1J2V,SPKXL01.1J2V,LPKXL1.13J2V,6
nonroad,2017,HFPXL03.4ESD,,HFPXL03.4ESD,0
nonroad,2026,TCEXL06.7AAT,,TCEXL06.7AAT,0
nonroad,2026,TKBXL02.4E1D,KKBXL02.4E1D,KKBXL02.4E1D,1
nonroad,2017,HFPXL08.7T4W,,HFPXL08.7T4W,0
nonroad,2026,TKBXL06.1J5D,SKBXL06.1J5D,SKBXL06.1J5D,1
nonroad,2026,TCEXL03.8AAF,,TCEXL03.8AAF,0
nonroad,2026,TCEXL0409AAB,GCEXL0409AAB,GCEXL0409AAB,1
nonroad,2014,EFPXL06.7SDA,,EFPXL06.7SDA,0
nonroad,2026,TPKXL04.4MT1,SPKXL04.4MT1,SPKXL04.4MT1,1
nonroad,2026,TKBXL01.0BCB,DKBXL01.0BCB,DKBXL01.0BCB,1
nonroad,2026,TVPXL16.1CEB,MVPXL16.1CEB,MVPXL16.1CEB,1
