panel,manufacturer,model_year,engine_family,certificate_no,date_issued,engine_cycle,fuel_type,fuel_metering_system,introduction_date,useful_life,intended_service_class
highway,"Agility Powertrain Systems, LLC",2026,TAGIE06.0CNG,TAGIE06.0CNG-001,2025-11-24,Otto,Compressed Natural Gas,Sequential Fuel Injection,2026-01-01,"10 years / 110,000 miles","Light or Medium Heavy-Duty Otto Cycle engines for all vehicles regardless of GVWR (but below 33,000 lbs GVWR)"
highway,Wing Fuel Systems LLC.,2026,TBAFE06.6BNG,TBAFE06.6BNG-002,2026-04-24,Otto,"Compressed Natural Gas, Gasoline",Sequential Fuel Injection,2026-04-24,"10 years / 110,000 miles","Light or Medium Heavy-Duty Otto Cycle engines for all vehicles (certified for vehicles between 14,001 lbs and 33,000 lbs GVWR inclusive)"
highway,Wing Fuel Systems LLC.,2026,TBAFE07.3BNG,TBAFE07.3BNG-001-R01,2025-11-03,Otto,"Compressed Natural Gas, Gasoline",Sequential Fuel Injection,2026-03-13,"10 years / 110,000 miles","Light or Medium Heavy-Duty Otto Cycle engines for all vehicles (certified for vehicles between 14,001 lbs and 33,000 lbs GVWR inclusive)"
highway,Wing Fuel Systems LLC.,2026,TBAFE07.3BW7,TBAFE07.3BW7-003,2026-05-05,Otto,Compressed Natural Gas,Sequential Fuel Injection,2026-05-22,"10 years / 110,000 miles","Light or Medium Heavy-Duty Otto Cycle engines for all vehicles (certified for vehicles between 14,001 lbs and 33,000 lbs GVWR inclusive)"
highway,Wing Fuel Systems LLC.,2026,TBAFE07.3BWS,TBAFE07.3BWS-004,2026-05-05,Otto,Compressed Natural Gas,Sequential Fuel Injection,2026-05-22,"10 years / 110,000 miles","Light or Medium Heavy-Duty Otto Cycle engines for all vehicles (certified for vehicles between 14,001 lbs and 33,000 lbs GVWR inclusive)"
highway,"Blossman Services, Inc.",2026,TBLME06.6001,TBLME06.6001-001,2026-05-12,Otto,"Gasoline, Liquefied Petroleum Gas",Sequential Fuel Injection,2026-04-22,"10 years / 110,000 miles","Light or Medium Heavy-Duty Otto Cycle engines for all vehicles (certified for vehicles between 14,001 lbs and 33,000 lbs GVWR inclusive)"
highway,Cummins Inc.,2026,TCEXE0408BEA,TCEXE0408BEA-018,2026-01-13,Otto,Gasoline,Direct Injection,2026-01-13,"10 years / 110,000 miles","Light or Medium Heavy-Duty Otto Cycle engines for all vehicles (certified for vehicles between 14,001 lbs and 33,000 lbs GVWR inclusive)"
highway,Cummins Inc.,2026,TCEXH0408BCA,TCEXH0408BCA-012,2025-10-08,Diesel,7-15 ppm ultra low sulfur diesel,Direct Injection,2025-12-15,"10 years / 185,000 miles",Medium Heavy-Duty Diesel
highway,Cummins Inc.,2026,TCEXH0408BCB,TCEXH0408BCB-006,2025-06-05,Diesel,7-15 ppm ultra low sulfur diesel,Direct Injection,2025-12-15,"10 years / 185,000 miles",Medium Heavy-Duty Diesel
highway,Cummins Inc.,2026,TCEXH0408BCC,TCEXH0408BCC-019,2026-02-04,Diesel,7-15 ppm ultra low sulfur diesel,Direct Injection,2026-02-06,,Light Heavy-Duty Diesel
highway,Cummins Inc.,2026,TCEXH0408BCD,TCEXH0408BCD-020,2026-02-04,Diesel,7-15 ppm ultra low sulfur diesel,Direct Injection,2026-02-06,,Light Heavy-Duty Diesel
highway,Cummins Inc.,2026,TCEXH0408BCF,TCEXH0408BCF-005,2025-05-21,Diesel,7-15 ppm ultra low sulfur diesel,Direct Injection,2025-12-15,"10 years / 185,000 miles",Medium Heavy-Duty Diesel
highway,Cummins Inc.,2026,TCEXH0408BDA,TCEXH0408BDA-007,2025-06-05,Diesel,"Compressed Natural Gas, Liquefied Natural Gas",Throttle Body Injection,2026-01-01,"10 years / 185,000 miles",Medium Heavy-Duty Diesel
highway,Cummins Inc.,2026,TCEXH0540LCA,TCEXH0540LCA-013,2025-10-15,Diesel,7-15 ppm ultra low sulfur diesel,Direct Injection,2025-12-15,"10 years / 185,000 miles",Medium Heavy-Duty Diesel
highway,Cummins Inc.,2026,TCEXH0540LCC,TCEXH0540LCC-008,2025-06-12,Diesel,7-15 ppm ultra low sulfur diesel,Direct Injection,2025-12-15,"10 years / 435,000 miles / 22,000 hours",Heavy Heavy-Duty Diesel
highway,Cummins Inc.,2026,TCEXH0540LCD,TCEXH0540LCD-014,2025-10-15,Diesel,7-15 ppm ultra low sulfur diesel,Direct Injection,2025-12-15,"10 years / 185,000 miles",Medium Heavy-Duty Diesel
highway,Cummins Inc.,2026,TCEXH0540LDC,TCEXH0540LDC-017-R01,2025-12-02,Diesel,"Compressed Natural Gas, Liquefied Natural Gas",Throttle Body Injection,2026-03-01,"10 years / 435,000 miles / 22,000 hours",Heavy Heavy-Duty Diesel
highway,Cummins Inc.,2026,TCEXH0721XCA,TCEXH0721XCA-016-R01,2025-10-30,Diesel,7-15 ppm ultra low sulfur diesel,Direct Injection,2025-12-15,"10 years / 435,000 miles / 22,000 hours",Heavy Heavy-Duty Diesel
highway,Cummins Inc.,2026,TCEXH0721XCB,TCEXH0721XCB-015-R01,2025-10-30,Diesel,7-15 ppm ultra low sulfur diesel,Direct Injection,2025-12-15,"10 years / 435,000 miles / 22,000 hours",Heavy Heavy-Duty Diesel
highway,Cummins Inc.,2026,TCEXH0729XDA,TCEXH0729XDA-009,2025-07-01,Diesel,"Compressed Natural Gas, Liquefied Natural Gas",Throttle Body Injection,2026-01-01,"10 years / 435,000 miles / 22,000 hours",Heavy Heavy-Duty Diesel
highway,Cummins Inc.,2026,TCEXH0886XDA,TCEXH0886XDA-021,2026-04-10,Diesel,"Compressed Natural Gas, Liquefied Natural Gas",Throttle Body Injection,2026-04-20,"10 years / 435,000 miles / 22,000 hours",Heavy Heavy-Duty Diesel
highway,Cummins Inc.,2026,TCEXH0912XEA,TCEXH0912XEA-011-R01,2025-10-08,Diesel,7-15 ppm ultra low sulfur diesel,Direct Injection,2025-12-15,"10 years / 435,000 miles / 22,000 hours",Heavy Heavy-Duty Diesel
highway,Cummins Inc.,2026,TCEXH0912XEB,TCEXH0912XEB-001-R01,2025-05-21,Diesel,7-15 ppm ultra low sulfur diesel,Direct Injection,2025-12-15,"10 years / 435,000 miles / 22,000 hours",Heavy Heavy-Duty Diesel
highway,Cummins Inc.,2026,TCEXH0912XEC,TCEXH0912XEC-002,2025-05-21,Diesel,7-15 ppm ultra low sulfur diesel,Direct Injection,2025-12-15,"10 years / 435,000 miles / 22,000 hours",Heavy Heavy-Duty Diesel
highway,Cummins Inc.,2026,TCEXH0912XED,TCEXH0912XED-010-R01,2025-10-08,Diesel,7-15 ppm ultra low sulfur diesel,Direct Injection,2025-12-15,"10 years / 435,000 miles / 22,000 hours",Heavy Heavy-Duty Diesel
highway,Cummins Inc.,2026,TCEXH0912XEE,TCEXH0912XEE-003-R01,2025-05-21,Diesel,7-15 ppm ultra low sulfur diesel,Direct Injection,2025-12-15,"10 years / 435,000 miles / 22,000 hours",Heavy Heavy-Duty Diesel
highway,Cummins Inc.,2026,TCEXH0912XEF,TCEXH0912XEF-004,2025-05-21,Diesel,7-15 ppm ultra low sulfur diesel,Direct Injection,2025-12-15,"10 years / 435,000 miles / 22,000 hours",Heavy Heavy-Duty Diesel
highway,FCA US LLC,2026,TCRXE06.4F70,TCRXE06.4F70-001,2025-06-27,Otto,Gasoline,Multi-port Injection,2025-06-30,"10 years / 110,000 miles","Light or Medium Heavy-Duty Otto Cycle engines for all vehicles regardless of GVWR (but below 33,000 lbs GVWR)"
highway,Detroit Diesel Corporation,2026,TDDXH07.7MDE,TDDXH07.7MDE-002,2025-10-16,Diesel,7-15 ppm ultra low sulfur diesel,Direct Injection,2025-12-01,"10 years / 185,000 miles",Medium Heavy-Duty Diesel
highway,Detroit Diesel Corporation,2026,TDDXH12.8NXE,TDDXH12.8NXE-005,2025-10-27,Diesel,7-15 ppm ultra low sulfur diesel,Direct Injection,2025-12-01,"10 years / 435,000 miles / 22,000 hours",Heavy Heavy-Duty Diesel
highway,Detroit Diesel Corporation,2026,TDDXH12.8TCE,TDDXH12.8TCE-004,2025-10-23,Diesel,7-15 ppm ultra low sulfur diesel,Direct Injection,2025-12-01,"10 years / 435,000 miles / 22,000 hours",Heavy Heavy-Duty Diesel
highway,Detroit Diesel Corporation,2026,TDDXH14.8NXE,TDDXH14.8NXE-003,2025-10-17,Diesel,7-15 ppm ultra low sulfur diesel,Direct Injection,2025-12-01,"10 years / 435,000 miles / 22,000 hours",Heavy Heavy-Duty Diesel
highway,Detroit Diesel Corporation,2026,TDDXH15.6GEE,TDDXH15.6GEE-001,2025-10-08,Diesel,7-15 ppm ultra low sulfur diesel,Direct Injection,2025-12-01,"10 years / 435,000 miles / 22,000 hours",Heavy Heavy-Duty Diesel
highway,Ford Motor Company,2026,TFMXE07.3BW7,TFMXE07.3BW7-004,2025-06-11,Otto,Gasoline,Sequential Fuel Injection,2025-12-11,"10 years / 110,000 miles","Light or Medium Heavy-Duty Otto Cycle engines for all vehicles (certified for vehicles between 14,001 lbs and 33,000 lbs GVWR inclusive)"
highway,Ford Motor Company,2026,TFMXE07.3BWU,TFMXE07.3BWU-005,2025-06-27,Otto,Gasoline,Sequential Fuel Injection,2025-12-11,"10 years / 110,000 miles","Light or Medium Heavy-Duty Otto Cycle engines for all vehicles regardless of GVWR (but below 33,000 lbs GVWR)"
highway,Ford Motor Company,2026,TFMXH06.7F45,TFMXH06.7F45-006,2025-09-25,Diesel,7-15 ppm ultra low sulfur diesel,Direct Injection,2026-03-30,"10 years / 185,000 miles",Medium Heavy-Duty Diesel
highway,Ford Motor Company,2026,TFMXH06.7P4A,TFMXH06.7P4A-001,2025-05-28,Diesel,7-15 ppm ultra low sulfur diesel,Direct Injection,2026-03-27,,Light Heavy-Duty Diesel
highway,Ford Motor Company,2026,TFMXH06.7P4B,TFMXH06.7P4B-002,2025-05-28,Diesel,7-15 ppm ultra low sulfur diesel,Direct Injection,2026-03-27,,Light Heavy-Duty Diesel
highway,Ford Motor Company,2026,TFMXH06.7P5C,TFMXH06.7P5C-003,2025-05-28,Diesel,7-15 ppm ultra low sulfur diesel,Direct Injection,2026-03-27,"10 years / 185,000 miles",Medium Heavy-Duty Diesel
highway,General Motors LLC,2026,TGMXE06.6001,TGMXE06.6001-004,2025-07-25,Otto,Gasoline,Direct Injection,2026-01-02,"10 years / 110,000 miles","Light or Medium Heavy-Duty Otto Cycle engines for all vehicles regardless of GVWR (but below 33,000 lbs GVWR)"
highway,General Motors LLC,2026,TGMXE06.6002,TGMXE06.6002-003,2025-07-25,Otto,Gasoline,Direct Injection,2026-01-01,"10 years / 110,000 miles","Light or Medium Heavy-Duty Otto Cycle engines for all vehicles (certified for vehicles between 14,001 lbs and 33,000 lbs GVWR inclusive)"
highway,General Motors LLC,2026,TGMXE06.6003,TGMXE06.6003-001,2025-06-27,Otto,Gasoline,Direct Injection,2026-01-02,"10 years / 110,000 miles","Light or Medium Heavy-Duty Otto Cycle engines for all vehicles (certified for vehicles between 14,001 lbs and 33,000 lbs GVWR inclusive)"
highway,General Motors LLC,2026,TGMXH06.6010,TGMXH06.6010-002,2025-07-16,Diesel,7-15 ppm ultra low sulfur diesel,Direct Injection,2026-01-01,,Light Heavy-Duty Diesel
highway,Landi Renzo USA Corporation,2026,TLDRE07.3BW7,TLDRE07.3BW7-001,2025-12-30,Otto,Compressed Natural Gas,Sequential Fuel Injection,2025-12-22,"10 years / 110,000 miles","Light or Medium Heavy-Duty Otto Cycle engines for all vehicles (certified for vehicles between 14,001 lbs and 33,000 lbs GVWR inclusive)"
highway,"International Motors, LLC",2026,TNVXH07750SA,TNVXH07750SA-001-R01,2025-12-16,Diesel,7-15 ppm ultra low sulfur diesel,Direct Injection,2026-03-20,"10 years / 435,000 miles / 22,000 hours",Heavy Heavy-Duty Diesel
highway,"International Motors, LLC",2026,TNVXH07750SB,TNVXH07750SB-002-R01,2025-12-16,Diesel,7-15 ppm ultra low sulfur diesel,Direct Injection,2026-03-20,"10 years / 435,000 miles / 22,000 hours",Heavy Heavy-Duty Diesel
highway,"International Motors, LLC",2026,TNVXH07750SC,TNVXH07750SC-003,2025-12-16,Diesel,7-15 ppm ultra low sulfur diesel,Direct Injection,2025-12-15,"10 years / 435,000 miles / 22,000 hours",Heavy Heavy-Duty Diesel
highway,PACCAR Inc,2026,TPCRH10.8C21,TPCRH10.8C21-001,2025-09-23,Diesel,7-15 ppm ultra low sulfur diesel,Direct Injection,2025-10-06,"10 years / 435,000 miles / 22,000 hours",Heavy Heavy-Duty Diesel
highway,PACCAR Inc,2026,TPCRH10.8M21,TPCRH10.8M21-003,2025-10-02,Diesel,7-15 ppm ultra low sulfur diesel,Direct Injection,2026-01-02,"10 years / 435,000 miles / 22,000 hours",Heavy Heavy-Duty Diesel
highway,PACCAR Inc,2026,TPCRH12.9C01,TPCRH12.9C01-005,2025-11-19,Diesel,7-15 ppm ultra low sulfur diesel,Direct Injection,2026-01-02,"10 years / 435,000 miles / 22,000 hours",Heavy Heavy-Duty Diesel
highway,PACCAR Inc,2026,TPCRH12.9C21,TPCRH12.9C21-002,2025-09-23,Diesel,7-15 ppm ultra low sulfur diesel,Direct Injection,2025-10-06,"10 years / 435,000 miles / 22,000 hours",Heavy Heavy-Duty Diesel
highway,PACCAR Inc,2026,TPCRH12.9M21,TPCRH12.9M21-004,2025-10-02,Diesel,7-15 ppm ultra low sulfur diesel,Direct Injection,2026-01-02,"10 years / 435,000 miles / 22,000 hours",Heavy Heavy-Duty Diesel
highway,"Roush Industries, Inc.",2026,TRIIE07.3BL3,TRIIE07.3BL3-003,2025-10-22,Otto,Liquefied Petroleum Gas,Sequential Fuel Injection,2026-01-21,"10 years / 110,000 miles","Light or Medium Heavy-Duty Otto Cycle engines for all vehicles (certified for vehicles between 14,001 lbs and 33,000 lbs GVWR inclusive)"
highway,"Roush Industries, Inc.",2026,TRIIE07.3BL5,TRIIE07.3BL5-001,2025-09-26,Otto,Liquefied Petroleum Gas,Sequential Fuel Injection,2025-12-15,"10 years / 110,000 miles","Light or Medium Heavy-Duty Otto Cycle engines for all vehicles (certified for vehicles between 14,001 lbs and 33,000 lbs GVWR inclusive)"
highway,"Roush Industries, Inc.",2026,TRIIE07.3BW8,TRIIE07.3BW8-002,2025-09-26,Otto,Gasoline,Sequential Fuel Injection,2025-12-15,"10 years / 110,000 miles","Light or Medium Heavy-Duty Otto Cycle engines for all vehicles (certified for vehicles between 14,001 lbs and 33,000 lbs GVWR inclusive)"
highway,Isuzu Motors Limited,2026,TSZXH05.23FE,TSZXH05.23FE-001,2025-07-31,Diesel,7-15 ppm ultra low sulfur diesel,Direct Injection,2026-01-05,,Light Heavy-Duty Diesel
highway,"Volvo Group Trucks Technology, Powertrain Engineering, a Division of Mack Trucks",2026,TVPTH10.8CA1,TVPTH10.8CA1-003,2025-10-21,Diesel,7-15 ppm ultra low sulfur diesel,Direct Injection,2025-10-20,"10 years / 435,000 miles / 22,000 hours",Heavy Heavy-Duty Diesel
highway,"Volvo Group Trucks Technology, Powertrain Engineering, a Division of Mack Trucks",2026,TVPTH10.8EP1,TVPTH10.8EP1-004,2025-10-22,Diesel,7-15 ppm ultra low sulfur diesel,Direct Injection,2025-10-20,"10 years / 435,000 miles / 22,000 hours",Heavy Heavy-Duty Diesel
highway,"Volvo Group Trucks Technology, Powertrain Engineering, a Division of Mack Trucks",2026,TVPTH12.8CA1,TVPTH12.8CA1-005-R01,2025-10-22,Diesel,7-15 ppm ultra low sulfur diesel,Direct Injection,2025-12-01,"10 years / 435,000 miles / 22,000 hours",Heavy Heavy-Duty Diesel
highway,"Volvo Group Trucks Technology, Powertrain Engineering, a Division of Mack Trucks",2026,TVPTH12.8CA3,TVPTH12.8CA3-002,2025-10-08,Diesel,7-15 ppm ultra low sulfur diesel,Direct Injection,2025-10-20,"10 years / 435,000 miles / 22,000 hours",Heavy Heavy-Duty Diesel
highway,"Volvo Group Trucks Technology, Powertrain Engineering, a Division of Mack Trucks",2026,TVPTH12.8CA4,TVPTH12.8CA4-007,2025-10-22,Diesel,7-15 ppm ultra low sulfur diesel,Direct Injection,2025-10-20,"10 years / 435,000 miles / 22,000 hours",Heavy Heavy-Duty Diesel
highway,"Volvo Group Trucks Technology, Powertrain Engineering, a Division of Mack Trucks",2026,TVPTH12.8CA5,TVPTH12.8CA5-001,2025-09-30,Diesel,7-15 ppm ultra low sulfur diesel,Direct Injection,2025-10-03,"10 years / 435,000 miles / 22,000 hours",Heavy Heavy-Duty Diesel
highway,"Volvo Group Trucks Technology, Powertrain Engineering, a Division of Mack Trucks",2026,TVPTH12.8CA7,TVPTH12.8CA7-009-R01,2025-10-27,Diesel,7-15 ppm ultra low sulfur diesel,Direct Injection,2025-12-01,"10 years / 435,000 miles / 22,000 hours",Heavy Heavy-Duty Diesel
highway,"Volvo Group Trucks Technology, Powertrain Engineering, a Division of Mack Trucks",2026,TVPTH12.8EP1,TVPTH12.8EP1-006-R01,2025-10-22,Diesel,7-15 ppm ultra low sulfur diesel,Direct Injection,2025-12-01,"10 years / 435,000 miles / 22,000 hours",Heavy Heavy-Duty Diesel
highway,"Volvo Group Trucks Technology, Powertrain Engineering, a Division of Mack Trucks",2026,TVPTH12.8EP4,TVPTH12.8EP4-008,2025-10-23,Diesel,7-15 ppm ultra low sulfur diesel,Direct Injection,2025-10-20,"10 years / 435,000 miles / 22,000 hours",Heavy Heavy-Duty Diesel
highway,"Volvo Group Trucks Technology, Powertrain Engineering, a Division of Mack Trucks",2026,TVPTH12.8EP7,TVPTH12.8EP7-010-R01,2025-10-27,Diesel,7-15 ppm ultra low sulfur diesel,Direct Injection,2025-12-01,"10 years / 435,000 miles / 22,000 hours",Heavy Heavy-Duty Diesel
highway,"Agility Powertrain Systems, LLC",2025,SAGIE06.0CNG,SAGIE06.0CNG-001,2024-10-26,Otto,Compressed Natural Gas,Sequential Fuel Injection,2025-01-01,"10 years / 110,000 miles","Light or Medium Heavy-Duty Otto Cycle engines for all vehicles regardless of GVWR (but below 33,000 lbs GVWR)"
highway,Wing Fuel Systems LLC.,2025,SBAFE06.6BNG,SBAFE06.6BNG-001,2025-05-19,Otto,"Compressed Natural Gas, Gasoline",Sequential Fuel Injection,2025-05-21,"10 years / 110,000 miles","Light or Medium Heavy-Duty Otto Cycle engines for all vehicles (certified for vehicles between 14,001 lbs and 33,000 lbs GVWR inclusive)"
highway,Wing Fuel Systems LLC.,2025,SBAFE07.3BNG,SBAFE07.3BNG-002,2025-05-19,Otto,"Compressed Natural Gas, Gasoline",Sequential Fuel Injection,2025-05-21,"10 years / 110,000 miles","Light or Medium Heavy-Duty Otto Cycle engines for all vehicles (certified for vehicles between 14,001 lbs and 33,000 lbs GVWR inclusive)"
highway,"Blossman Services, Inc.",2025,SBLME06.6001,SBLME06.6001-001-R01,2025-06-09,Otto,"Gasoline, Liquefied Petroleum Gas",Sequential Fuel Injection,2025-06-09,"10 years / 110,000 miles","Light or Medium Heavy-Duty Otto Cycle engines for all vehicles (certified for vehicles between 14,001 lbs and 33,000 lbs GVWR inclusive)"
highway,"Blossman Services, Inc.",2025,SBLME07.3BW7,SBLME07.3BW7-002,2025-06-09,Otto,"Gasoline, Liquefied Petroleum Gas",Sequential Fuel Injection,2025-06-13,"10 years / 110,000 miles","Light or Medium Heavy-Duty Otto Cycle engines for all vehicles (certified for vehicles between 14,001 lbs and 33,000 lbs GVWR inclusive)"
highway,Cummins Inc.,2025,SCEXH0408BCA,SCEXH0408BCA-008,2024-10-17,Diesel,7-15 ppm ultra low sulfur diesel,Direct Injection,2024-12-15,"10 years / 185,000 miles",Medium Heavy-Duty Diesel
highway,Cummins Inc.,2025,SCEXH0408BCB,SCEXH0408BCB-010,2024-10-17,Diesel,7-15 ppm ultra low sulfur diesel,Direct Injection,2024-12-15,"10 years / 185,000 miles",Medium Heavy-Duty Diesel
highway,Cummins Inc.,2025,SCEXH0408BCC,SCEXH0408BCC-021,2025-02-24,Diesel,7-15 ppm ultra low sulfur diesel,Direct Injection,2025-02-27,,Light Heavy-Duty Diesel
highway,Cummins Inc.,2025,SCEXH0408BCD,SCEXH0408BCD-022,2025-02-24,Diesel,7-15 ppm ultra low sulfur diesel,Direct Injection,2025-02-27,,Light Heavy-Duty Diesel
highway,Cummins Inc.,2025,SCEXH0408BCF,SCEXH0408BCF-009,2024-10-17,Diesel,7-15 ppm ultra low sulfur diesel,Direct Injection,2024-12-15,"10 years / 185,000 miles",Medium Heavy-Duty Diesel
highway,Cummins Inc.,2025,SCEXH0408BDA,SCEXH0408BDA-013,2024-11-27,Diesel,"Compressed Natural Gas, Liquefied Natural Gas",Throttle Body Injection,2025-01-01,"10 years / 185,000 miles",Medium Heavy-Duty Diesel
highway,Cummins Inc.,2025,SCEXH0540LCA,SCEXH0540LCA-006,2024-09-12,Diesel,7-15 ppm ultra low sulfur diesel,Direct Injection,2024-12-15,"10 years / 185,000 miles",Medium Heavy-Duty Diesel
highway,Cummins Inc.,2025,SCEXH0540LCC,SCEXH0540LCC-007,2024-09-18,Diesel,7-15 ppm ultra low sulfur diesel,Direct Injection,2024-12-15,"10 years / 435,000 miles / 22,000 hours",Heavy Heavy-Duty Diesel
highway,Cummins Inc.,2025,SCEXH0540LCD,SCEXH0540LCD-005,2024-09-12,Diesel,7-15 ppm ultra low sulfur diesel,Direct Injection,2024-12-15,"10 years / 185,000 miles",Medium Heavy-Duty Diesel
highway,Cummins Inc.,2025,SCEXH0540LDA,SCEXH0540LDA-015,2024-12-06,Diesel,"Compressed Natural Gas, Liquefied Natural Gas",Throttle Body Injection,2025-01-01,"10 years / 185,000 miles",Medium Heavy-Duty Diesel
highway,Cummins Inc.,2025,SCEXH0540LDB,SCEXH0540LDB-016,2024-12-06,Diesel,"Compressed Natural Gas, Liquefied Natural Gas",Throttle Body Injection,2025-01-01,"10 years / 435,000 miles / 22,000 hours",Heavy Heavy-Duty Diesel
highway,Cummins Inc.,2025,SCEXH0540LDC,SCEXH0540LDC-017,2024-12-06,Diesel,"Compressed Natural Gas, Liquefied Natural Gas",Throttle Body Injection,2025-01-01,"10 years / 435,000 miles / 22,000 hours",Heavy Heavy-Duty Diesel
highway,Cummins Inc.,2025,SCEXH0721XCA,SCEXH0721XCA-018,2024-12-19,Diesel,7-15 ppm ultra low sulfur diesel,Direct Injection,2024-12-30,"10 years / 435,000 miles / 22,000 hours",Heavy Heavy-Duty Diesel
highway,Cummins Inc.,2025,SCEXH0721XCB,SCEXH0721XCB-019,2024-12-19,Diesel,7-15 ppm ultra low sulfur diesel,Direct Injection,2024-12-30,"10 years / 435,000 miles / 22,000 hours",Heavy Heavy-Duty Diesel
highway,Cummins Inc.,2025,SCEXH0729XDA,SCEXH0729XDA-011,2024-11-15,Diesel,"Compressed Natural Gas, Liquefied Natural Gas",Throttle Body Injection,2025-01-01,"10 years / 435,000 miles / 22,000 hours",Heavy Heavy-Duty Diesel
highway,Cummins Inc.,2025,SCEXH0886XDA,SCEXH0886XDA-020,2024-12-19,Diesel,"Compressed Natural Gas, Liquefied Natural Gas",Throttle Body Injection,2025-01-01,"10 years / 435,000 miles / 22,000 hours",Heavy Heavy-Duty Diesel
highway,Cummins Inc.,2025,SCEXH0912XEA,SCEXH0912XEA-012,2024-11-15,Diesel,7-15 ppm ultra low sulfur diesel,Direct Injection,2024-12-15,"10 years / 435,000 miles / 22,000 hours",Heavy Heavy-Duty Diesel
highway,Cummins Inc.,2025,SCEXH0912XEB,SCEXH0912XEB-001,2024-09-10,Diesel,7-15 ppm ultra low sulfur diesel,Direct Injection,2024-12-15,"10 years / 435,000 miles / 22,000 hours",Heavy Heavy-Duty Diesel
highway,Cummins Inc.,2025,SCEXH0912XEC,SCEXH0912XEC-003,2024-09-10,Diesel,7-15 ppm ultra low sulfur diesel,Direct Injection,2024-12-15,"10 years / 435,000 miles / 22,000 hours",Heavy Heavy-Duty Diesel
highway,Cummins Inc.,2025,SCEXH0912XED,SCEXH0912XED-014,2024-12-03,Diesel,7-15 ppm ultra low sulfur diesel,Direct Injection,2024-12-15,"10 years / 435,000 miles / 22,000 hours",Heavy Heavy-Duty Diesel
highway,Cummins Inc.,2025,SCEXH0912XEE,SCEXH0912XEE-002,2024-09-10,Diesel,7-15 ppm ultra low sulfur diesel,Direct Injection,2024-12-15,"10 years / 435,000 miles / 22,000 hours",Heavy Heavy-Duty Diesel
highway,Cummins Inc.,2025,SCEXH0912XEF,SCEXH0912XEF-004,2024-09-10,Diesel,7-15 ppm ultra low sulfur diesel,Direct Injection,2024-12-15,"10 years / 435,000 miles / 22,000 hours",Heavy Heavy-Duty Diesel
highway,FCA US LLC,2025,SCRXE06.4FY6,SCRXE06.4FY6-001,2025-02-10,Otto,Gasoline,Multi-port Injection,2025-02-17,"10 years / 110,000 miles","Light or Medium Heavy-Duty Otto Cycle engines for all vehicles regardless of GVWR (but below 33,000 lbs GVWR)"
highway,Detroit Diesel Corporation,2025,SDDXH07.7MDC,SDDXH07.7MDC-007,2024-11-15,Diesel,7-15 ppm ultra low sulfur diesel,Direct Injection,2025-10-29,"10 years / 185,000 miles",Medium Heavy-Duty Diesel
highway,Detroit Diesel Corporation,2025,SDDXH07.7MDE,SDDXH07.7MDE-006,2024-11-15,Diesel,7-15 ppm ultra low sulfur diesel,Direct Injection,2025-10-29,"10 years / 185,000 miles",Medium Heavy-Duty Diesel
highway,Detroit Diesel Corporation,2025,SDDXH12.8NXC,SDDXH12.8NXC-004,2024-11-12,Diesel,7-15 ppm ultra low sulfur diesel,Direct Injection,2024-12-16,"10 years / 435,000 miles / 22,000 hours",Heavy Heavy-Duty Diesel
highway,Detroit Diesel Corporation,2025,SDDXH12.8NXE,SDDXH12.8NXE-005,2024-11-12,Diesel,7-15 ppm ultra low sulfur diesel,Direct Injection,2024-12-16,"10 years / 435,000 miles / 22,000 hours",Heavy Heavy-Duty Diesel
highway,Detroit Diesel Corporation,2025,SDDXH12.8TCE,SDDXH12.8TCE-001,2024-10-31,Diesel,7-15 ppm ultra low sulfur diesel,Direct Injection,2024-12-16,"10 years / 435,000 miles / 22,000 hours",Heavy Heavy-Duty Diesel
highway,Detroit Diesel Corporation,2025,SDDXH14.8NXC,SDDXH14.8NXC-009,2024-11-20,Diesel,7-15 ppm ultra low sulfur diesel,Direct Injection,2024-12-16,"10 years / 435,000 miles / 22,000 hours",Heavy Heavy-Duty Diesel
highway,Detroit Diesel Corporation,2025,SDDXH14.8NXE,SDDXH14.8NXE-008,2024-11-20,Diesel,7-15 ppm ultra low sulfur diesel,Direct Injection,2024-12-16,"10 years / 435,000 miles / 22,000 hours",Heavy Heavy-Duty Diesel
highway,Detroit Diesel Corporation,2025,SDDXH15.6GEC,SDDXH15.6GEC-002,2024-10-31,Diesel,7-15 ppm ultra low sulfur diesel,Direct Injection,2024-12-16,"10 years / 435,000 miles / 22,000 hours",Heavy Heavy-Duty Diesel
highway,Detroit Diesel Corporation,2025,SDDXH15.6GEE,SDDXH15.6GEE-003,2024-10-31,Diesel,7-15 ppm ultra low sulfur diesel,Direct Injection,2024-12-16,"10 years / 435,000 miles / 22,000 hours",Heavy Heavy-Duty Diesel
highway,Ford Motor Company,2025,SFMXE07.3BW7,SFMXE07.3BW7-005,2024-11-26,Otto,Gasoline,Sequential Fuel Injection,2025-09-22,"10 years / 110,000 miles","Light or Medium Heavy-Duty Otto Cycle engines for all vehicles (certified for vehicles between 14,001 lbs and 33,000 lbs GVWR inclusive)"
highway,Ford Motor Company,2025,SFMXE07.3BWU,SFMXE07.3BWU-006,2024-11-26,Otto,Gasoline,Sequential Fuel Injection,2025-09-22,"10 years / 110,000 miles","Light or Medium Heavy-Duty Otto Cycle engines for all vehicles regardless of GVWR (but below 33,000 lbs GVWR)"
highway,Ford Motor Company,2025,SFMXH06.7F45,SFMXH06.7F45-004,2024-11-15,Diesel,7-15 ppm ultra low sulfur diesel,Direct Injection,2025-07-01,"10 years / 185,000 miles",Medium Heavy-Duty Diesel
highway,Ford Motor Company,2025,SFMXH06.7P4A,SFMXH06.7P4A-002,2024-11-07,Diesel,7-15 ppm ultra low sulfur diesel,Direct Injection,2025-07-10,,Light Heavy-Duty Diesel
highway,Ford Motor Company,2025,SFMXH06.7P4B,SFMXH06.7P4B-001,2024-10-24,Diesel,7-15 ppm ultra low sulfur diesel,Direct Injection,2025-07-10,,Light Heavy-Duty Diesel
highway,Ford Motor Company,2025,SFMXH06.7P5C,SFMXH06.7P5C-003,2024-11-15,Diesel,7-15 ppm ultra low sulfur diesel,Direct Injection,2025-07-10,"10 years / 185,000 miles",Medium Heavy-Duty Diesel
highway,Greenkraft Inc.,2025,SGKTE06.0GM2,SGKTE06.0GM2-005-R01,2024-10-17,Otto,Compressed Natural Gas,Multi-port Injection,2024-11-25,"10 years / 110,000 miles","Light or Medium Heavy-Duty Otto Cycle engines for all vehicles (certified for vehicles between 14,001 lbs and 33,000 lbs GVWR inclusive)"
highway,Greenkraft Inc.,2025,SGKTE06.0PRO,SGKTE06.0PRO-004-R01,2024-10-17,Otto,Propane,Multi-port Injection,2024-11-25,"10 years / 110,000 miles","Light or Medium Heavy-Duty Otto Cycle engines for all vehicles (certified for vehicles between 14,001 lbs and 33,000 lbs GVWR inclusive)"
highway,Greenkraft Inc.,2025,SGKTE06.0SS6,SGKTE06.0SS6-001-R01,2024-10-17,Otto,Gasoline,Multi-port Injection,2024-11-25,"10 years / 110,000 miles","Light or Medium Heavy-Duty Otto Cycle engines for all vehicles (certified for vehicles between 14,001 lbs and 33,000 lbs GVWR inclusive)"
highway,Greenkraft Inc.,2025,SGKTE08.0PRO,SGKTE08.0PRO-003-R01,2024-10-17,Otto,Propane,Multi-port Injection,2024-11-25,"10 years / 110,000 miles","Light or Medium Heavy-Duty Otto Cycle engines for all vehicles (certified for vehicles between 14,001 lbs and 33,000 lbs GVWR inclusive)"
highway,Greenkraft Inc.,2025,SGKTE08.0SS8,SGKTE08.0SS8-002-R01,2024-10-17,Otto,Gasoline,Multi-port Injection,2024-11-25,"10 years / 110,000 miles","Light or Medium Heavy-Duty Otto Cycle engines for all vehicles (certified for vehicles between 14,001 lbs and 33,000 lbs GVWR inclusive)"
highway,General Motors LLC,2025,SGMXE06.6002,SGMXE06.6002-002,2024-08-15,Otto,Gasoline,Direct Injection,2025-01-01,"10 years / 110,000 miles","Light or Medium Heavy-Duty Otto Cycle engines for all vehicles (certified for vehicles between 14,001 lbs and 33,000 lbs GVWR inclusive)"
highway,General Motors LLC,2025,SGMXE06.6003,SGMXE06.6003-001,2024-08-15,Otto,Gasoline,Direct Injection,2025-01-02,"10 years / 110,000 miles","Light or Medium Heavy-Duty Otto Cycle engines for all vehicles regardless of GVWR (but below 33,000 lbs GVWR)"
highway,General Motors LLC,2025,SGMXH06.6010,SGMXH06.6010-003,2024-08-30,Diesel,7-15 ppm ultra low sulfur diesel,Direct Injection,2025-01-01,,Light Heavy-Duty Diesel
highway,Landi Renzo USA Corporation,2025,SLDRE07.3BW7,SLDRE07.3BW7-001,2025-04-30,Otto,Compressed Natural Gas,Sequential Fuel Injection,2025-04-01,"10 years / 110,000 miles","Light or Medium Heavy-Duty Otto Cycle engines for all vehicles (certified for vehicles between 14,001 lbs and 33,000 lbs GVWR inclusive)"
highway,"International Motors, LLC",2025,SNVXH07750SA,SNVXH07750SA-001,2024-12-27,Diesel,7-15 ppm ultra low sulfur diesel,Direct Injection,2025-04-01,"10 years / 435,000 miles / 22,000 hours",Heavy Heavy-Duty Diesel
highway,"International Motors, LLC",2025,SNVXH07750SB,SNVXH07750SB-002,2024-12-27,Diesel,7-15 ppm ultra low sulfur diesel,Direct Injection,2025-04-01,"10 years / 435,000 miles / 22,000 hours",Heavy Heavy-Duty Diesel
highway,"International Motors, LLC",2025,SNVXH07750SC,SNVXH07750SC-003,2025-08-12,Diesel,7-15 ppm ultra low sulfur diesel,Direct Injection,2025-09-12,"10 years / 435,000 miles / 22,000 hours",Heavy Heavy-Duty Diesel
highway,PACCAR Inc,2025,SPCRH10.8C21,SPCRH10.8C21-003,2024-10-03,Diesel,7-15 ppm ultra low sulfur diesel,Direct Injection,2025-04-28,"10 years / 435,000 miles / 22,000 hours",Heavy Heavy-Duty Diesel
highway,PACCAR Inc,2025,SPCRH10.8M21,SPCRH10.8M21-001,2024-10-03,Diesel,7-15 ppm ultra low sulfur diesel,Direct Injection,2025-04-28,"10 years / 435,000 miles / 22,000 hours",Heavy Heavy-Duty Diesel
highway,PACCAR Inc,2025,SPCRH12.9C01,SPCRH12.9C01-005-R01,2024-12-12,Diesel,7-15 ppm ultra low sulfur diesel,Direct Injection,2024-12-12,"10 years / 435,000 miles / 22,000 hours",Heavy Heavy-Duty Diesel
highway,PACCAR Inc,2025,SPCRH12.9C21,SPCRH12.9C21-004,2024-10-03,Diesel,7-15 ppm ultra low sulfur diesel,Direct Injection,2025-04-28,"10 years / 435,000 miles / 22,000 hours",Heavy Heavy-Duty Diesel
highway,PACCAR Inc,2025,SPCRH12.9M21,SPCRH12.9M21-002,2024-10-03,Diesel,7-15 ppm ultra low sulfur diesel,Direct Injection,2025-04-28,"10 years / 435,000 miles / 22,000 hours",Heavy Heavy-Duty Diesel
highway,"Roush Industries, Inc.",2025,SRIIE07.3BL3,SRIIE07.3BL3-003,2024-11-26,Otto,Liquefied Petroleum Gas,Sequential Fuel Injection,2025-09-15,"10 years / 110,000 miles","Light or Medium Heavy-Duty Otto Cycle engines for all vehicles (certified for vehicles between 14,001 lbs and 33,000 lbs GVWR inclusive)"
highway,"Roush Industries, Inc.",2025,SRIIE07.3BL5,SRIIE07.3BL5-002,2024-11-26,Otto,Liquefied Petroleum Gas,Sequential Fuel Injection,2025-07-31,"10 years / 110,000 miles","Light or Medium Heavy-Duty Otto Cycle engines for all vehicles (certified for vehicles between 14,001 lbs and 33,000 lbs GVWR inclusive)"
highway,"Roush Industries, Inc.",2025,SRIIE07.3BW8,SRIIE07.3BW8-001-R01,2024-11-26,Otto,Gasoline,Sequential Fuel Injection,2025-08-06,"10 years / 110,000 miles","Light or Medium Heavy-Duty Otto Cycle engines for all vehicles (certified for vehicles between 14,001 lbs and 33,000 lbs GVWR inclusive)"
highway,Isuzu Motors Limited,2025,SSZXH05.23FE,SSZXH05.23FE-001,2024-10-28,Diesel,7-15 ppm ultra low sulfur diesel,Direct Injection,2025-01-04,,Light Heavy-Duty Diesel
highway,"Volvo Group Trucks Technology, Powertrain Engineering, a Division of Mack Trucks",2025,SVPTH10.8CA1,SVPTH10.8CA1-002,2024-12-16,Diesel,7-15 ppm ultra low sulfur diesel,Direct Injection,2025-01-01,"10 years / 435,000 miles / 22,000 hours",Heavy Heavy-Duty Diesel
highway,"Volvo Group Trucks Technology, Powertrain Engineering, a Division of Mack Trucks",2025,SVPTH10.8EP1,SVPTH10.8EP1-001,2024-12-16,Diesel,7-15 ppm ultra low sulfur diesel,Direct Injection,2025-01-01,"10 years / 435,000 miles / 22,000 hours",Heavy Heavy-Duty Diesel
highway,"Volvo Group Trucks Technology, Powertrain Engineering, a Division of Mack Trucks",2025,SVPTH12.8CA1,SVPTH12.8CA1-004-R01,2024-12-16,Diesel,7-15 ppm ultra low sulfur diesel,Direct Injection,2025-08-25,"10 years / 435,000 miles / 22,000 hours",Heavy Heavy-Duty Diesel
highway,"Volvo Group Trucks Technology, Powertrain Engineering, a Division of Mack Trucks",2025,SVPTH12.8CA2,SVPTH12.8CA2-006,2024-12-16,Diesel,7-15 ppm ultra low sulfur diesel,Direct Injection,2025-01-01,"10 years / 435,000 miles / 22,000 hours",Heavy Heavy-Duty Diesel
highway,"Volvo Group Trucks Technology, Powertrain Engineering, a Division of Mack Trucks",2025,SVPTH12.8CA3,SVPTH12.8CA3-011,2024-12-19,Diesel,7-15 ppm ultra low sulfur diesel,Direct Injection,2025-01-01,"10 years / 435,000 miles / 22,000 hours",Heavy Heavy-Duty Diesel
highway,"Volvo Group Trucks Technology, Powertrain Engineering, a Division of Mack Trucks",2025,SVPTH12.8CA4,SVPTH12.8CA4-008-R01,2024-12-16,Diesel,7-15 ppm ultra low sulfur diesel,Direct Injection,2025-08-25,"10 years / 435,000 miles / 22,000 hours",Heavy Heavy-Duty Diesel
highway,"Volvo Group Trucks Technology, Powertrain Engineering, a Division of Mack Trucks",2025,SVPTH12.8CA7,SVPTH12.8CA7-010-R01,2024-12-16,Diesel,7-15 ppm ultra low sulfur diesel,Direct Injection,2025-08-25,"10 years / 435,000 miles / 22,000 hours",Heavy Heavy-Duty Diesel
highway,"Volvo Group Trucks Technology, Powertrain Engineering, a Division of Mack Trucks",2025,SVPTH12.8EP1,SVPTH12.8EP1-003-R01,2024-12-16,Diesel,7-15 ppm ultra low sulfur diesel,Direct Injection,2025-08-25,"10 years / 435,000 miles / 22,000 hours",Heavy Heavy-Duty Diesel
highway,"Volvo Group Trucks Technology, Powertrain Engineering, a Division of Mack Trucks",2025,SVPTH12.8EP2,SVPTH12.8EP2-005,2024-12-16,Diesel,7-15 ppm ultra low sulfur diesel,Direct Injection,2025-01-01,"10 years / 435,000 miles / 22,000 hours",Heavy Heavy-Duty Diesel
highway,"Volvo Group Trucks Technology, Powertrain Engineering, a Division of Mack Trucks",2025,SVPTH12.8EP4,SVPTH12.8EP4-007-R01,2024-12-16,Diesel,7-15 ppm ultra low sulfur diesel,Direct Injection,2025-08-25,"10 years / 435,000 miles / 22,000 hours",Heavy Heavy-Duty Diesel
highway,"Volvo Group Trucks Technology, Powertrain Engineering, a Division of Mack Trucks",2025,SVPTH12.8EP7,SVPTH12.8EP7-009-R01,2024-12-16,Diesel,7-15 ppm ultra low sulfur diesel,Direct Injection,2025-08-25,"10 years / 435,000 miles / 22,000 hours",Heavy Heavy-Duty Diesel
highway,"Agility Powertrain Systems, LLC",2024,RAGIE06.0CNG,RAGIE06.0CNG-001,2023-08-10,Otto,Compressed Natural Gas,Sequential Fuel Injection,2024-01-01,"10 years / 110,000 miles","Light or Medium Heavy-Duty Otto Cycle engines for all vehicles regardless of GVWR (but below 33,000 lbs GVWR)"
highway,Wing Fuel Systems LLC.,2024,RBAFE06.6BNG,RBAFE06.6BNG-001,2023-12-29,Otto,"Compressed Natural Gas, Gasoline",Sequential Fuel Injection,2024-01-29,"10 years / 110,000 miles","Light or Medium Heavy-Duty Otto Cycle engines for all vehicles (certified for vehicles between 14,001 lbs and 33,000 lbs GVWR inclusive)"
highway,Wing Fuel Systems LLC.,2024,RBAFE07.3BNG,RBAFE07.3BNG-002,2024-03-06,Otto,"Compressed Natural Gas, Gasoline",Sequential Fuel Injection,2024-03-15,"10 years / 110,000 miles","Light or Medium Heavy-Duty Otto Cycle engines for all vehicles (certified for vehicles between 14,001 lbs and 33,000 lbs GVWR inclusive)"
highway,"Blossman Services, Inc.",2024,RBLME06.6001,RBLME06.6001-002,2024-12-05,Otto,"Gasoline, Liquefied Petroleum Gas",Sequential Fuel Injection,2024-12-01,"10 years / 110,000 miles","Light or Medium Heavy-Duty Otto Cycle engines for all vehicles (certified for vehicles between 14,001 lbs and 33,000 lbs GVWR inclusive)"
highway,"Blossman Services, Inc.",2024,RBLME07.3BWR,RBLME07.3BWR-001,2024-06-06,Otto,"Gasoline, Liquefied Petroleum Gas",Sequential Fuel Injection,2024-06-01,"10 years / 110,000 miles","Light or Medium Heavy-Duty Otto Cycle engines for all vehicles regardless of GVWR (but below 33,000 lbs GVWR)"
highway,Cummins Inc.,2024,RCEXH0408BCA,RCEXH0408BCA-021,2023-11-07,Diesel,7-15 ppm ultra low sulfur diesel,Direct Injection,2023-12-15,"10 years / 185,000 miles",Medium Heavy-Duty Diesel
highway,Cummins Inc.,2024,RCEXH0408BCB,RCEXH0408BCB-020,2023-10-17,Diesel,7-15 ppm ultra low sulfur diesel,Direct Injection,2023-12-15,"10 years / 185,000 miles",Medium Heavy-Duty Diesel
highway,Cummins Inc.,2024,RCEXH0408BCC,RCEXH0408BCC-009,2023-08-24,Diesel,7-15 ppm ultra low sulfur diesel,Direct Injection,2024-01-01,"10 years / 185,000 miles",Medium Heavy-Duty Diesel
highway,Cummins Inc.,2024,RCEXH0408BCE,RCEXH0408BCE-010,2023-08-24,Diesel,7-15 ppm ultra low sulfur diesel,Direct Injection,2024-01-01,"10 years / 185,000 miles",Medium Heavy-Duty Diesel
highway,Cummins Inc.,2024,RCEXH0408BCF,RCEXH0408BCF-022,2023-11-07,Diesel,7-15 ppm ultra low sulfur diesel,Direct Injection,2023-12-15,"10 years / 185,000 miles",Medium Heavy-Duty Diesel
highway,Cummins Inc.,2024,RCEXH0408BDA,RCEXH0408BDA-004,2023-07-20,Diesel,"Compressed Natural Gas, Liquefied Natural Gas",Throttle Body Injection,2024-01-01,"10 years / 185,000 miles",Medium Heavy-Duty Diesel
highway,Cummins Inc.,2024,RCEXH0540LCA,RCEXH0540LCA-019,2023-10-10,Diesel,7-15 ppm ultra low sulfur diesel,Direct Injection,2023-12-15,"10 years / 185,000 miles",Medium Heavy-Duty Diesel
highway,Cummins Inc.,2024,RCEXH0540LCC,RCEXH0540LCC-011,2023-09-28,Diesel,7-15 ppm ultra low sulfur diesel,Direct Injection,2023-12-15,"10 years / 435,000 miles / 22,000 hours",Heavy Heavy-Duty Diesel
highway,Cummins Inc.,2024,RCEXH0540LCD,RCEXH0540LCD-018,2023-10-10,Diesel,7-15 ppm ultra low sulfur diesel,Direct Injection,2023-12-15,"10 years / 185,000 miles",Medium Heavy-Duty Diesel
highway,Cummins Inc.,2024,RCEXH0540LDA,RCEXH0540LDA-002,2023-07-17,Diesel,"Compressed Natural Gas, Liquefied Natural Gas",Throttle Body Injection,2024-01-01,"10 years / 185,000 miles",Medium Heavy-Duty Diesel
highway,Cummins Inc.,2024,RCEXH0540LDB,RCEXH0540LDB-001,2023-07-17,Diesel,"Compressed Natural Gas, Liquefied Natural Gas",Throttle Body Injection,2024-01-01,"10 years / 435,000 miles / 22,000 hours",Heavy Heavy-Duty Diesel
highway,Cummins Inc.,2024,RCEXH0540LDC,RCEXH0540LDC-003,2023-07-17,Diesel,"Compressed Natural Gas, Liquefied Natural Gas",Throttle Body Injection,2024-01-01,"10 years / 435,000 miles / 22,000 hours",Heavy Heavy-Duty Diesel
highway,Cummins Inc.,2024,RCEXH0540LDD,RCEXH0540LDD-006,2023-08-02,Diesel,"Compressed Natural Gas, Liquefied Natural Gas",Throttle Body Injection,2024-01-01,"10 years / 185,000 miles",Medium Heavy-Duty Diesel
highway,Cummins Inc.,2024,RCEXH0540LDE,RCEXH0540LDE-007,2023-08-02,Diesel,"Compressed Natural Gas, Liquefied Natural Gas",Throttle Body Injection,2024-01-01,"10 years / 435,000 miles / 22,000 hours",Heavy Heavy-Duty Diesel
highway,Cummins Inc.,2024,RCEXH0540LDF,RCEXH0540LDF-008,2023-08-02,Diesel,"Compressed Natural Gas, Liquefied Natural Gas",Throttle Body Injection,2024-01-01,"10 years / 435,000 miles / 22,000 hours",Heavy Heavy-Duty Diesel
highway,Cummins Inc.,2024,RCEXH0540LDG,RCEXH0540LDG-026,2024-10-17,Diesel,"Compressed Natural Gas, Liquefied Natural Gas",Throttle Body Injection,2024-10-17,"10 years / 435,000 miles / 22,000 hours",Heavy Heavy-Duty Diesel
highway,Cummins Inc.,2024,RCEXH0540LDH,RCEXH0540LDH-027,2024-10-17,Diesel,"Compressed Natural Gas, Liquefied Natural Gas",Throttle Body Injection,2024-10-17,"10 years / 435,000 miles / 22,000 hours",Heavy Heavy-Duty Diesel
highway,Cummins Inc.,2024,RCEXH0540LDI,RCEXH0540LDI-028,2024-10-17,Diesel,"Compressed Natural Gas, Liquefied Natural Gas",Throttle Body Injection,2024-10-17,"10 years / 185,000 miles",Medium Heavy-Duty Diesel
highway,Cummins Inc.,2024,RCEXH0721XCA,RCEXH0721XCA-023-R01,2023-12-20,Diesel,7-15 ppm ultra low sulfur diesel,Direct Injection,2023-12-20,"10 years / 435,000 miles / 22,000 hours",Heavy Heavy-Duty Diesel
highway,Cummins Inc.,2024,RCEXH0721XCB,RCEXH0721XCB-024-R01,2023-12-20,Diesel,7-15 ppm ultra low sulfur diesel,Direct Injection,2023-12-20,"10 years / 435,000 miles / 22,000 hours",Heavy Heavy-Duty Diesel
highway,Cummins Inc.,2024,RCEXH0729XDA,RCEXH0729XDA-005,2023-07-20,Diesel,"Compressed Natural Gas, Liquefied Natural Gas",Throttle Body Injection,2024-01-01,"10 years / 435,000 miles / 22,000 hours",Heavy Heavy-Duty Diesel
highway,Cummins Inc.,2024,RCEXH0886XDA,RCEXH0886XDA-025,2024-08-02,Diesel,"Compressed Natural Gas, Liquefied Natural Gas",Throttle Body Injection,2024-08-02,"10 years / 435,000 miles / 22,000 hours",Heavy Heavy-Duty Diesel
highway,Cummins Inc.,2024,RCEXH0912XEA,RCEXH0912XEA-015,2023-10-05,Diesel,7-15 ppm ultra low sulfur diesel,Direct Injection,2023-10-05,"10 years / 435,000 miles / 22,000 hours",Heavy Heavy-Duty Diesel
highway,Cummins Inc.,2024,RCEXH0912XEB,RCEXH0912XEB-014,2023-10-05,Diesel,7-15 ppm ultra low sulfur diesel,Direct Injection,2023-10-05,"10 years / 435,000 miles / 22,000 hours",Heavy Heavy-Duty Diesel
highway,Cummins Inc.,2024,RCEXH0912XEC,RCEXH0912XEC-017,2023-10-05,Diesel,7-15 ppm ultra low sulfur diesel,Direct Injection,2023-10-05,"10 years / 435,000 miles / 22,000 hours",Heavy Heavy-Duty Diesel
highway,Cummins Inc.,2024,RCEXH0912XED,RCEXH0912XED-012,2023-10-05,Diesel,7-15 ppm ultra low sulfur diesel,Direct Injection,2023-10-05,"10 years / 435,000 miles / 22,000 hours",Heavy Heavy-Duty Diesel
highway,Cummins Inc.,2024,RCEXH0912XEE,RCEXH0912XEE-013,2023-10-05,Diesel,7-15 ppm ultra low sulfur diesel,Direct Injection,2023-10-05,"10 years / 435,000 miles / 22,000 hours",Heavy Heavy-Duty Diesel
highway,Cummins Inc.,2024,RCEXH0912XEF,RCEXH0912XEF-016,2023-10-05,Diesel,7-15 ppm ultra low sulfur diesel,Direct Injection,2023-10-05,"10 years / 435,000 miles / 22,000 hours",Heavy Heavy-Duty Diesel
highway,FCA US LLC,2024,RCRXE06.4FY6,RCRXE06.4FY6-001,2023-07-03,Otto,Gasoline,Multi-port Injection,2024-01-02,"10 years / 110,000 miles","Light or Medium Heavy-Duty Otto Cycle engines for all vehicles regardless of GVWR (but below 33,000 lbs GVWR)"
highway,Detroit Diesel Corporation,2024,RDDXH07.7MDC,RDDXH07.7MDC-003,2023-11-16,Diesel,7-15 ppm ultra low sulfur diesel,Direct Injection,2024-11-22,"10 years / 185,000 miles",Medium Heavy-Duty Diesel
highway,Detroit Diesel Corporation,2024,RDDXH07.7MDE,RDDXH07.7MDE-004,2023-11-16,Diesel,7-15 ppm ultra low sulfur diesel,Direct Injection,2024-11-22,"10 years / 185,000 miles",Medium Heavy-Duty Diesel
highway,Detroit Diesel Corporation,2024,RDDXH12.8NXC,RDDXH12.8NXC-009,2023-12-14,Diesel,7-15 ppm ultra low sulfur diesel,Direct Injection,2024-11-29,"10 years / 435,000 miles / 22,000 hours",Heavy Heavy-Duty Diesel
highway,Detroit Diesel Corporation,2024,RDDXH12.8NXE,RDDXH12.8NXE-008,2023-12-14,Diesel,7-15 ppm ultra low sulfur diesel,Direct Injection,2024-11-29,"10 years / 435,000 miles / 22,000 hours",Heavy Heavy-Duty Diesel
highway,Detroit Diesel Corporation,2024,RDDXH12.8TCE,RDDXH12.8TCE-007,2023-11-28,Diesel,7-15 ppm ultra low sulfur diesel,Direct Injection,2023-12-11,"10 years / 435,000 miles / 22,000 hours",Heavy Heavy-Duty Diesel
highway,Detroit Diesel Corporation,2024,RDDXH14.8TCC,RDDXH14.8TCC-002,2023-11-16,Diesel,7-15 ppm ultra low sulfur diesel,Direct Injection,2024-01-01,"10 years / 435,000 miles / 22,000 hours",Heavy Heavy-Duty Diesel
highway,Detroit Diesel Corporation,2024,RDDXH14.8TCE,RDDXH14.8TCE-001,2023-11-16,Diesel,7-15 ppm ultra low sulfur diesel,Direct Injection,2024-01-01,"10 years / 435,000 miles / 22,000 hours",Heavy Heavy-Duty Diesel
highway,Detroit Diesel Corporation,2024,RDDXH15.6GEC,RDDXH15.6GEC-005,2023-11-28,Diesel,7-15 ppm ultra low sulfur diesel,Direct Injection,2024-11-29,"10 years / 435,000 miles / 22,000 hours",Heavy Heavy-Duty Diesel
highway,Detroit Diesel Corporation,2024,RDDXH15.6GEE,RDDXH15.6GEE-006,2023-11-28,Diesel,7-15 ppm ultra low sulfur diesel,Direct Injection,2024-11-29,"10 years / 435,000 miles / 22,000 hours",Heavy Heavy-Duty Diesel
highway,Ford Motor Company,2024,RFMXE07.3BW7,RFMXE07.3BW7-006,2023-11-29,Otto,Gasoline,Sequential Fuel Injection,2024-08-16,"10 years / 110,000 miles","Light or Medium Heavy-Duty Otto Cycle engines for all vehicles (certified for vehicles between 14,001 lbs and 33,000 lbs GVWR inclusive)"
highway,Ford Motor Company,2024,RFMXE07.3BWU,RFMXE07.3BWU-001,2023-09-25,Otto,Gasoline,Sequential Fuel Injection,2024-08-16,"10 years / 110,000 miles","Light or Medium Heavy-Duty Otto Cycle engines for all vehicles regardless of GVWR (but below 33,000 lbs GVWR)"
highway,Ford Motor Company,2024,RFMXH06.7F45,RFMXH06.7F45-004,2023-11-17,Diesel,7-15 ppm ultra low sulfur diesel,Direct Injection,2024-08-27,"10 years / 185,000 miles",Medium Heavy-Duty Diesel
highway,Ford Motor Company,2024,RFMXH06.7P4A,RFMXH06.7P4A-005,2023-11-17,Diesel,7-15 ppm ultra low sulfur diesel,Direct Injection,2024-08-27,,Light Heavy-Duty Diesel
highway,Ford Motor Company,2024,RFMXH06.7P4B,RFMXH06.7P4B-002,2023-09-25,Diesel,7-15 ppm ultra low sulfur diesel,Direct Injection,2024-08-27,,Light Heavy-Duty Diesel
highway,Ford Motor Company,2024,RFMXH06.7P5C,RFMXH06.7P5C-003,2023-11-17,Diesel,7-15 ppm ultra low sulfur diesel,Direct Injection,2024-01-01,"10 years / 185,000 miles",Medium Heavy-Duty Diesel
highway,General Motors LLC,2024,RGMXE06.6001,RGMXE06.6001-001,2023-06-14,Otto,Gasoline,Direct Injection,2024-01-02,"10 years / 110,000 miles","Light or Medium Heavy-Duty Otto Cycle engines for all vehicles regardless of GVWR (but below 33,000 lbs GVWR)"
highway,General Motors LLC,2024,RGMXE06.6002,RGMXE06.6002-003,2023-09-15,Otto,Gasoline,Direct Injection,2024-01-01,"10 years / 110,000 miles","Light or Medium Heavy-Duty Otto Cycle engines for all vehicles (certified for vehicles between 14,001 lbs and 33,000 lbs GVWR inclusive)"
highway,General Motors LLC,2024,RGMXE06.6003,RGMXE06.6003-002,2023-06-14,Otto,Gasoline,Direct Injection,2024-01-02,"10 years / 110,000 miles","Light or Medium Heavy-Duty Otto Cycle engines for all vehicles regardless of GVWR (but below 33,000 lbs GVWR)"
highway,General Motors LLC,2024,RGMXH06.6010,RGMXH06.6010-004,2023-12-21,Diesel,7-15 ppm ultra low sulfur diesel,Direct Injection,2024-01-08,,Light Heavy-Duty Diesel
highway,Landi Renzo USA Corporation,2024,RLDRE07.3BW7,RLDRE07.3BW7-001,2024-03-11,Otto,Compressed Natural Gas,Sequential Fuel Injection,2024-03-01,"10 years / 110,000 miles","Light or Medium Heavy-Duty Otto Cycle engines for all vehicles (certified for vehicles between 14,001 lbs and 33,000 lbs GVWR inclusive)"
highway,"International Motors, LLC",2024,RNVXH07570SA,RNVXH07570SA-002,2023-10-25,Diesel,7-15 ppm ultra low sulfur diesel,Direct Injection,2024-12-09,"10 years / 435,000 miles / 22,000 hours",Heavy Heavy-Duty Diesel
highway,"International Motors, LLC",2024,RNVXH07750SA,RNVXH07750SA-001,2023-09-19,Diesel,7-15 ppm ultra low sulfur diesel,Direct Injection,2023-09-20,"10 years / 435,000 miles / 22,000 hours",Heavy Heavy-Duty Diesel
highway,"International Motors, LLC",2024,RNVXH07750SB,RNVXH07750SB-003,2024-05-02,Diesel,7-15 ppm ultra low sulfur diesel,Direct Injection,2024-07-01,"10 years / 435,000 miles / 22,000 hours",Heavy Heavy-Duty Diesel
highway,"International Motors, LLC",2024,RNVXH07750SC,RNVXH07750SC-004,2024-08-19,Diesel,7-15 ppm ultra low sulfur diesel,Direct Injection,2024-11-01,"10 years / 435,000 miles / 22,000 hours",Heavy Heavy-Duty Diesel
highway,PACCAR Inc,2024,RPCRH10.8C21,RPCRH10.8C21-003,2023-09-29,Diesel,7-15 ppm ultra low sulfur diesel,Direct Injection,2024-12-09,"10 years / 435,000 miles / 22,000 hours",Heavy Heavy-Duty Diesel
highway,PACCAR Inc,2024,RPCRH10.8M21,RPCRH10.8M21-001,2023-09-29,Diesel,7-15 ppm ultra low sulfur diesel,Direct Injection,2024-12-09,"10 years / 435,000 miles / 22,000 hours",Heavy Heavy-Duty Diesel
highway,PACCAR Inc,2024,RPCRH12.9C01,RPCRH12.9C01-005,2024-10-03,Diesel,7-15 ppm ultra low sulfur diesel,Direct Injection,2024-10-03,"10 years / 435,000 miles / 22,000 hours",Heavy Heavy-Duty Diesel
highway,PACCAR Inc,2024,RPCRH12.9C21,RPCRH12.9C21-004,2023-09-29,Diesel,7-15 ppm ultra low sulfur diesel,Direct Injection,2024-12-09,"10 years / 435,000 miles / 22,000 hours",Heavy Heavy-Duty Diesel
highway,PACCAR Inc,2024,RPCRH12.9M21,RPCRH12.9M21-002,2023-09-29,Diesel,7-15 ppm ultra low sulfur diesel,Direct Injection,2024-12-30,"10 years / 435,000 miles / 22,000 hours",Heavy Heavy-Duty Diesel
highway,"Roush Industries, Inc.",2024,RRIIE07.3BL3,RRIIE07.3BL3-003,2023-12-05,Otto,Liquefied Petroleum Gas,Sequential Fuel Injection,2024-09-11,"10 years / 110,000 miles","Light or Medium Heavy-Duty Otto Cycle engines for all vehicles (certified for vehicles between 14,001 lbs and 33,000 lbs GVWR inclusive)"
highway,"Roush Industries, Inc.",2024,RRIIE07.3BL5,RRIIE07.3BL5-002,2023-12-04,Otto,Liquefied Petroleum Gas,Sequential Fuel Injection,2024-09-11,"10 years / 110,000 miles","Light or Medium Heavy-Duty Otto Cycle engines for all vehicles (certified for vehicles between 14,001 lbs and 33,000 lbs GVWR inclusive)"
highway,"Roush Industries, Inc.",2024,RRIIE07.3BW8,RRIIE07.3BW8-001,2023-12-04,Otto,Gasoline,Sequential Fuel Injection,2024-11-12,"10 years / 110,000 miles","Light or Medium Heavy-Duty Otto Cycle engines for all vehicles (certified for vehicles between 14,001 lbs and 33,000 lbs GVWR inclusive)"
highway,Isuzu Motors Limited,2024,RSZXH05.23FE,RSZXH05.23FE-001,2023-12-21,Diesel,7-15 ppm ultra low sulfur diesel,Direct Injection,2024-01-03,,Light Heavy-Duty Diesel
highway,"Volvo Group Trucks Technology, Powertrain Engineering, a Division of Mack Trucks",2024,RVPTH10.8CA1,RVPTH10.8CA1-002,2023-10-20,Diesel,7-15 ppm ultra low sulfur diesel,Direct Injection,2023-11-27,"10 years / 435,000 miles / 22,000 hours",Heavy Heavy-Duty Diesel
highway,"Volvo Group Trucks Technology, Powertrain Engineering, a Division of Mack Trucks",2024,RVPTH10.8EP1,RVPTH10.8EP1-001,2023-10-20,Diesel,7-15 ppm ultra low sulfur diesel,Direct Injection,2023-11-27,"10 years / 435,000 miles / 22,000 hours",Heavy Heavy-Duty Diesel
highway,"Volvo Group Trucks Technology, Powertrain Engineering, a Division of Mack Trucks",2024,RVPTH12.8CA1,RVPTH12.8CA1-004,2023-10-20,Diesel,7-15 ppm ultra low sulfur diesel,Direct Injection,2023-11-27,"10 years / 435,000 miles / 22,000 hours",Heavy Heavy-Duty Diesel
highway,"Volvo Group Trucks Technology, Powertrain Engineering, a Division of Mack Trucks",2024,RVPTH12.8CA2,RVPTH12.8CA2-006,2023-10-20,Diesel,7-15 ppm ultra low sulfur diesel,Direct Injection,2023-11-27,"10 years / 435,000 miles / 22,000 hours",Heavy Heavy-Duty Diesel
highway,"Volvo Group Trucks Technology, Powertrain Engineering, a Division of Mack Trucks",2024,RVPTH12.8CA3,RVPTH12.8CA3-009-R01,2024-07-01,Diesel,7-15 ppm ultra low sulfur diesel,Direct Injection,2024-09-16,"10 years / 435,000 miles / 22,000 hours",Heavy Heavy-Duty Diesel
highway,"Volvo Group Trucks Technology, Powertrain Engineering, a Division of Mack Trucks",2024,RVPTH12.8CA4,RVPTH12.8CA4-008-R02,2024-05-02,Diesel,7-15 ppm ultra low sulfur diesel,Direct Injection,2024-12-31,"10 years / 435,000 miles / 22,000 hours",Heavy Heavy-Duty Diesel
highway,"Volvo Group Trucks Technology, Powertrain Engineering, a Division of Mack Trucks",2024,RVPTH12.8EP1,RVPTH12.8EP1-003,2023-10-20,Diesel,7-15 ppm ultra low sulfur diesel,Direct Injection,2023-11-27,"10 years / 435,000 miles / 22,000 hours",Heavy Heavy-Duty Diesel
highway,"Volvo Group Trucks Technology, Powertrain Engineering, a Division of Mack Trucks",2024,RVPTH12.8EP2,RVPTH12.8EP2-005,2023-10-20,Diesel,7-15 ppm ultra low sulfur diesel,Direct Injection,2023-11-27,"10 years / 435,000 miles / 22,000 hours",Heavy Heavy-Duty Diesel
highway,"Volvo Group Trucks Technology, Powertrain Engineering, a Division of Mack Trucks",2024,RVPTH12.8EP4,RVPTH12.8EP4-007-R02,2024-05-02,Diesel,7-15 ppm ultra low sulfur diesel,Direct Injection,2024-12-31,"10 years / 435,000 miles / 22,000 hours",Heavy Heavy-Duty Diesel
highway,"Agility Powertrain Systems, LLC",2023,PAGIE06.0CNG,PAGIE06.0CNG-001,2022-10-21,Otto,Compressed Natural Gas,Sequential Fuel Injection,2022-11-15,"10 years / 110,000 miles","Light or Medium Heavy-Duty Otto Cycle engines for all vehicles regardless of GVWR (but below 33,000 lbs GVWR)"
highway,Wing Fuel Systems LLC.,2023,PBAFE06.6BNG,PBAFE06.6BNG-001,2023-02-15,Otto,"Compressed Natural Gas, Gasoline",Sequential Fuel Injection,2023-03-01,"10 years / 110,000 miles","Light or Medium Heavy-Duty Otto Cycle engines for all vehicles (certified for vehicles between 14,001 lbs and 33,000 lbs GVWR inclusive)"
highway,Wing Fuel Systems LLC.,2023,PBAFE07.3BNG,PBAFE07.3BNG-002,2023-03-13,Otto,"Compressed Natural Gas, Gasoline",Sequential Fuel Injection,2023-04-04,"10 years / 110,000 miles","Light or Medium Heavy-Duty Otto Cycle engines for all vehicles (certified for vehicles between 14,001 lbs and 33,000 lbs GVWR inclusive)"
highway,"Blossman Services, Inc.",2023,PBLME06.6001,PBLME06.6001-001,2023-03-07,Otto,"Gasoline, Liquefied Petroleum Gas",Sequential Fuel Injection,2023-03-01,"10 years / 110,000 miles","Light or Medium Heavy-Duty Otto Cycle engines for all vehicles (certified for vehicles between 14,001 lbs and 33,000 lbs GVWR inclusive)"
highway,"Blossman Services, Inc.",2023,PBLME07.3BWN,PBLME07.3BWN-002,2023-04-14,Otto,"Gasoline, Liquefied Petroleum Gas",Sequential Fuel Injection,2023-04-20,"10 years / 110,000 miles","Light or Medium Heavy-Duty Otto Cycle engines for all vehicles (certified for vehicles between 14,001 lbs and 33,000 lbs GVWR inclusive)"
highway,Cummins Inc.,2023,PCEXH0408BCA,PCEXH0408BCA-012,2022-11-30,Diesel,7-15 ppm ultra low sulfur diesel,Direct Injection,2022-12-12,"10 years / 185,000 miles",Medium Heavy-Duty Diesel
highway,Cummins Inc.,2023,PCEXH0408BCB,PCEXH0408BCB-013,2022-11-30,Diesel,7-15 ppm ultra low sulfur diesel,Direct Injection,2022-12-12,"10 years / 185,000 miles",Medium Heavy-Duty Diesel
highway,Cummins Inc.,2023,PCEXH0408BCC,PCEXH0408BCC-003,2022-08-29,Diesel,7-15 ppm ultra low sulfur diesel,Direct Injection,2022-11-24,"10 years / 185,000 miles",Medium Heavy-Duty Diesel
highway,Cummins Inc.,2023,PCEXH0408BCD,PCEXH0408BCD-004,2022-08-29,Diesel,7-15 ppm ultra low sulfur diesel,Direct Injection,2022-11-24,"10 years / 185,000 miles",Medium Heavy-Duty Diesel
highway,Cummins Inc.,2023,PCEXH0408BDA,PCEXH0408BDA-001,2022-08-29,Diesel,"Compressed Natural Gas, Liquefied Natural Gas",Throttle Body Injection,2023-01-01,"10 years / 185,000 miles",Medium Heavy-Duty Diesel
highway,Cummins Inc.,2023,PCEXH0540LCA,PCEXH0540LCA-011,2022-11-03,Diesel,7-15 ppm ultra low sulfur diesel,Direct Injection,2022-12-12,"10 years / 185,000 miles",Medium Heavy-Duty Diesel
highway,Cummins Inc.,2023,PCEXH0540LCB,PCEXH0540LCB-009,2022-11-03,Diesel,7-15 ppm ultra low sulfur diesel,Direct Injection,2022-12-12,"10 years / 435,000 miles / 22,000 hours",Heavy Heavy-Duty Diesel
highway,Cummins Inc.,2023,PCEXH0540LCC,PCEXH0540LCC-010,2022-11-03,Diesel,7-15 ppm ultra low sulfur diesel,Direct Injection,2022-12-12,"10 years / 435,000 miles / 22,000 hours",Heavy Heavy-Duty Diesel
highway,Cummins Inc.,2023,PCEXH0540LDA,PCEXH0540LDA-014,2022-12-08,Diesel,"Compressed Natural Gas, Liquefied Natural Gas",Throttle Body Injection,2023-01-01,"10 years / 185,000 miles",Medium Heavy-Duty Diesel
highway,Cummins Inc.,2023,PCEXH0540LDB,PCEXH0540LDB-015,2022-12-08,Diesel,"Compressed Natural Gas, Liquefied Natural Gas",Throttle Body Injection,2023-01-01,"10 years / 435,000 miles / 22,000 hours",Heavy Heavy-Duty Diesel
highway,Cummins Inc.,2023,PCEXH0540LDC,PCEXH0540LDC-016,2022-12-08,Diesel,"Compressed Natural Gas, Liquefied Natural Gas",Throttle Body Injection,2023-01-01,"10 years / 435,000 miles / 22,000 hours",Heavy Heavy-Duty Diesel
highway,Cummins Inc.,2023,PCEXH0540LDG,PCEXH0540LDG-017,2023-09-27,Diesel,"Compressed Natural Gas, Liquefied Natural Gas",Throttle Body Injection,2023-09-27,"10 years / 435,000 miles / 22,000 hours",Heavy Heavy-Duty Diesel
highway,Cummins Inc.,2023,PCEXH0721XCA,PCEXH0721XCA-008,2022-10-12,Diesel,7-15 ppm ultra low sulfur diesel,Direct Injection,2022-12-15,"10 years / 435,000 miles / 22,000 hours",Heavy Heavy-Duty Diesel
highway,Cummins Inc.,2023,PCEXH0729XDA,PCEXH0729XDA-002,2022-08-29,Diesel,"Compressed Natural Gas, Liquefied Natural Gas",Throttle Body Injection,2023-01-01,"10 years / 435,000 miles / 22,000 hours",Heavy Heavy-Duty Diesel
highway,Cummins Inc.,2023,PCEXH0912XCA,PCEXH0912XCA-005,2022-09-22,Diesel,7-15 ppm ultra low sulfur diesel,Direct Injection,2022-12-15,"10 years / 435,000 miles / 22,000 hours",Heavy Heavy-Duty Diesel
highway,Cummins Inc.,2023,PCEXH0912XCB,PCEXH0912XCB-006,2022-09-22,Diesel,7-15 ppm ultra low sulfur diesel,Direct Injection,2022-12-15,"10 years / 435,000 miles / 22,000 hours",Heavy Heavy-Duty Diesel
highway,Cummins Inc.,2023,PCEXH0912XCC,PCEXH0912XCC-007,2022-10-12,Diesel,7-15 ppm ultra low sulfur diesel,Direct Injection,2022-12-15,"10 years / 435,000 miles / 22,000 hours",Heavy Heavy-Duty Diesel
highway,FCA US LLC,2023,PCRXE06.45Y6,PCRXE06.45Y6-001,2022-11-17,Otto,Gasoline,Multi-port Injection,2022-11-17,"10 years / 110,000 miles","Light or Medium Heavy-Duty Otto Cycle engines for all vehicles regardless of GVWR (but below 33,000 lbs GVWR)"
highway,Detroit Diesel Corporation,2023,PDDXH07.7MDC,PDDXH07.7MDC-008,2022-11-30,Diesel,7-15 ppm ultra low sulfur diesel,Direct Injection,2023-09-09,"10 years / 185,000 miles",Medium Heavy-Duty Diesel
highway,Detroit Diesel Corporation,2023,PDDXH07.7MDE,PDDXH07.7MDE-007,2022-11-30,Diesel,7-15 ppm ultra low sulfur diesel,Direct Injection,2023-09-09,"10 years / 185,000 miles",Medium Heavy-Duty Diesel
highway,Detroit Diesel Corporation,2023,PDDXH12.8TCC,PDDXH12.8TCC-002,2022-11-18,Diesel,7-15 ppm ultra low sulfur diesel,Direct Injection,2023-09-09,"10 years / 435,000 miles / 22,000 hours",Heavy Heavy-Duty Diesel
highway,Detroit Diesel Corporation,2023,PDDXH12.8TCE,PDDXH12.8TCE-001-R01,2022-11-18,Diesel,7-15 ppm ultra low sulfur diesel,Direct Injection,2023-09-09,"10 years / 435,000 miles / 22,000 hours",Heavy Heavy-Duty Diesel
highway,Detroit Diesel Corporation,2023,PDDXH14.8TCC,PDDXH14.8TCC-006,2022-11-18,Diesel,7-15 ppm ultra low sulfur diesel,Direct Injection,2023-09-09,"10 years / 435,000 miles / 22,000 hours",Heavy Heavy-Duty Diesel
highway,Detroit Diesel Corporation,2023,PDDXH14.8TCE,PDDXH14.8TCE-003-R01,2022-11-18,Diesel,7-15 ppm ultra low sulfur diesel,Direct Injection,2023-09-09,"10 years / 435,000 miles / 22,000 hours",Heavy Heavy-Duty Diesel
highway,Detroit Diesel Corporation,2023,PDDXH15.6GEC,PDDXH15.6GEC-005,2022-11-18,Diesel,7-15 ppm ultra low sulfur diesel,Direct Injection,2023-09-09,"10 years / 435,000 miles / 22,000 hours",Heavy Heavy-Duty Diesel
highway,Detroit Diesel Corporation,2023,PDDXH15.6GEE,PDDXH15.6GEE-004,2022-11-18,Diesel,7-15 ppm ultra low sulfur diesel,Direct Injection,2023-09-09,"10 years / 435,000 miles / 22,000 hours",Heavy Heavy-Duty Diesel
highway,Ford Motor Company,2023,PFMXE07.3BW7,PFMXE07.3BW7-002-R01,2022-12-20,Otto,Gasoline,Sequential Fuel Injection,2023-12-04,"10 years / 110,000 miles","Light or Medium Heavy-Duty Otto Cycle engines for all vehicles (certified for vehicles between 14,001 lbs and 33,000 lbs GVWR inclusive)"
highway,Ford Motor Company,2023,PFMXE07.3BWU,PFMXE07.3BWU-001-R01,2022-11-17,Otto,Gasoline,Sequential Fuel Injection,2023-12-04,"10 years / 110,000 miles","Light or Medium Heavy-Duty Otto Cycle engines for all vehicles regardless of GVWR (but below 33,000 lbs GVWR)"
highway,Ford Motor Company,2023,PFMXH06.7C45,PFMXH06.7C45-006,2023-01-27,Diesel,7-15 ppm ultra low sulfur diesel,Direct Injection,2023-01-27,"10 years / 185,000 miles",Medium Heavy-Duty Diesel
highway,Ford Motor Company,2023,PFMXH06.7K9C,PFMXH06.7K9C-007-R01,2023-02-09,Diesel,7-15 ppm ultra low sulfur diesel,Direct Injection,2023-02-09,"10 years / 185,000 miles",Medium Heavy-Duty Diesel
highway,Ford Motor Company,2023,PFMXH06.7P4A,PFMXH06.7P4A-005-R01,2023-01-27,Diesel,7-15 ppm ultra low sulfur diesel,Direct Injection,2023-07-12,,Light Heavy-Duty Diesel
highway,Ford Motor Company,2023,PFMXH06.7P4B,PFMXH06.7P4B-004-R01,2023-01-27,Diesel,7-15 ppm ultra low sulfur diesel,Direct Injection,2023-07-12,,Light Heavy-Duty Diesel
highway,Ford Motor Company,2023,PFMXH06.7P5C,PFMXH06.7P5C-003-R02,2023-01-27,Diesel,7-15 ppm ultra low sulfur diesel,Direct Injection,2023-07-12,"10 years / 185,000 miles",Medium Heavy-Duty Diesel
highway,Greenkraft Inc.,2023,PGKTE06.0SS6,PGKTE06.0SS6-001-R02,2023-02-15,Otto,Gasoline,Multi-port Injection,2023-03-01,"10 years / 110,000 miles","Light or Medium Heavy-Duty Otto Cycle engines for all vehicles (certified for vehicles between 14,001 lbs and 33,000 lbs GVWR inclusive)"
highway,Greenkraft Inc.,2023,PGKTE08.0SS8,PGKTE08.0SS8-002-R02,2023-02-15,Otto,Gasoline,Multi-port Injection,2023-03-01,"10 years / 110,000 miles","Light or Medium Heavy-Duty Otto Cycle engines for all vehicles (certified for vehicles between 14,001 lbs and 33,000 lbs GVWR inclusive)"
highway,General Motors LLC,2023,PGMXE06.6001,PGMXE06.6001-001,2022-06-02,Otto,Gasoline,Direct Injection,2023-01-02,"10 years / 110,000 miles","Light or Medium Heavy-Duty Otto Cycle engines for all vehicles regardless of GVWR (but below 33,000 lbs GVWR)"
highway,General Motors LLC,2023,PGMXE06.6002,PGMXE06.6002-002,2022-08-04,Otto,Gasoline,Direct Injection,2023-01-02,"10 years / 110,000 miles","Light or Medium Heavy-Duty Otto Cycle engines for all vehicles (certified for vehicles between 14,001 lbs and 33,000 lbs GVWR inclusive)"
highway,General Motors LLC,2023,PGMXE06.6003,PGMXE06.6003-003,2022-10-20,Otto,Gasoline,Direct Injection,2023-04-01,"10 years / 110,000 miles","Light or Medium Heavy-Duty Otto Cycle engines for all vehicles (certified for vehicles between 14,001 lbs and 33,000 lbs GVWR inclusive)"
highway,Landi Renzo USA Corporation,2023,PLDRE07.3BW7,PLDRE07.3BW7-001,2023-09-10,Otto,Compressed Natural Gas,Sequential Fuel Injection,2023-08-31,"10 years / 110,000 miles","Light or Medium Heavy-Duty Otto Cycle engines for all vehicles (certified for vehicles between 14,001 lbs and 33,000 lbs GVWR inclusive)"
highway,"International Motors, LLC",2023,PNVXH04020SA,PNVXH04020SA-002,2023-01-12,Diesel,7-15 ppm ultra low sulfur diesel,Direct Injection,2023-02-02,,Light Heavy-Duty Diesel
highway,"International Motors, LLC",2023,PNVXH07570SA,PNVXH07570SA-001,2023-01-12,Diesel,7-15 ppm ultra low sulfur diesel,Direct Injection,2023-02-02,"10 years / 435,000 miles / 22,000 hours",Heavy Heavy-Duty Diesel
highway,PACCAR Inc,2023,PPCRH10.8C21,PPCRH10.8C21-002,2022-12-13,Diesel,7-15 ppm ultra low sulfur diesel,Direct Injection,2022-12-13,"10 years / 435,000 miles / 22,000 hours",Heavy Heavy-Duty Diesel
highway,PACCAR Inc,2023,PPCRH12.9C21,PPCRH12.9C21-003,2022-12-13,Diesel,7-15 ppm ultra low sulfur diesel,Direct Injection,2022-12-13,"10 years / 435,000 miles / 22,000 hours",Heavy Heavy-Duty Diesel
highway,PACCAR Inc,2023,PPCRH12.9M21,PPCRH12.9M21-001,2022-12-07,Diesel,7-15 ppm ultra low sulfur diesel,Direct Injection,2022-12-13,"10 years / 435,000 miles / 22,000 hours",Heavy Heavy-Duty Diesel
highway,"Power Solutions International, Inc.",2023,PPSIE08.8GAS,PPSIE08.8GAS-001,2022-11-18,Otto,Gasoline,Sequential Fuel Injection,2023-01-02,"10 years / 110,000 miles","Light or Medium Heavy-Duty Otto Cycle engines for all vehicles (certified for vehicles between 14,001 lbs and 33,000 lbs GVWR inclusive)"
highway,"Power Solutions International, Inc.",2023,PPSIE08.8LN1,PPSIE08.8LN1-003,2022-11-18,Otto,Liquefied Petroleum Gas,Sequential Fuel Injection,2023-01-02,"10 years / 110,000 miles","Light or Medium Heavy-Duty Otto Cycle engines for all vehicles (certified for vehicles between 14,001 lbs and 33,000 lbs GVWR inclusive)"
highway,"Power Solutions International, Inc.",2023,PPSIE08.8LPG,PPSIE08.8LPG-002,2022-11-18,Otto,Liquefied Petroleum Gas,Sequential Fuel Injection,2023-10-01,"10 years / 110,000 miles","Light or Medium Heavy-Duty Otto Cycle engines for all vehicles (certified for vehicles between 14,001 lbs and 33,000 lbs GVWR inclusive)"
highway,"Roush Industries, Inc.",2023,PRIIE07.3BL1,PRIIE07.3BL1-001,2022-11-18,Otto,Liquefied Petroleum Gas,Sequential Fuel Injection,2023-01-02,"10 years / 110,000 miles","Light or Medium Heavy-Duty Otto Cycle engines for all vehicles (certified for vehicles between 14,001 lbs and 33,000 lbs GVWR inclusive)"
highway,"Roush Industries, Inc.",2023,PRIIE07.3BL3,PRIIE07.3BL3-003,2023-03-29,Otto,Liquefied Petroleum Gas,Sequential Fuel Injection,2023-11-30,"10 years / 110,000 miles","Light or Medium Heavy-Duty Otto Cycle engines for all vehicles (certified for vehicles between 14,001 lbs and 33,000 lbs GVWR inclusive)"
highway,"Roush Industries, Inc.",2023,PRIIE07.3BL5,PRIIE07.3BL5-004,2023-03-29,Otto,Liquefied Petroleum Gas,Sequential Fuel Injection,2023-11-21,"10 years / 110,000 miles","Light or Medium Heavy-Duty Otto Cycle engines for all vehicles (certified for vehicles between 14,001 lbs and 33,000 lbs GVWR inclusive)"
highway,"Roush Industries, Inc.",2023,PRIIE07.3BW7,PRIIE07.3BW7-002,2022-11-18,Otto,Gasoline,Sequential Fuel Injection,2023-03-01,"10 years / 110,000 miles","Light or Medium Heavy-Duty Otto Cycle engines for all vehicles (certified for vehicles between 14,001 lbs and 33,000 lbs GVWR inclusive)"
highway,"Roush Industries, Inc.",2023,PRIIE07.3BW8,PRIIE07.3BW8-005,2023-05-26,Otto,Gasoline,Sequential Fuel Injection,2023-11-22,"10 years / 110,000 miles","Light or Medium Heavy-Duty Otto Cycle engines for all vehicles (certified for vehicles between 14,001 lbs and 33,000 lbs GVWR inclusive)"
highway,Isuzu Motors Limited,2023,PSZXH05.23FD,PSZXH05.23FD-001,2023-01-13,Diesel,7-15 ppm ultra low sulfur diesel,Direct Injection,2023-01-04,,Light Heavy-Duty Diesel
highway,"Volvo Group Trucks Technology, Powertrain Engineering, a Division of Mack Trucks",2023,PVPTH10.8CA1,PVPTH10.8CA1-002,2022-12-08,Diesel,7-15 ppm ultra low sulfur diesel,Direct Injection,2022-12-22,"10 years / 435,000 miles / 22,000 hours",Heavy Heavy-Duty Diesel
highway,"Volvo Group Trucks Technology, Powertrain Engineering, a Division of Mack Trucks",2023,PVPTH10.8EP1,PVPTH10.8EP1-001,2022-12-08,Diesel,7-15 ppm ultra low sulfur diesel,Direct Injection,2022-12-22,"10 years / 435,000 miles / 22,000 hours",Heavy Heavy-Duty Diesel
highway,"Volvo Group Trucks Technology, Powertrain Engineering, a Division of Mack Trucks",2023,PVPTH12.8CA1,PVPTH12.8CA1-004,2022-12-08,Diesel,7-15 ppm ultra low sulfur diesel,Direct Injection,2022-12-22,"10 years / 435,000 miles / 22,000 hours",Heavy Heavy-Duty Diesel
highway,"Volvo Group Trucks Technology, Powertrain Engineering, a Division of Mack Trucks",2023,PVPTH12.8CA2,PVPTH12.8CA2-006,2022-12-08,Diesel,7-15 ppm ultra low sulfur diesel,Direct Injection,2022-12-22,"10 years / 435,000 miles / 22,000 hours",Heavy Heavy-Duty Diesel
highway,"Volvo Group Trucks Technology, Powertrain Engineering, a Division of Mack Trucks",2023,PVPTH12.8EP1,PVPTH12.8EP1-003,2022-12-08,Diesel,7-15 ppm ultra low sulfur diesel,Direct Injection,2022-12-22,"10 years / 435,000 miles / 22,000 hours",Heavy Heavy-Duty Diesel
highway,"Volvo Group Trucks Technology, Powertrain Engineering, a Division of Mack Trucks",2023,PVPTH12.8EP2,PVPTH12.8EP2-005,2022-12-08,Diesel,7-15 ppm ultra low sulfur diesel,Direct Injection,2022-12-22,"10 years / 435,000 miles / 22,000 hours",Heavy Heavy-Duty Diesel
highway,"Agility Powertrain Systems, LLC",2022,NAGIE06.0CNG,NAGIE06.0CNG-001,2021-10-19,Otto,Compressed Natural Gas,Sequential Fuel Injection,2021-11-15,"10 years / 110,000 miles","Light or Medium Heavy-Duty Otto Cycle engines for all vehicles regardless of GVWR (but below 33,000 lbs GVWR)"
highway,"Agility Powertrain Systems, LLC",2022,NAGIE07.3CNG,NAGIE07.3CNG-003,2022-10-17,Otto,Compressed Natural Gas,Sequential Fuel Injection,2022-11-15,"10 years / 110,000 miles","Light or Medium Heavy-Duty Otto Cycle engines for all vehicles (certified for vehicles between 14,001 lbs and 33,000 lbs GVWR inclusive)"
highway,"Agility Powertrain Systems, LLC",2022,NAGIE07.3LPG,NAGIE07.3LPG-002,2022-10-17,Otto,Propane,Sequential Fuel Injection,2022-10-15,"10 years / 110,000 miles","Light or Medium Heavy-Duty Otto Cycle engines for all vehicles (certified for vehicles between 14,001 lbs and 33,000 lbs GVWR inclusive)"
highway,Wing Fuel Systems LLC.,2022,NBAFE06.6BNG,NBAFE06.6BNG-003,2022-03-28,Otto,"Compressed Natural Gas, Gasoline",Sequential Fuel Injection,2022-04-29,"10 years / 110,000 miles","Light or Medium Heavy-Duty Otto Cycle engines for all vehicles (certified for vehicles between 14,001 lbs and 33,000 lbs GVWR inclusive)"
highway,Wing Fuel Systems LLC.,2022,NBAFE06.6CNG,NBAFE06.6CNG-004,2022-08-02,Otto,"Compressed Natural Gas, Gasoline",Sequential Fuel Injection,2022-07-31,"10 years / 110,000 miles","Light or Medium Heavy-Duty Otto Cycle engines for all vehicles (certified for vehicles between 14,001 lbs and 33,000 lbs GVWR inclusive)"
highway,Wing Fuel Systems LLC.,2022,NBAFE07.3BNG,NBAFE07.3BNG-002,2022-03-28,Otto,"Compressed Natural Gas, Gasoline",Sequential Fuel Injection,2022-02-01,"10 years / 110,000 miles","Light or Medium Heavy-Duty Otto Cycle engines for all vehicles (certified for vehicles between 14,001 lbs and 33,000 lbs GVWR inclusive)"
highway,Wing Fuel Systems LLC.,2022,NBAFE07.3BW7,NBAFE07.3BW7-001,2022-03-28,Otto,Compressed Natural Gas,Sequential Fuel Injection,2022-02-01,"10 years / 110,000 miles","Light or Medium Heavy-Duty Otto Cycle engines for all vehicles (certified for vehicles between 14,001 lbs and 33,000 lbs GVWR inclusive)"
highway,"Blossman Services, Inc.",2022,NBLME06.6001,NBLME06.6001-001,2022-07-14,Otto,"Gasoline, Liquefied Petroleum Gas",Sequential Fuel Injection,2022-07-15,"10 years / 110,000 miles","Light or Medium Heavy-Duty Otto Cycle engines for all vehicles (certified for vehicles between 14,001 lbs and 33,000 lbs GVWR inclusive)"
highway,Cummins Inc.,2022,NCEXH0408BCA,NCEXH0408BCA-009-R01,2021-10-29,Diesel,7-15 ppm ultra low sulfur diesel,Direct Injection,2021-12-07,"10 years / 185,000 miles",Medium Heavy-Duty Diesel
highway,Cummins Inc.,2022,NCEXH0408BCB,NCEXH0408BCB-010-R01,2021-10-29,Diesel,7-15 ppm ultra low sulfur diesel,Direct Injection,2021-12-08,"10 years / 185,000 miles",Medium Heavy-Duty Diesel
highway,Cummins Inc.,2022,NCEXH0408BCC,NCEXH0408BCC-006-R01,2021-08-11,Diesel,7-15 ppm ultra low sulfur diesel,Direct Injection,2021-09-30,"10 years / 185,000 miles",Medium Heavy-Duty Diesel
highway,Cummins Inc.,2022,NCEXH0408BCD,NCEXH0408BCD-007-R01,2021-08-11,Diesel,7-15 ppm ultra low sulfur diesel,Direct Injection,2021-09-30,"10 years / 185,000 miles",Medium Heavy-Duty Diesel
highway,Cummins Inc.,2022,NCEXH0408BDA,NCEXH0408BDA-002,2021-08-03,Diesel,"Compressed Natural Gas, Liquefied Natural Gas",Throttle Body Injection,2022-01-01,"10 years / 185,000 miles",Medium Heavy-Duty Diesel
highway,Cummins Inc.,2022,NCEXH0540LCA,NCEXH0540LCA-008,2021-10-29,Diesel,7-15 ppm ultra low sulfur diesel,Direct Injection,2021-11-01,"10 years / 185,000 miles",Medium Heavy-Duty Diesel
highway,Cummins Inc.,2022,NCEXH0540LCB,NCEXH0540LCB-015,2021-12-29,Diesel,7-15 ppm ultra low sulfur diesel,Direct Injection,2021-12-28,"10 years / 435,000 miles / 22,000 hours",Heavy Heavy-Duty Diesel
highway,Cummins Inc.,2022,NCEXH0540LCC,NCEXH0540LCC-016,2022-01-12,Diesel,7-15 ppm ultra low sulfur diesel,Direct Injection,2021-12-28,"10 years / 435,000 miles / 22,000 hours",Heavy Heavy-Duty Diesel
highway,Cummins Inc.,2022,NCEXH0540LDA,NCEXH0540LDA-003,2021-08-03,Diesel,"Compressed Natural Gas, Liquefied Natural Gas",Throttle Body Injection,2022-01-01,"10 years / 185,000 miles",Medium Heavy-Duty Diesel
highway,Cummins Inc.,2022,NCEXH0540LDB,NCEXH0540LDB-004,2021-08-03,Diesel,"Compressed Natural Gas, Liquefied Natural Gas",Throttle Body Injection,2022-01-01,"10 years / 435,000 miles / 22,000 hours",Heavy Heavy-Duty Diesel
highway,Cummins Inc.,2022,NCEXH0540LDC,NCEXH0540LDC-005,2021-08-03,Diesel,"Compressed Natural Gas, Liquefied Natural Gas",Throttle Body Injection,2022-01-01,"10 years / 435,000 miles / 22,000 hours",Heavy Heavy-Duty Diesel
highway,Cummins Inc.,2022,NCEXH0721XCA,NCEXH0721XCA-014,2021-12-09,Diesel,7-15 ppm ultra low sulfur diesel,Direct Injection,2022-12-15,"10 years / 435,000 miles / 22,000 hours",Heavy Heavy-Duty Diesel
highway,Cummins Inc.,2022,NCEXH0729XDA,NCEXH0729XDA-001,2021-07-23,Diesel,"Compressed Natural Gas, Liquefied Natural Gas",Throttle Body Injection,2022-01-01,"10 years / 435,000 miles / 22,000 hours",Heavy Heavy-Duty Diesel
highway,Cummins Inc.,2022,NCEXH0912XCA,NCEXH0912XCA-011,2021-12-01,Diesel,7-15 ppm ultra low sulfur diesel,Direct Injection,2021-12-31,"10 years / 435,000 miles / 22,000 hours",Heavy Heavy-Duty Diesel
highway,Cummins Inc.,2022,NCEXH0912XCB,NCEXH0912XCB-012,2021-12-01,Diesel,7-15 ppm ultra low sulfur diesel,Direct Injection,2021-12-31,"10 years / 435,000 miles / 22,000 hours",Heavy Heavy-Duty Diesel
highway,Cummins Inc.,2022,NCEXH0912XCC,NCEXH0912XCC-013,2021-12-01,Diesel,7-15 ppm ultra low sulfur diesel,Direct Injection,2021-12-31,"10 years / 435,000 miles / 22,000 hours",Heavy Heavy-Duty Diesel
highway,FCA US LLC,2022,NCRXE06.45Y6,NCRXE06.45Y6-001,2021-12-14,Otto,Gasoline,Multi-port Injection,2022-12-31,"10 years / 110,000 miles","Light or Medium Heavy-Duty Otto Cycle engines for all vehicles regardless of GVWR (but below 33,000 lbs GVWR)"
highway,Detroit Diesel Corporation,2022,NDDXH07.7MDC,NDDXH07.7MDC-009,2022-01-07,Diesel,7-15 ppm ultra low sulfur diesel,Direct Injection,2022-12-30,"10 years / 185,000 miles",Medium Heavy-Duty Diesel
highway,Detroit Diesel Corporation,2022,NDDXH07.7MDE,NDDXH07.7MDE-010,2022-01-07,Diesel,7-15 ppm ultra low sulfur diesel,Direct Injection,2022-12-30,"10 years / 185,000 miles",Medium Heavy-Duty Diesel
highway,Detroit Diesel Corporation,2022,NDDXH12.8FEC,NDDXH12.8FEC-002,2021-12-13,Diesel,7-15 ppm ultra low sulfur diesel,Direct Injection,2022-11-28,"10 years / 435,000 miles / 22,000 hours",Heavy Heavy-Duty Diesel
highway,Detroit Diesel Corporation,2022,NDDXH12.8FEE,NDDXH12.8FEE-003,2021-12-13,Diesel,7-15 ppm ultra low sulfur diesel,Direct Injection,2022-11-28,"10 years / 435,000 miles / 22,000 hours",Heavy Heavy-Duty Diesel
highway,Detroit Diesel Corporation,2022,NDDXH12.8TCC,NDDXH12.8TCC-006-R01,2021-12-13,Diesel,7-15 ppm ultra low sulfur diesel,Direct Injection,2022-11-28,"10 years / 435,000 miles / 22,000 hours",Heavy Heavy-Duty Diesel
highway,Detroit Diesel Corporation,2022,NDDXH12.8TCE,NDDXH12.8TCE-007,2021-12-13,Diesel,7-15 ppm ultra low sulfur diesel,Direct Injection,2022-11-28,"10 years / 435,000 miles / 22,000 hours",Heavy Heavy-Duty Diesel
highway,Detroit Diesel Corporation,2022,NDDXH14.8TCC,NDDXH14.8TCC-004-R01,2021-12-13,Diesel,7-15 ppm ultra low sulfur diesel,Direct Injection,2022-11-28,"10 years / 435,000 miles / 22,000 hours",Heavy Heavy-Duty Diesel
highway,Detroit Diesel Corporation,2022,NDDXH14.8TCE,NDDXH14.8TCE-005,2021-12-13,Diesel,7-15 ppm ultra low sulfur diesel,Direct Injection,2022-11-28,"10 years / 435,000 miles / 22,000 hours",Heavy Heavy-Duty Diesel
highway,Detroit Diesel Corporation,2022,NDDXH15.6GEC,NDDXH15.6GEC-008,2021-12-13,Diesel,7-15 ppm ultra low sulfur diesel,Direct Injection,2022-10-17,"10 years / 435,000 miles / 22,000 hours",Heavy Heavy-Duty Diesel
highway,Detroit Diesel Corporation,2022,NDDXH15.6GEE,NDDXH15.6GEE-001,2021-12-13,Diesel,7-15 ppm ultra low sulfur diesel,Direct Injection,2022-10-17,"10 years / 435,000 miles / 22,000 hours",Heavy Heavy-Duty Diesel
highway,Ford Motor Company,2022,NFMXE07.3BV2,NFMXE07.3BV2-008,2021-11-22,Otto,"Ethanol, Gasoline",Sequential Fuel Injection,2022-01-01,"10 years / 110,000 miles","Light or Medium Heavy-Duty Otto Cycle engines for all vehicles regardless of GVWR (but below 33,000 lbs GVWR)"
highway,Ford Motor Company,2022,NFMXE07.3BW7,NFMXE07.3BW7-001-R01,2021-07-12,Otto,Gasoline,Sequential Fuel Injection,2022-03-17,"10 years / 110,000 miles","Light or Medium Heavy-Duty Otto Cycle engines for all vehicles (certified for vehicles between 14,001 lbs and 33,000 lbs GVWR inclusive)"
highway,Ford Motor Company,2022,NFMXE07.3BWU,NFMXE07.3BWU-002-R01,2021-07-12,Otto,Gasoline,Sequential Fuel Injection,2022-03-17,"10 years / 110,000 miles","Light or Medium Heavy-Duty Otto Cycle engines for all vehicles regardless of GVWR (but below 33,000 lbs GVWR)"
highway,Ford Motor Company,2022,NFMXE07.3BX4,NFMXE07.3BX4-007,2021-11-17,Otto,"Ethanol, Gasoline",Sequential Fuel Injection,2022-01-01,"10 years / 110,000 miles","Light or Medium Heavy-Duty Otto Cycle engines for all vehicles (certified for vehicles between 14,001 lbs and 33,000 lbs GVWR inclusive)"
highway,Ford Motor Company,2022,NFMXH06.7C45,NFMXH06.7C45-006,2021-10-14,Diesel,7-15 ppm ultra low sulfur diesel,Direct Injection,2021-10-14,"10 years / 185,000 miles",Medium Heavy-Duty Diesel
highway,Ford Motor Company,2022,NFMXH06.7P4A,NFMXH06.7P4A-003-R01,2021-07-12,Diesel,7-15 ppm ultra low sulfur diesel,Direct Injection,2022-07-12,,Light Heavy-Duty Diesel
highway,Ford Motor Company,2022,NFMXH06.7P4B,NFMXH06.7P4B-005-R01,2021-07-15,Diesel,7-15 ppm ultra low sulfur diesel,Direct Injection,2022-07-15,,Light Heavy-Duty Diesel
highway,Ford Motor Company,2022,NFMXH06.7P5C,NFMXH06.7P5C-004-R01,2021-07-12,Diesel,7-15 ppm ultra low sulfur diesel,Direct Injection,2022-07-12,"10 years / 185,000 miles",Medium Heavy-Duty Diesel
highway,Greenkraft Inc.,2022,NGKTE06.0GM2,NGKTE06.0GM2-004-R01,2021-12-15,Otto,Compressed Natural Gas,Multi-port Injection,2021-12-25,"10 years / 110,000 miles","Light or Medium Heavy-Duty Otto Cycle engines for all vehicles (certified for vehicles between 14,001 lbs and 33,000 lbs GVWR inclusive)"
highway,Greenkraft Inc.,2022,NGKTE06.0SS6,NGKTE06.0SS6-001-R01,2021-12-14,Otto,Gasoline,Multi-port Injection,2021-12-31,"10 years / 110,000 miles","Light or Medium Heavy-Duty Otto Cycle engines for all vehicles (certified for vehicles between 14,001 lbs and 33,000 lbs GVWR inclusive)"
highway,Greenkraft Inc.,2022,NGKTE08.0GM2,NGKTE08.0GM2-003-R01,2021-12-15,Otto,Compressed Natural Gas,Multi-port Injection,2021-12-25,"10 years / 110,000 miles","Light or Medium Heavy-Duty Otto Cycle engines for all vehicles (certified for vehicles between 14,001 lbs and 33,000 lbs GVWR inclusive)"
highway,Greenkraft Inc.,2022,NGKTE08.0PRO,NGKTE08.0PRO-005-R01,2021-12-15,Otto,Propane,Multi-port Injection,2021-12-25,"10 years / 110,000 miles","Light or Medium Heavy-Duty Otto Cycle engines for all vehicles (certified for vehicles between 14,001 lbs and 33,000 lbs GVWR inclusive)"
highway,Greenkraft Inc.,2022,NGKTE08.0SS8,NGKTE08.0SS8-002-R01,2022-03-03,Otto,Gasoline,Multi-port Injection,2021-12-25,"10 years / 110,000 miles","Light or Medium Heavy-Duty Otto Cycle engines for all vehicles (certified for vehicles between 14,001 lbs and 33,000 lbs GVWR inclusive)"
highway,General Motors LLC,2022,NGMXE06.6001,NGMXE06.6001-001-R01,2021-08-26,Otto,Gasoline,Direct Injection,2022-01-03,"10 years / 110,000 miles","Light or Medium Heavy-Duty Otto Cycle engines for all vehicles regardless of GVWR (but below 33,000 lbs GVWR)"
highway,General Motors LLC,2022,NGMXE06.6002,NGMXE06.6002-002,2021-08-26,Otto,Gasoline,Direct Injection,2021-12-20,"10 years / 110,000 miles","Light or Medium Heavy-Duty Otto Cycle engines for all vehicles (certified for vehicles between 14,001 lbs and 33,000 lbs GVWR inclusive)"
highway,Landi Renzo USA Corporation,2022,NLDRE07.3BW7,NLDRE07.3BW7-001,2021-08-26,Otto,Compressed Natural Gas,Sequential Fuel Injection,2021-09-16,"10 years / 110,000 miles","Light or Medium Heavy-Duty Otto Cycle engines for all vehicles (certified for vehicles between 14,001 lbs and 33,000 lbs GVWR inclusive)"
highway,"International Motors, LLC",2022,NNVXH04020SA,NNVXH04020SA-002-R01,2021-12-22,Diesel,7-15 ppm ultra low sulfur diesel,Direct Injection,2022-02-02,,Light Heavy-Duty Diesel
highway,"International Motors, LLC",2022,NNVXH07570SA,NNVXH07570SA-001,2021-12-21,Diesel,7-15 ppm ultra low sulfur diesel,Direct Injection,2022-02-02,"10 years / 435,000 miles / 22,000 hours",Heavy Heavy-Duty Diesel
highway,PACCAR Inc,2022,NPCRH10.8C21,NPCRH10.8C21-003-R01,2021-12-03,Diesel,7-15 ppm ultra low sulfur diesel,Direct Injection,2021-12-03,"10 years / 435,000 miles / 22,000 hours",Heavy Heavy-Duty Diesel
highway,PACCAR Inc,2022,NPCRH10.8M21,NPCRH10.8M21-001-R01,2021-12-03,Diesel,7-15 ppm ultra low sulfur diesel,Direct Injection,2021-12-03,"10 years / 435,000 miles / 22,000 hours",Heavy Heavy-Duty Diesel
highway,PACCAR Inc,2022,NPCRH12.9C21,NPCRH12.9C21-004-R01,2021-12-03,Diesel,7-15 ppm ultra low sulfur diesel,Direct Injection,2021-12-03,"10 years / 435,000 miles / 22,000 hours",Heavy Heavy-Duty Diesel
highway,PACCAR Inc,2022,NPCRH12.9M21,NPCRH12.9M21-002-R01,2021-12-03,Diesel,7-15 ppm ultra low sulfur diesel,Direct Injection,2021-12-03,"10 years / 435,000 miles / 22,000 hours",Heavy Heavy-Duty Diesel
highway,"Power Solutions International, Inc.",2022,NPSIE08.8GAS,NPSIE08.8GAS-001,2021-10-27,Otto,Gasoline,Sequential Fuel Injection,2022-01-01,"10 years / 110,000 miles","Light or Medium Heavy-Duty Otto Cycle engines for all vehicles (certified for vehicles between 14,001 lbs and 33,000 lbs GVWR inclusive)"
highway,"Power Solutions International, Inc.",2022,NPSIE08.8LN1,NPSIE08.8LN1-003,2021-10-27,Otto,Liquefied Petroleum Gas,Sequential Fuel Injection,2022-01-01,"10 years / 110,000 miles","Light or Medium Heavy-Duty Otto Cycle engines for all vehicles (certified for vehicles between 14,001 lbs and 33,000 lbs GVWR inclusive)"
highway,"Power Solutions International, Inc.",2022,NPSIE08.8LPG,NPSIE08.8LPG-002,2021-10-27,Otto,Liquefied Petroleum Gas,Sequential Fuel Injection,2022-01-01,"10 years / 110,000 miles","Light or Medium Heavy-Duty Otto Cycle engines for all vehicles (certified for vehicles between 14,001 lbs and 33,000 lbs GVWR inclusive)"
highway,"Roush Industries, Inc.",2022,NRIIE07.3BL1,NRIIE07.3BL1-002,2021-11-22,Otto,Liquefied Petroleum Gas,Sequential Fuel Injection,2022-12-16,"10 years / 110,000 miles","Light or Medium Heavy-Duty Otto Cycle engines for all vehicles (certified for vehicles between 14,001 lbs and 33,000 lbs GVWR inclusive)"
highway,"Roush Industries, Inc.",2022,NRIIE07.3BL2,NRIIE07.3BL2-003,2021-12-22,Otto,Liquefied Petroleum Gas,Sequential Fuel Injection,2022-12-16,"10 years / 110,000 miles","Light or Medium Heavy-Duty Otto Cycle engines for all vehicles (certified for vehicles between 14,001 lbs and 33,000 lbs GVWR inclusive)"
highway,"Roush Industries, Inc.",2022,NRIIE07.3BL3,NRIIE07.3BL3-001-R01,2021-11-22,Otto,Liquefied Petroleum Gas,Sequential Fuel Injection,2022-12-13,"10 years / 110,000 miles","Light or Medium Heavy-Duty Otto Cycle engines for all vehicles (certified for vehicles between 14,001 lbs and 33,000 lbs GVWR inclusive)"
highway,"Roush Industries, Inc.",2022,NRIIE07.3BW7,NRIIE07.3BW7-004,2021-12-22,Otto,Gasoline,Sequential Fuel Injection,2022-12-16,"10 years / 110,000 miles","Light or Medium Heavy-Duty Otto Cycle engines for all vehicles (certified for vehicles between 14,001 lbs and 33,000 lbs GVWR inclusive)"
highway,"Roush Industries, Inc.",2022,NRIIE07.3BWU,NRIIE07.3BWU-005,2022-03-28,Otto,Liquefied Petroleum Gas,Sequential Fuel Injection,2022-12-16,"10 years / 110,000 miles","Light or Medium Heavy-Duty Otto Cycle engines for all vehicles regardless of GVWR (but below 33,000 lbs GVWR)"
highway,Isuzu Motors Limited,2022,NSZXH05.23FD,NSZXH05.23FD-001,2021-10-29,Diesel,7-15 ppm ultra low sulfur diesel,Direct Injection,2022-01-01,,Light Heavy-Duty Diesel
highway,"Volvo Group Trucks Technology, Powertrain Engineering, a Division of Mack Trucks",2022,NVPTH10.8CA1,NVPTH10.8CA1-002,2021-12-30,Diesel,7-15 ppm ultra low sulfur diesel,Direct Injection,2022-12-02,"10 years / 435,000 miles / 22,000 hours",Heavy Heavy-Duty Diesel
highway,"Volvo Group Trucks Technology, Powertrain Engineering, a Division of Mack Trucks",2022,NVPTH10.8EP1,NVPTH10.8EP1-001,2021-12-30,Diesel,7-15 ppm ultra low sulfur diesel,Direct Injection,2022-12-02,"10 years / 435,000 miles / 22,000 hours",Heavy Heavy-Duty Diesel
highway,"Volvo Group Trucks Technology, Powertrain Engineering, a Division of Mack Trucks",2022,NVPTH12.8CA1,NVPTH12.8CA1-005,2021-12-30,Diesel,7-15 ppm ultra low sulfur diesel,Direct Injection,2022-12-02,"10 years / 435,000 miles / 22,000 hours",Heavy Heavy-Duty Diesel
highway,"Volvo Group Trucks Technology, Powertrain Engineering, a Division of Mack Trucks",2022,NVPTH12.8CA2,NVPTH12.8CA2-003,2021-12-30,Diesel,7-15 ppm ultra low sulfur diesel,Direct Injection,2022-12-02,"10 years / 435,000 miles / 22,000 hours",Heavy Heavy-Duty Diesel
highway,"Volvo Group Trucks Technology, Powertrain Engineering, a Division of Mack Trucks",2022,NVPTH12.8EP1,NVPTH12.8EP1-006,2021-12-30,Diesel,7-15 ppm ultra low sulfur diesel,Direct Injection,2022-12-02,"10 years / 435,000 miles / 22,000 hours",Heavy Heavy-Duty Diesel
highway,"Volvo Group Trucks Technology, Powertrain Engineering, a Division of Mack Trucks",2022,NVPTH12.8EP2,NVPTH12.8EP2-004,2021-12-30,Diesel,7-15 ppm ultra low sulfur diesel,Direct Injection,2022-12-02,"10 years / 435,000 miles / 22,000 hours",Heavy Heavy-Duty Diesel
highway,"Agility Powertrain Systems, LLC",2021,MAGIE06.0CNG,MAGIE06.0CNG-002,2020-08-17,Otto,Compressed Natural Gas,Sequential Fuel Injection,2020-09-01,"10 years / 110,000 miles","Light or Medium Heavy-Duty Otto Cycle engines for all vehicles regardless of GVWR (but below 33,000 lbs GVWR)"
highway,"Agility Powertrain Systems, LLC",2021,MAGIE08.0LP1,MAGIE08.0LP1-003,2020-09-29,Otto,Liquefied Petroleum Gas,Sequential Fuel Injection,2020-08-01,"10 years / 110,000 miles","Light or Medium Heavy-Duty Otto Cycle engines for all vehicles (certified for vehicles between 14,001 lbs and 33,000 lbs GVWR inclusive)"
highway,"Agility Powertrain Systems, LLC",2021,MAGIE08.0LPG,MAGIE08.0LPG-001,2020-07-13,Otto,Liquefied Petroleum Gas,Sequential Fuel Injection,2020-09-30,"10 years / 110,000 miles","Light or Medium Heavy-Duty Otto Cycle engines for all vehicles (certified for vehicles between 14,001 lbs and 33,000 lbs GVWR inclusive)"
highway,Wing Fuel Systems LLC.,2021,MBAFE07.3BNG,MBAFE07.3BNG-002,2021-11-22,Otto,"Compressed Natural Gas, Gasoline",Sequential Fuel Injection,2021-10-29,"10 years / 110,000 miles","Light or Medium Heavy-Duty Otto Cycle engines for all vehicles (certified for vehicles between 14,001 lbs and 33,000 lbs GVWR inclusive)"
highway,Wing Fuel Systems LLC.,2021,MBAFE07.3BW7,MBAFE07.3BW7-001-R01,2020-12-21,Otto,Compressed Natural Gas,Sequential Fuel Injection,2020-12-21,"10 years / 110,000 miles","Light or Medium Heavy-Duty Otto Cycle engines for all vehicles (certified for vehicles between 14,001 lbs and 33,000 lbs GVWR inclusive)"
highway,Cummins Inc.,2021,MCEXH0408BAT,MCEXH0408BAT-015,2021-01-12,Diesel,7-15 ppm ultra low sulfur diesel,Direct Injection,2021-01-18,"10 years / 185,000 miles",Medium Heavy-Duty Diesel
highway,Cummins Inc.,2021,MCEXH0408BCA,MCEXH0408BCA-005,2020-09-28,Diesel,7-15 ppm ultra low sulfur diesel,Direct Injection,2020-10-05,"10 years / 185,000 miles",Medium Heavy-Duty Diesel
highway,Cummins Inc.,2021,MCEXH0408BCB,MCEXH0408BCB-014,2021-01-08,Diesel,7-15 ppm ultra low sulfur diesel,Direct Injection,2021-02-22,"10 years / 185,000 miles",Medium Heavy-Duty Diesel
highway,Cummins Inc.,2021,MCEXH0408BCC,MCEXH0408BCC-003-R01,2020-09-17,Diesel,7-15 ppm ultra low sulfur diesel,Direct Injection,2021-09-30,"10 years / 185,000 miles",Medium Heavy-Duty Diesel
highway,Cummins Inc.,2021,MCEXH0408BCD,MCEXH0408BCD-004-R01,2020-09-17,Diesel,7-15 ppm ultra low sulfur diesel,Direct Injection,2021-09-30,"10 years / 185,000 miles",Medium Heavy-Duty Diesel
highway,Cummins Inc.,2021,MCEXH0408BDA,MCEXH0408BDA-009,2020-11-23,Diesel,"Compressed Natural Gas, Liquefied Natural Gas",Throttle Body Injection,2021-01-01,"10 years / 185,000 miles",Medium Heavy-Duty Diesel
highway,Cummins Inc.,2021,MCEXH0540LCA,MCEXH0540LCA-001,2020-08-31,Diesel,7-15 ppm ultra low sulfur diesel,Direct Injection,2020-09-01,"10 years / 185,000 miles",Medium Heavy-Duty Diesel
highway,Cummins Inc.,2021,MCEXH0540LCB,MCEXH0540LCB-016,2021-02-17,Diesel,7-15 ppm ultra low sulfur diesel,Direct Injection,2021-02-17,"10 years / 435,000 miles / 22,000 hours",Heavy Heavy-Duty Diesel
highway,Cummins Inc.,2021,MCEXH0540LDA,MCEXH0540LDA-010,2020-12-07,Diesel,"Compressed Natural Gas, Liquefied Natural Gas",Throttle Body Injection,2021-01-01,"10 years / 185,000 miles",Medium Heavy-Duty Diesel
highway,Cummins Inc.,2021,MCEXH0540LDB,MCEXH0540LDB-011,2020-12-08,Diesel,"Compressed Natural Gas, Liquefied Natural Gas",Throttle Body Injection,2021-01-01,"10 years / 435,000 miles / 22,000 hours",Heavy Heavy-Duty Diesel
highway,Cummins Inc.,2021,MCEXH0540LDC,MCEXH0540LDC-012,2020-12-08,Diesel,"Compressed Natural Gas, Liquefied Natural Gas",Throttle Body Injection,2021-01-01,"10 years / 435,000 miles / 22,000 hours",Heavy Heavy-Duty Diesel
highway,Cummins Inc.,2021,MCEXH0721XCA,MCEXH0721XCA-008,2020-10-30,Diesel,7-15 ppm ultra low sulfur diesel,Direct Injection,2021-12-31,"10 years / 435,000 miles / 22,000 hours",Heavy Heavy-Duty Diesel
highway,Cummins Inc.,2021,MCEXH0729XDA,MCEXH0729XDA-013,2020-12-15,Diesel,"Compressed Natural Gas, Liquefied Natural Gas",Throttle Body Injection,2021-01-01,"10 years / 435,000 miles / 22,000 hours",Heavy Heavy-Duty Diesel
highway,Cummins Inc.,2021,MCEXH0912XCA,MCEXH0912XCA-002-R01,2020-08-31,Diesel,7-15 ppm ultra low sulfur diesel,Direct Injection,2020-12-31,"10 years / 435,000 miles / 22,000 hours",Heavy Heavy-Duty Diesel
highway,Cummins Inc.,2021,MCEXH0912XCB,MCEXH0912XCB-006,2020-10-09,Diesel,7-15 ppm ultra low sulfur diesel,Direct Injection,2020-12-31,"10 years / 435,000 miles / 22,000 hours",Heavy Heavy-Duty Diesel
highway,Cummins Inc.,2021,MCEXH0912XCC,MCEXH0912XCC-007,2020-10-09,Diesel,7-15 ppm ultra low sulfur diesel,Direct Injection,2020-12-31,"10 years / 435,000 miles / 22,000 hours",Heavy Heavy-Duty Diesel
highway,FCA US LLC,2021,MCRXE06.45Y6,MCRXE06.45Y6-001,2020-12-01,Otto,Gasoline,Sequential Fuel Injection,2020-11-09,"10 years / 110,000 miles","Light or Medium Heavy-Duty Otto Cycle engines for all vehicles regardless of GVWR (but below 33,000 lbs GVWR)"
highway,Detroit Diesel Corporation,2021,MDDXH07.7MDE,MDDXH07.7MDE-005,2020-11-30,Diesel,7-15 ppm ultra low sulfur diesel,Direct Injection,2021-07-01,"10 years / 185,000 miles",Medium Heavy-Duty Diesel
highway,Detroit Diesel Corporation,2021,MDDXH12.8FED,MDDXH12.8FED-001,2020-11-30,Diesel,7-15 ppm ultra low sulfur diesel,Direct Injection,2021-12-23,"10 years / 435,000 miles / 22,000 hours",Heavy Heavy-Duty Diesel
highway,Detroit Diesel Corporation,2021,MDDXH14.8EAD,MDDXH14.8EAD-002,2020-11-30,Diesel,7-15 ppm ultra low sulfur diesel,Direct Injection,2021-07-30,"10 years / 435,000 miles / 22,000 hours",Heavy Heavy-Duty Diesel
highway,Detroit Diesel Corporation,2021,MDDXH14.8TCO,MDDXH14.8TCO-003,2020-11-30,Diesel,7-15 ppm ultra low sulfur diesel,Direct Injection,2021-11-22,"10 years / 435,000 miles / 22,000 hours",Heavy Heavy-Duty Diesel
highway,Detroit Diesel Corporation,2021,MDDXH15.6GED,MDDXH15.6GED-004-R01,2020-11-30,Diesel,7-15 ppm ultra low sulfur diesel,Direct Injection,2021-07-30,"10 years / 435,000 miles / 22,000 hours",Heavy Heavy-Duty Diesel
highway,Ford Motor Company,2021,MFMXE07.3BV2,MFMXE07.3BV2-007,2020-12-16,Otto,"Ethanol, Gasoline",Sequential Fuel Injection,2021-12-16,"10 years / 110,000 miles","Light or Medium Heavy-Duty Otto Cycle engines for all vehicles regardless of GVWR (but below 33,000 lbs GVWR)"
highway,Ford Motor Company,2021,MFMXE07.3BW7,MFMXE07.3BW7-002,2020-10-16,Otto,Gasoline,Sequential Fuel Injection,2021-12-16,"10 years / 110,000 miles","Light or Medium Heavy-Duty Otto Cycle engines for all vehicles (certified for vehicles between 14,001 lbs and 33,000 lbs GVWR inclusive)"
highway,Ford Motor Company,2021,MFMXE07.3BWU,MFMXE07.3BWU-001,2020-09-15,Otto,Gasoline,Sequential Fuel Injection,2021-12-16,"10 years / 110,000 miles","Light or Medium Heavy-Duty Otto Cycle engines for all vehicles regardless of GVWR (but below 33,000 lbs GVWR)"
highway,Ford Motor Company,2021,MFMXE07.3BX4,MFMXE07.3BX4-008,2020-12-16,Otto,"Ethanol, Gasoline",Sequential Fuel Injection,2021-02-25,"10 years / 110,000 miles","Light or Medium Heavy-Duty Otto Cycle engines for all vehicles (certified for vehicles between 14,001 lbs and 33,000 lbs GVWR inclusive)"
highway,Ford Motor Company,2021,MFMXH06.7C45,MFMXH06.7C45-006-R01,2020-12-10,Diesel,7-15 ppm ultra low sulfur diesel,Direct Injection,2021-01-27,"10 years / 185,000 miles",Medium Heavy-Duty Diesel
highway,Ford Motor Company,2021,MFMXH06.7P4A,MFMXH06.7P4A-003,2020-11-25,Diesel,7-15 ppm ultra low sulfur diesel,Direct Injection,2020-12-06,,Light Heavy-Duty Diesel
highway,Ford Motor Company,2021,MFMXH06.7P4B,MFMXH06.7P4B-004,2020-11-25,Diesel,7-15 ppm ultra low sulfur diesel,Direct Injection,2020-12-06,,Light Heavy-Duty Diesel
highway,Ford Motor Company,2021,MFMXH06.7P5C,MFMXH06.7P5C-005,2020-11-25,Diesel,7-15 ppm ultra low sulfur diesel,Direct Injection,2020-12-07,"10 years / 185,000 miles",Medium Heavy-Duty Diesel
highway,Greenkraft Inc.,2021,MGKTE06.0GM2,MGKTE06.0GM2-005,2021-03-30,Otto,Compressed Natural Gas,Multi-port Injection,2021-04-01,"10 years / 110,000 miles","Light or Medium Heavy-Duty Otto Cycle engines for all vehicles (certified for vehicles between 14,001 lbs and 33,000 lbs GVWR inclusive)"
highway,Greenkraft Inc.,2021,MGKTE06.0SS6,MGKTE06.0SS6-004,2021-03-30,Otto,Gasoline,Multi-port Injection,2021-04-01,"10 years / 110,000 miles","Light or Medium Heavy-Duty Otto Cycle engines for all vehicles (certified for vehicles between 14,001 lbs and 33,000 lbs GVWR inclusive)"
highway,Greenkraft Inc.,2021,MGKTE08.0GM2,MGKTE08.0GM2-002,2021-03-30,Otto,Compressed Natural Gas,Multi-port Injection,2021-04-01,"10 years / 110,000 miles","Light or Medium Heavy-Duty Otto Cycle engines for all vehicles (certified for vehicles between 14,001 lbs and 33,000 lbs GVWR inclusive)"
highway,Greenkraft Inc.,2021,MGKTE08.0PRO,MGKTE08.0PRO-003,2021-03-30,Otto,Propane,Multi-port Injection,2021-04-01,"10 years / 110,000 miles","Light or Medium Heavy-Duty Otto Cycle engines for all vehicles (certified for vehicles between 14,001 lbs and 33,000 lbs GVWR inclusive)"
highway,Greenkraft Inc.,2021,MGKTE08.0SS8,MGKTE08.0SS8-001,2021-03-30,Otto,Gasoline,Multi-port Injection,2021-04-01,"10 years / 110,000 miles","Light or Medium Heavy-Duty Otto Cycle engines for all vehicles (certified for vehicles between 14,001 lbs and 33,000 lbs GVWR inclusive)"
highway,General Motors LLC,2021,MGMXE06.6001,MGMXE06.6001-001-R01,2020-10-16,Otto,Gasoline,Direct Injection,2021-01-04,"10 years / 110,000 miles","Light or Medium Heavy-Duty Otto Cycle engines for all vehicles regardless of GVWR (but below 33,000 lbs GVWR)"
highway,Landi Renzo USA Corporation,2021,MLDRE07.3BW7,MLDRE07.3BW7-001,2021-08-02,Otto,Compressed Natural Gas,Sequential Fuel Injection,2021-06-16,"10 years / 110,000 miles","Light or Medium Heavy-Duty Otto Cycle engines for all vehicles (certified for vehicles between 14,001 lbs and 33,000 lbs GVWR inclusive)"
highway,"NGV Motori, USA, LLC",2021,MNGCH0466AEA,MNGCH0466AEA-001,2021-04-28,Diesel,Compressed Natural Gas,Throttle Body Injection,2021-04-28,Alternate Useful Life,Medium Heavy-Duty Diesel
highway,"International Motors, LLC",2021,MNVXH04020SA,MNVXH04020SA-001,2020-11-23,Diesel,7-15 ppm ultra low sulfur diesel,Direct Injection,2021-02-02,,Light Heavy-Duty Diesel
highway,"International Motors, LLC",2021,MNVXH07570SA,MNVXH07570SA-002,2021-01-19,Diesel,7-15 ppm ultra low sulfur diesel,Direct Injection,2021-02-02,"10 years / 435,000 miles / 22,000 hours",Heavy Heavy-Duty Diesel
highway,PACCAR Inc,2021,MPCRH10.8M01,MPCRH10.8M01-001,2020-12-17,Diesel,7-15 ppm ultra low sulfur diesel,Direct Injection,2020-12-17,"10 years / 435,000 miles / 22,000 hours",Heavy Heavy-Duty Diesel
highway,PACCAR Inc,2021,MPCRH10.8M21,MPCRH10.8M21-004-R01,2021-04-09,Diesel,7-15 ppm ultra low sulfur diesel,Direct Injection,2021-04-09,"10 years / 435,000 miles / 22,000 hours",Heavy Heavy-Duty Diesel
highway,PACCAR Inc,2021,MPCRH12.9M01,MPCRH12.9M01-002,2020-12-17,Diesel,7-15 ppm ultra low sulfur diesel,Direct Injection,2020-12-17,"10 years / 435,000 miles / 22,000 hours",Heavy Heavy-Duty Diesel
highway,PACCAR Inc,2021,MPCRH12.9M02,MPCRH12.9M02-003,2020-12-17,Diesel,7-15 ppm ultra low sulfur diesel,Direct Injection,2020-12-17,"10 years / 435,000 miles / 22,000 hours",Heavy Heavy-Duty Diesel
highway,PACCAR Inc,2021,MPCRH12.9M21,MPCRH12.9M21-005-R01,2021-04-09,Diesel,7-15 ppm ultra low sulfur diesel,Direct Injection,2021-04-09,"10 years / 435,000 miles / 22,000 hours",Heavy Heavy-Duty Diesel
highway,"Power Solutions International, Inc.",2021,MPSIE08.8GAS,MPSIE08.8GAS-001,2020-11-19,Otto,Gasoline,Sequential Fuel Injection,2021-01-01,"10 years / 110,000 miles","Light or Medium Heavy-Duty Otto Cycle engines for all vehicles (certified for vehicles between 14,001 lbs and 33,000 lbs GVWR inclusive)"
highway,"Power Solutions International, Inc.",2021,MPSIE08.8LN1,MPSIE08.8LN1-003,2020-11-19,Otto,Liquefied Petroleum Gas,Sequential Fuel Injection,2021-01-01,"10 years / 110,000 miles","Light or Medium Heavy-Duty Otto Cycle engines for all vehicles (certified for vehicles between 14,001 lbs and 33,000 lbs GVWR inclusive)"
highway,"Power Solutions International, Inc.",2021,MPSIE08.8LPG,MPSIE08.8LPG-002,2020-11-19,Otto,Liquefied Petroleum Gas,Sequential Fuel Injection,2021-01-01,"10 years / 110,000 miles","Light or Medium Heavy-Duty Otto Cycle engines for all vehicles (certified for vehicles between 14,001 lbs and 33,000 lbs GVWR inclusive)"
highway,"Roush Industries, Inc.",2021,MRIIE07.3BL1,MRIIE07.3BL1-001-R01,2021-04-26,Otto,Liquefied Petroleum Gas,Sequential Fuel Injection,2021-12-03,"10 years / 110,000 miles","Light or Medium Heavy-Duty Otto Cycle engines for all vehicles (certified for vehicles between 14,001 lbs and 33,000 lbs GVWR inclusive)"
highway,"Roush Industries, Inc.",2021,MRIIE07.3BL3,MRIIE07.3BL3-005,2021-04-26,Otto,Liquefied Petroleum Gas,Sequential Fuel Injection,2021-12-03,"10 years / 110,000 miles","Light or Medium Heavy-Duty Otto Cycle engines for all vehicles (certified for vehicles between 14,001 lbs and 33,000 lbs GVWR inclusive)"
highway,"Roush Industries, Inc.",2021,MRIIE07.3BW7,MRIIE07.3BW7-002,2021-04-26,Otto,Gasoline,Sequential Fuel Injection,2021-09-20,"10 years / 110,000 miles","Light or Medium Heavy-Duty Otto Cycle engines for all vehicles (certified for vehicles between 14,001 lbs and 33,000 lbs GVWR inclusive)"
highway,"Roush Industries, Inc.",2021,MRIIE07.3BWU,MRIIE07.3BWU-003,2021-04-26,Otto,Liquefied Petroleum Gas,Sequential Fuel Injection,2021-12-03,"10 years / 110,000 miles","Light or Medium Heavy-Duty Otto Cycle engines for all vehicles regardless of GVWR (but below 33,000 lbs GVWR)"
highway,"Roush Industries, Inc.",2021,MRIIE07.3BWX,MRIIE07.3BWX-004,2021-04-26,Otto,Liquefied Petroleum Gas,Sequential Fuel Injection,2021-06-23,"10 years / 110,000 miles","Light or Medium Heavy-Duty Otto Cycle engines for all vehicles regardless of GVWR (but below 33,000 lbs GVWR)"
highway,Isuzu Motors Limited,2021,MSZXH05.23FA,MSZXH05.23FA-001,2020-10-05,Diesel,7-15 ppm ultra low sulfur diesel,Direct Injection,2020-11-16,,Light Heavy-Duty Diesel
highway,Isuzu Motors Limited,2021,MSZXH05.23FD,MSZXH05.23FD-002,2021-06-09,Diesel,7-15 ppm ultra low sulfur diesel,Direct Injection,2021-06-28,,Light Heavy-Duty Diesel
highway,"Team Quality Services, INC",2021,MTQSE06.0GAS,MTQSE06.0GAS-001,2020-04-02,Otto,Gasoline,Sequential Fuel Injection,2020-07-24,"10 years / 110,000 miles","Light or Medium Heavy-Duty Otto Cycle engines for all vehicles (certified for vehicles between 14,001 lbs and 33,000 lbs GVWR inclusive)"
highway,"Volvo Group Trucks Technology, Powertrain Engineering, a Division of Mack Trucks",2021,MVPTH10.8G01,MVPTH10.8G01-003,2021-01-11,Diesel,7-15 ppm ultra low sulfur diesel,Direct Injection,2021-01-12,"10 years / 435,000 miles / 22,000 hours",Heavy Heavy-Duty Diesel
highway,"Volvo Group Trucks Technology, Powertrain Engineering, a Division of Mack Trucks",2021,MVPTH12.8G01,MVPTH12.8G01-002,2021-01-11,Diesel,7-15 ppm ultra low sulfur diesel,Direct Injection,2021-01-12,"10 years / 435,000 miles / 22,000 hours",Heavy Heavy-Duty Diesel
highway,"Volvo Group Trucks Technology, Powertrain Engineering, a Division of Mack Trucks",2021,MVPTH12.8G02,MVPTH12.8G02-001,2021-01-11,Diesel,7-15 ppm ultra low sulfur diesel,Direct Injection,2021-01-12,"10 years / 435,000 miles / 22,000 hours",Heavy Heavy-Duty Diesel
highway,"Agility Powertrain Systems, LLC",2020,LAGIE06.0584,LAGIE06.0584-003,2020-03-31,Otto,Compressed Natural Gas,Sequential Fuel Injection,2020-03-15,"10 years / 110,000 miles","Light or Medium Heavy-Duty Otto Cycle engines for all vehicles regardless of GVWR (but below 33,000 lbs GVWR)"
highway,"Agility Powertrain Systems, LLC",2020,LAGIE06.8BW6,LAGIE06.8BW6-002,2020-03-25,Otto,Compressed Natural Gas,Sequential Fuel Injection,2020-03-15,"10 years / 110,000 miles","Light or Medium Heavy-Duty Otto Cycle engines for all vehicles regardless of GVWR (but below 33,000 lbs GVWR)"
highway,"Agility Powertrain Systems, LLC",2020,LAGIE06.8BWZ,LAGIE06.8BWZ-004,2020-03-31,Otto,Compressed Natural Gas,Sequential Fuel Injection,2020-03-15,"10 years / 110,000 miles","Light or Medium Heavy-Duty Otto Cycle engines for all vehicles regardless of GVWR (but below 33,000 lbs GVWR)"
highway,"Agility Powertrain Systems, LLC",2020,LAGIE08.0LPG,LAGIE08.0LPG-001,2019-05-16,Otto,Liquefied Petroleum Gas,Sequential Fuel Injection,2019-10-01,"10 years / 110,000 miles","Light or Medium Heavy-Duty Otto Cycle engines for all vehicles (certified for vehicles between 14,001 lbs and 33,000 lbs GVWR inclusive)"
highway,Wing Fuel Systems LLC.,2020,LBAFE07.3BW7,LBAFE07.3BW7-001-R01,2020-03-13,Otto,Compressed Natural Gas,Sequential Fuel Injection,2020-04-15,"10 years / 110,000 miles","Light or Medium Heavy-Duty Otto Cycle engines for all vehicles (certified for vehicles between 14,001 lbs and 33,000 lbs GVWR inclusive)"
highway,"Blossman Services, Inc.",2020,LBLME07.3BW7,LBLME07.3BW7-001,2020-12-15,Otto,"Gasoline, Liquefied Petroleum Gas",Sequential Fuel Injection,2020-12-01,"10 years / 110,000 miles","Light or Medium Heavy-Duty Otto Cycle engines for all vehicles regardless of GVWR (but below 33,000 lbs GVWR)"
highway,Cummins Inc.,2020,LCEXH0408BAT,LCEXH0408BAT-007,2019-10-21,Diesel,7-15 ppm ultra low sulfur diesel,Direct Injection,2019-10-28,"10 years / 185,000 miles",Medium Heavy-Duty Diesel
highway,Cummins Inc.,2020,LCEXH0408BAV,LCEXH0408BAV-014,2020-02-10,Diesel,7-15 ppm ultra low sulfur diesel,Direct Injection,2020-02-14,Alternate Useful Life,Medium Heavy-Duty Diesel
highway,Cummins Inc.,2020,LCEXH0408BAW,LCEXH0408BAW-002,2019-09-19,Diesel,7-15 ppm ultra low sulfur diesel,Direct Injection,2019-09-16,"10 years / 185,000 miles",Medium Heavy-Duty Diesel
highway,Cummins Inc.,2020,LCEXH0408BAX,LCEXH0408BAX-001,2019-09-18,Diesel,7-15 ppm ultra low sulfur diesel,Direct Injection,2019-09-16,"10 years / 185,000 miles",Medium Heavy-Duty Diesel
highway,Cummins Inc.,2020,LCEXH0408BBC,LCEXH0408BBC-013,2019-12-26,Diesel,"Compressed Natural Gas, Liquefied Natural Gas",Throttle Body Injection,2020-01-01,"10 years / 185,000 miles",Medium Heavy-Duty Diesel
highway,Cummins Inc.,2020,LCEXH0540LAT,LCEXH0540LAT-010,2019-10-21,Diesel,7-15 ppm ultra low sulfur diesel,Direct Injection,2019-10-28,"10 years / 435,000 miles / 22,000 hours",Heavy Heavy-Duty Diesel
highway,Cummins Inc.,2020,LCEXH0540LAX,LCEXH0540LAX-009,2019-10-21,Diesel,7-15 ppm ultra low sulfur diesel,Direct Injection,2019-10-28,"10 years / 185,000 miles",Medium Heavy-Duty Diesel
highway,Cummins Inc.,2020,LCEXH0540LBL,LCEXH0540LBL-004,2019-10-07,Diesel,"Compressed Natural Gas, Liquefied Natural Gas",Throttle Body Injection,2020-01-01,"10 years / 185,000 miles",Medium Heavy-Duty Diesel
highway,Cummins Inc.,2020,LCEXH0540LBM,LCEXH0540LBM-005,2019-10-07,Diesel,"Compressed Natural Gas, Liquefied Natural Gas",Throttle Body Injection,2020-01-01,"10 years / 435,000 miles / 22,000 hours",Heavy Heavy-Duty Diesel
highway,Cummins Inc.,2020,LCEXH0540LBN,LCEXH0540LBN-006,2019-10-07,Diesel,"Compressed Natural Gas, Liquefied Natural Gas",Throttle Body Injection,2020-01-01,"10 years / 435,000 miles / 22,000 hours",Heavy Heavy-Duty Diesel
highway,Cummins Inc.,2020,LCEXH0721XAG,LCEXH0721XAG-012,2019-12-16,Diesel,7-15 ppm ultra low sulfur diesel,Direct Injection,2019-12-31,"10 years / 435,000 miles / 22,000 hours",Heavy Heavy-Duty Diesel
highway,Cummins Inc.,2020,LCEXH0729XBC,LCEXH0729XBC-003,2019-10-07,Diesel,"Compressed Natural Gas, Liquefied Natural Gas",Throttle Body Injection,2020-01-01,"10 years / 435,000 miles / 22,000 hours",Heavy Heavy-Duty Diesel
highway,Cummins Inc.,2020,LCEXH0912XAX,LCEXH0912XAX-011,2019-12-03,Diesel,7-15 ppm ultra low sulfur diesel,Direct Injection,2019-12-31,"10 years / 435,000 miles / 22,000 hours",Heavy Heavy-Duty Diesel
highway,Cummins Inc.,2020,LCEXH0912XAZ,LCEXH0912XAZ-008,2019-10-21,Diesel,7-15 ppm ultra low sulfur diesel,Direct Injection,2019-12-31,"10 years / 435,000 miles / 22,000 hours",Heavy Heavy-Duty Diesel
highway,FCA US LLC,2020,LCRXE06.45Y6,LCRXE06.45Y6-001,2020-03-23,Otto,Gasoline,Sequential Fuel Injection,2020-02-12,"10 years / 110,000 miles","Light or Medium Heavy-Duty Otto Cycle engines for all vehicles regardless of GVWR (but below 33,000 lbs GVWR)"
highway,Detroit Diesel Corporation,2020,LDDXH07.7MDE,LDDXH07.7MDE-004,2019-11-22,Diesel,7-15 ppm ultra low sulfur diesel,Direct Injection,2020-08-24,"10 years / 185,000 miles",Medium Heavy-Duty Diesel
highway,Detroit Diesel Corporation,2020,LDDXH12.8FED,LDDXH12.8FED-003,2019-11-13,Diesel,7-15 ppm ultra low sulfur diesel,Direct Injection,2020-12-28,"10 years / 435,000 miles / 22,000 hours",Heavy Heavy-Duty Diesel
highway,Detroit Diesel Corporation,2020,LDDXH14.8EAD,LDDXH14.8EAD-001,2019-11-04,Diesel,7-15 ppm ultra low sulfur diesel,Direct Injection,2020-12-28,"10 years / 435,000 miles / 22,000 hours",Heavy Heavy-Duty Diesel
highway,Detroit Diesel Corporation,2020,LDDXH15.6GED,LDDXH15.6GED-002-R01,2019-11-04,Diesel,7-15 ppm ultra low sulfur diesel,Direct Injection,2020-12-28,"10 years / 435,000 miles / 22,000 hours",Heavy Heavy-Duty Diesel
highway,Ford Motor Company,2020,LFMXE07.3BW7,LFMXE07.3BW7-002,2019-11-13,Otto,Gasoline,Sequential Fuel Injection,2020-11-09,"10 years / 110,000 miles","Light or Medium Heavy-Duty Otto Cycle engines for all vehicles (certified for vehicles between 14,001 lbs and 33,000 lbs GVWR inclusive)"
highway,Ford Motor Company,2020,LFMXE07.3BWU,LFMXE07.3BWU-001,2019-11-13,Otto,Gasoline,Sequential Fuel Injection,2020-11-09,"10 years / 110,000 miles","Light or Medium Heavy-Duty Otto Cycle engines for all vehicles regardless of GVWR (but below 33,000 lbs GVWR)"
highway,Ford Motor Company,2020,LFMXH06.7C45,LFMXH06.7C45-005,2020-01-14,Diesel,7-15 ppm ultra low sulfur diesel,Direct Injection,2020-01-28,"10 years / 185,000 miles",Medium Heavy-Duty Diesel
highway,Ford Motor Company,2020,LFMXH06.7P4A,LFMXH06.7P4A-003,2019-12-02,Diesel,7-15 ppm ultra low sulfur diesel,Direct Injection,2020-11-09,"10 years / 110,000 miles",Light Heavy-Duty Diesel
highway,Ford Motor Company,2020,LFMXH06.7P4B,LFMXH06.7P4B-004,2019-12-02,Diesel,7-15 ppm ultra low sulfur diesel,Direct Injection,2020-11-09,"10 years / 110,000 miles",Light Heavy-Duty Diesel
highway,Ford Motor Company,2020,LFMXH06.7P5C,LFMXH06.7P5C-006,2020-09-17,Diesel,7-15 ppm ultra low sulfur diesel,Direct Injection,2020-11-09,"10 years / 185,000 miles",Medium Heavy-Duty Diesel
highway,General Motors LLC,2020,LGMXE06.0584,LGMXE06.0584-001,2019-12-06,Otto,Gasoline,Sequential Fuel Injection,2020-01-06,"10 years / 110,000 miles","Light or Medium Heavy-Duty Otto Cycle engines for all vehicles regardless of GVWR (but below 33,000 lbs GVWR)"
highway,General Motors LLC,2020,LGMXE06.6001,LGMXE06.6001-002-R01,2020-04-09,Otto,Gasoline,Direct Injection,2020-06-18,"10 years / 110,000 miles","Light or Medium Heavy-Duty Otto Cycle engines for all vehicles regardless of GVWR (but below 33,000 lbs GVWR)"
highway,Landi Renzo USA Corporation,2020,LLDRE07.3BW7,LLDRE07.3BW7-001,2020-03-25,Otto,Compressed Natural Gas,Sequential Fuel Injection,2020-02-24,"10 years / 110,000 miles","Light or Medium Heavy-Duty Otto Cycle engines for all vehicles (certified for vehicles between 14,001 lbs and 33,000 lbs GVWR inclusive)"
highway,"NGV Motori, USA, LLC",2020,LNGCH0466AEA,LNGCH0466AEA-001,2020-01-06,Diesel,Compressed Natural Gas,Throttle Body Injection,2020-01-01,Alternate Useful Life,Medium Heavy-Duty Diesel
highway,"International Motors, LLC",2020,LNVXH04020SA,LNVXH04020SA-002,2019-12-17,Diesel,7-15 ppm ultra low sulfur diesel,Direct Injection,2020-02-02,"10 years / 110,000 miles",Light Heavy-Duty Diesel
highway,"International Motors, LLC",2020,LNVXH07570SA,LNVXH07570SA-001,2019-12-17,Diesel,7-15 ppm ultra low sulfur diesel,Direct Injection,2020-01-02,"10 years / 435,000 miles / 22,000 hours",Heavy Heavy-Duty Diesel
highway,PACCAR Inc,2020,LPCRH10.8M01,LPCRH10.8M01-003,2019-11-27,Diesel,7-15 ppm ultra low sulfur diesel,Direct Injection,2019-11-27,"10 years / 435,000 miles / 22,000 hours",Heavy Heavy-Duty Diesel
highway,PACCAR Inc,2020,LPCRH12.9M01,LPCRH12.9M01-001,2019-11-27,Diesel,7-15 ppm ultra low sulfur diesel,Direct Injection,2019-11-27,"10 years / 435,000 miles / 22,000 hours",Heavy Heavy-Duty Diesel
highway,PACCAR Inc,2020,LPCRH12.9M02,LPCRH12.9M02-002,2019-11-27,Diesel,7-15 ppm ultra low sulfur diesel,Direct Injection,2019-11-27,"10 years / 435,000 miles / 22,000 hours",Heavy Heavy-Duty Diesel
highway,"PARNELL USA, INC",2020,LPRLE06.05P0,LPRLE06.05P0-001,2020-03-10,Otto,"Gasoline, Liquefied Petroleum Gas",Sequential Fuel Injection,2020-03-15,"10 years / 110,000 miles","Light or Medium Heavy-Duty Otto Cycle engines for all vehicles regardless of GVWR (but below 33,000 lbs GVWR)"
highway,"Power Solutions International, Inc.",2020,LPSIE06.0GAS,LPSIE06.0GAS-003,2019-12-16,Otto,Gasoline,Sequential Fuel Injection,2020-01-01,"10 years / 110,000 miles","Light or Medium Heavy-Duty Otto Cycle engines for all vehicles (certified for vehicles between 14,001 lbs and 33,000 lbs GVWR inclusive)"
highway,"Power Solutions International, Inc.",2020,LPSIE08.8GAS,LPSIE08.8GAS-002,2019-12-16,Otto,Gasoline,Sequential Fuel Injection,2020-01-01,"10 years / 110,000 miles","Light or Medium Heavy-Duty Otto Cycle engines for all vehicles (certified for vehicles between 14,001 lbs and 33,000 lbs GVWR inclusive)"
highway,"Power Solutions International, Inc.",2020,LPSIE08.8LN1,LPSIE08.8LN1-004,2020-07-17,Otto,Liquefied Petroleum Gas,Sequential Fuel Injection,2020-07-15,"10 years / 110,000 miles","Light or Medium Heavy-Duty Otto Cycle engines for all vehicles (certified for vehicles between 14,001 lbs and 33,000 lbs GVWR inclusive)"
highway,"Power Solutions International, Inc.",2020,LPSIE08.8LPG,LPSIE08.8LPG-001,2019-12-16,Otto,Liquefied Petroleum Gas,Sequential Fuel Injection,2020-01-01,"10 years / 110,000 miles","Light or Medium Heavy-Duty Otto Cycle engines for all vehicles (certified for vehicles between 14,001 lbs and 33,000 lbs GVWR inclusive)"
highway,"Roush Industries, Inc.",2020,LRIIE06.8BW2,LRIIE06.8BW2-001,2019-12-16,Otto,Liquefied Petroleum Gas,Sequential Fuel Injection,2020-02-01,"10 years / 110,000 miles","Light or Medium Heavy-Duty Otto Cycle engines for all vehicles (certified for vehicles between 14,001 lbs and 33,000 lbs GVWR inclusive)"
highway,"Roush Industries, Inc.",2020,LRIIE06.8BWL,LRIIE06.8BWL-002,2019-12-16,Otto,Liquefied Petroleum Gas,Sequential Fuel Injection,2020-08-05,"10 years / 110,000 miles","Light or Medium Heavy-Duty Otto Cycle engines for all vehicles (certified for vehicles between 14,001 lbs and 33,000 lbs GVWR inclusive)"
highway,"Roush Industries, Inc.",2020,LRIIE07.3BL1,LRIIE07.3BL1-003,2020-02-05,Otto,Liquefied Petroleum Gas,Sequential Fuel Injection,2020-09-01,"10 years / 110,000 miles","Light or Medium Heavy-Duty Otto Cycle engines for all vehicles (certified for vehicles between 14,001 lbs and 33,000 lbs GVWR inclusive)"
highway,"Roush Industries, Inc.",2020,LRIIE07.3BW7,LRIIE07.3BW7-005,2020-09-29,Otto,Gasoline,Sequential Fuel Injection,2020-09-01,"10 years / 110,000 miles","Light or Medium Heavy-Duty Otto Cycle engines for all vehicles (certified for vehicles between 14,001 lbs and 33,000 lbs GVWR inclusive)"
highway,"Roush Industries, Inc.",2020,LRIIE07.3BWU,LRIIE07.3BWU-004,2020-03-12,Otto,Liquefied Petroleum Gas,Sequential Fuel Injection,2020-09-01,"10 years / 110,000 miles","Light or Medium Heavy-Duty Otto Cycle engines for all vehicles regardless of GVWR (but below 33,000 lbs GVWR)"
highway,Isuzu Motors Limited,2020,LSZXH05.23FA,LSZXH05.23FA-001,2019-12-06,Diesel,7-15 ppm ultra low sulfur diesel,Direct Injection,2020-01-02,"10 years / 110,000 miles",Light Heavy-Duty Diesel
highway,Isuzu Motors Limited,2020,LSZXH05.23FC,LSZXH05.23FC-002,2020-01-29,Diesel,7-15 ppm ultra low sulfur diesel,Direct Injection,2020-03-02,"10 years / 185,000 miles",Medium Heavy-Duty Diesel
highway,"Volvo Group Trucks Technology, Powertrain Engineering, a Division of Mack Trucks",2020,LVPTH10.8G01,LVPTH10.8G01-001,2019-12-26,Diesel,7-15 ppm ultra low sulfur diesel,Direct Injection,2020-01-02,"10 years / 435,000 miles / 22,000 hours",Heavy Heavy-Duty Diesel
highway,"Volvo Group Trucks Technology, Powertrain Engineering, a Division of Mack Trucks",2020,LVPTH12.8G01,LVPTH12.8G01-002,2019-12-26,Diesel,7-15 ppm ultra low sulfur diesel,Direct Injection,2020-01-02,"10 years / 435,000 miles / 22,000 hours",Heavy Heavy-Duty Diesel
highway,"Volvo Group Trucks Technology, Powertrain Engineering, a Division of Mack Trucks",2020,LVPTH12.8G02,LVPTH12.8G02-004,2020-10-26,Diesel,7-15 ppm ultra low sulfur diesel,Direct Injection,2020-10-30,"10 years / 435,000 miles / 22,000 hours",Heavy Heavy-Duty Diesel
highway,"Volvo Group Trucks Technology, Powertrain Engineering, a Division of Mack Trucks",2020,LVPTH12.8G03,LVPTH12.8G03-003,2019-12-26,Diesel,7-15 ppm ultra low sulfur diesel,Direct Injection,2020-01-02,"10 years / 435,000 miles / 22,000 hours",Heavy Heavy-Duty Diesel
highway,"Agility Powertrain Systems, LLC",2019,KAGIE06.03RW,KAGIE06.03RW-006,2018-12-14,Otto,Compressed Natural Gas,Sequential Fuel Injection,2018-11-15,"10 years / 110,000 miles","Light or Medium Heavy-Duty Otto Cycle engines for all vehicles regardless of GVWR (but below 33,000 lbs GVWR)"
highway,"Agility Powertrain Systems, LLC",2019,KAGIE06.0584,KAGIE06.0584-003,2018-11-08,Otto,Compressed Natural Gas,Sequential Fuel Injection,2018-10-15,"10 years / 110,000 miles","Light or Medium Heavy-Duty Otto Cycle engines for all vehicles regardless of GVWR (but below 33,000 lbs GVWR)"
highway,"Agility Powertrain Systems, LLC",2019,KAGIE06.0CNG,KAGIE06.0CNG-005,2018-12-14,Otto,Compressed Natural Gas,Sequential Fuel Injection,2018-11-15,"10 years / 110,000 miles","Light or Medium Heavy-Duty Otto Cycle engines for all vehicles regardless of GVWR (but below 33,000 lbs GVWR)"
highway,"Agility Powertrain Systems, LLC",2019,KAGIE06.8BW6,KAGIE06.8BW6-001,2018-11-06,Otto,Compressed Natural Gas,Sequential Fuel Injection,2018-10-15,"10 years / 110,000 miles","Light or Medium Heavy-Duty Otto Cycle engines for all vehicles regardless of GVWR (but below 33,000 lbs GVWR)"
highway,"Agility Powertrain Systems, LLC",2019,KAGIE06.8BWZ,KAGIE06.8BWZ-002,2018-11-08,Otto,Compressed Natural Gas,Sequential Fuel Injection,2018-10-15,"10 years / 110,000 miles","Light or Medium Heavy-Duty Otto Cycle engines for all vehicles regardless of GVWR (but below 33,000 lbs GVWR)"
highway,"Agility Powertrain Systems, LLC",2019,KAGIE08.0LPG,KAGIE08.0LPG-004,2018-12-04,Otto,Liquefied Petroleum Gas,Sequential Fuel Injection,2019-01-01,"10 years / 110,000 miles","Light or Medium Heavy-Duty Otto Cycle engines for all vehicles (certified for vehicles between 14,001 lbs and 33,000 lbs GVWR inclusive)"
highway,"AGA Systems, LLC",2019,KAGTE06.0584,KAGTE06.0584-001,2018-12-20,Otto,"Compressed Natural Gas, Gasoline",Multi-port Injection,2019-01-01,"10 years / 110,000 miles","Light or Medium Heavy-Duty Otto Cycle engines for all vehicles regardless of GVWR (but below 33,000 lbs GVWR)"
highway,Wing Fuel Systems LLC.,2019,KBAFE06.8BW6,KBAFE06.8BW6-002,2018-09-25,Otto,Compressed Natural Gas,Sequential Fuel Injection,2018-09-21,"10 years / 110,000 miles","Light or Medium Heavy-Duty Otto Cycle engines for all vehicles (certified for vehicles between 14,001 lbs and 33,000 lbs GVWR inclusive)"
highway,Wing Fuel Systems LLC.,2019,KBAFE06.8BWZ,KBAFE06.8BWZ-001,2018-09-25,Otto,Compressed Natural Gas,Sequential Fuel Injection,2018-09-21,"10 years / 110,000 miles","Light or Medium Heavy-Duty Otto Cycle engines for all vehicles (certified for vehicles between 14,001 lbs and 33,000 lbs GVWR inclusive)"
highway,"Blossman Services, Inc.",2019,KBLME06.8BW6,KBLME06.8BW6-001,2019-12-12,Otto,"Gasoline, Liquefied Petroleum Gas",Sequential Fuel Injection,2019-12-12,"10 years / 110,000 miles","Light or Medium Heavy-Duty Otto Cycle engines for all vehicles regardless of GVWR (but below 33,000 lbs GVWR)"
highway,Cummins Inc.,2019,KCEXH0408BAT,KCEXH0408BAT-011,2018-12-17,Diesel,7-15 ppm ultra low sulfur diesel,Direct Injection,2018-12-21,"10 years / 185,000 miles",Medium Heavy-Duty Diesel
highway,Cummins Inc.,2019,KCEXH0408BAV,KCEXH0408BAV-014,2019-02-21,Diesel,7-15 ppm ultra low sulfur diesel,Direct Injection,2019-02-21,Alternate Useful Life,Medium Heavy-Duty Diesel
highway,Cummins Inc.,2019,KCEXH0408BAW,KCEXH0408BAW-006,2018-12-04,Diesel,7-15 ppm ultra low sulfur diesel,Direct Injection,2019-01-21,"10 years / 185,000 miles",Medium Heavy-Duty Diesel
highway,Cummins Inc.,2019,KCEXH0408BAX,KCEXH0408BAX-007,2018-12-04,Diesel,7-15 ppm ultra low sulfur diesel,Direct Injection,2019-01-21,"10 years / 185,000 miles",Medium Heavy-Duty Diesel
highway,Cummins Inc.,2019,KCEXH0408BBB,KCEXH0408BBB-004,2018-10-23,Diesel,"Compressed Natural Gas, Liquefied Natural Gas",Throttle Body Injection,2019-01-01,"10 years / 185,000 miles",Medium Heavy-Duty Diesel
highway,Cummins Inc.,2019,KCEXH0540LAT,KCEXH0540LAT-012,2018-12-20,Diesel,7-15 ppm ultra low sulfur diesel,Direct Injection,2018-12-26,"10 years / 435,000 miles / 22,000 hours",Heavy Heavy-Duty Diesel
highway,Cummins Inc.,2019,KCEXH0540LAX,KCEXH0540LAX-010,2018-12-17,Diesel,7-15 ppm ultra low sulfur diesel,Direct Injection,2018-12-21,"10 years / 185,000 miles",Medium Heavy-Duty Diesel
highway,Cummins Inc.,2019,KCEXH0540LBL,KCEXH0540LBL-001,2018-10-18,Diesel,"Compressed Natural Gas, Liquefied Natural Gas",Throttle Body Injection,2019-01-01,"10 years / 185,000 miles",Medium Heavy-Duty Diesel
highway,Cummins Inc.,2019,KCEXH0540LBM,KCEXH0540LBM-002,2018-10-22,Diesel,"Compressed Natural Gas, Liquefied Natural Gas",Throttle Body Injection,2019-01-01,"10 years / 435,000 miles / 22,000 hours",Heavy Heavy-Duty Diesel
highway,Cummins Inc.,2019,KCEXH0540LBN,KCEXH0540LBN-003,2018-10-22,Diesel,"Compressed Natural Gas, Liquefied Natural Gas",Throttle Body Injection,2019-01-01,"10 years / 435,000 miles / 22,000 hours",Heavy Heavy-Duty Diesel
highway,Cummins Inc.,2019,KCEXH0721XAG,KCEXH0721XAG-013,2018-12-28,Diesel,7-15 ppm ultra low sulfur diesel,Direct Injection,2018-12-31,"10 years / 435,000 miles / 22,000 hours",Heavy Heavy-Duty Diesel
highway,Cummins Inc.,2019,KCEXH0729XBC,KCEXH0729XBC-005,2018-11-27,Diesel,"Compressed Natural Gas, Liquefied Natural Gas",Throttle Body Injection,2019-01-01,"10 years / 435,000 miles / 22,000 hours",Heavy Heavy-Duty Diesel
highway,Cummins Inc.,2019,KCEXH0912XAW,KCEXH0912XAW-008,2018-12-10,Diesel,7-15 ppm ultra low sulfur diesel,Direct Injection,2018-12-31,"10 years / 435,000 miles / 22,000 hours",Heavy Heavy-Duty Diesel
highway,Cummins Inc.,2019,KCEXH0912XAX,KCEXH0912XAX-009,2018-12-10,Diesel,7-15 ppm ultra low sulfur diesel,Direct Injection,2018-12-31,"10 years / 435,000 miles / 22,000 hours",Heavy Heavy-Duty Diesel
highway,FCA US LLC,2019,KCRXE06.45Y6,KCRXE06.45Y6-001,2019-06-13,Otto,Gasoline,Sequential Fuel Injection,2019-06-10,"10 years / 110,000 miles","Light or Medium Heavy-Duty Otto Cycle engines for all vehicles regardless of GVWR (but below 33,000 lbs GVWR)"
highway,Detroit Diesel Corporation,2019,KDDXH07.7MDE,KDDXH07.7MDE-001,2018-07-30,Diesel,7-15 ppm ultra low sulfur diesel,Direct Injection,2019-12-26,"10 years / 185,000 miles",Medium Heavy-Duty Diesel
highway,Detroit Diesel Corporation,2019,KDDXH12.8FED,KDDXH12.8FED-002,2018-11-16,Diesel,7-15 ppm ultra low sulfur diesel,Direct Injection,2019-12-26,"10 years / 435,000 miles / 22,000 hours",Heavy Heavy-Duty Diesel
highway,Detroit Diesel Corporation,2019,KDDXH14.8EAD,KDDXH14.8EAD-003,2018-11-16,Diesel,7-15 ppm ultra low sulfur diesel,Direct Injection,2019-02-11,"10 years / 435,000 miles / 22,000 hours",Heavy Heavy-Duty Diesel
highway,Detroit Diesel Corporation,2019,KDDXH15.6GED,KDDXH15.6GED-004,2018-11-16,Diesel,7-15 ppm ultra low sulfur diesel,Direct Injection,2019-02-11,"10 years / 435,000 miles / 22,000 hours",Heavy Heavy-Duty Diesel
highway,Encore TEC LLC,2019,KEL3E06.0584,KEL3E06.0584-003,2018-10-01,Otto,Compressed Natural Gas,Sequential Fuel Injection,2018-10-15,"10 years / 110,000 miles","Light or Medium Heavy-Duty Otto Cycle engines for all vehicles regardless of GVWR (but below 33,000 lbs GVWR)"
highway,Encore TEC LLC,2019,KEL3E06.8BW6,KEL3E06.8BW6-001,2018-09-21,Otto,Compressed Natural Gas,Sequential Fuel Injection,2018-10-15,"10 years / 110,000 miles","Light or Medium Heavy-Duty Otto Cycle engines for all vehicles regardless of GVWR (but below 33,000 lbs GVWR)"
highway,Encore TEC LLC,2019,KEL3E06.8BWZ,KEL3E06.8BWZ-002,2018-10-01,Otto,Compressed Natural Gas,Sequential Fuel Injection,2018-10-15,"10 years / 110,000 miles","Light or Medium Heavy-Duty Otto Cycle engines for all vehicles regardless of GVWR (but below 33,000 lbs GVWR)"
highway,Ford Motor Company,2019,KFMXE06.8BW6,KFMXE06.8BW6-001,2018-06-12,Otto,Gasoline,Multi-port Injection,2018-06-18,"10 years / 110,000 miles","Light or Medium Heavy-Duty Otto Cycle engines for all vehicles (certified for vehicles between 14,001 lbs and 33,000 lbs GVWR inclusive)"
highway,Ford Motor Company,2019,KFMXE06.8BWZ,KFMXE06.8BWZ-002,2018-06-12,Otto,Gasoline,Multi-port Injection,2018-06-27,"10 years / 110,000 miles","Light or Medium Heavy-Duty Otto Cycle engines for all vehicles (certified for vehicles between 14,001 lbs and 33,000 lbs GVWR inclusive)"
highway,Ford Motor Company,2019,KFMXH06.7C45,KFMXH06.7C45-003,2018-06-26,Diesel,7-15 ppm ultra low sulfur diesel,Direct Injection,2019-12-09,"10 years / 185,000 miles",Medium Heavy-Duty Diesel
highway,Ford Motor Company,2019,KFMXH06.7P4A,KFMXH06.7P4A-004,2018-06-26,Diesel,7-15 ppm ultra low sulfur diesel,Electronic Direct Injection,2018-07-11,"10 years / 110,000 miles",Light Heavy-Duty Diesel
highway,Ford Motor Company,2019,KFMXH06.7P4B,KFMXH06.7P4B-005,2018-06-27,Diesel,7-15 ppm ultra low sulfur diesel,Electronic Direct Injection,2018-07-11,"10 years / 110,000 miles",Light Heavy-Duty Diesel
highway,General Motors LLC,2019,KGMXE06.0584,KGMXE06.0584-001,2018-11-21,Otto,Gasoline,Sequential Fuel Injection,2019-12-02,"10 years / 110,000 miles","Light or Medium Heavy-Duty Otto Cycle engines for all vehicles regardless of GVWR (but below 33,000 lbs GVWR)"
highway,Icom North America LLC,2019,KICME06.886D,KICME06.886D-001,2019-03-26,Otto,"Gasoline, Liquefied Petroleum Gas",Sequential Fuel Injection,2019-02-22,"10 years / 110,000 miles","Light or Medium Heavy-Duty Otto Cycle engines for all vehicles (certified for vehicles between 14,001 lbs and 33,000 lbs GVWR inclusive)"
highway,Icom North America LLC,2019,KICME06.886M,KICME06.886M-002,2019-03-26,Otto,Liquefied Petroleum Gas,Sequential Fuel Injection,2019-02-18,"10 years / 110,000 miles","Light or Medium Heavy-Duty Otto Cycle engines for all vehicles (certified for vehicles between 14,001 lbs and 33,000 lbs GVWR inclusive)"
highway,Landi Renzo USA Corporation,2019,KLDRE06.8C11,KLDRE06.8C11-001,2018-12-26,Otto,Compressed Natural Gas,Sequential Fuel Injection,2018-12-03,"10 years / 110,000 miles","Light or Medium Heavy-Duty Otto Cycle engines for all vehicles (certified for vehicles between 14,001 lbs and 33,000 lbs GVWR inclusive)"
highway,"NGV Motori, USA, LLC",2019,KNGCH0466AEA,KNGCH0466AEA-001,2018-12-06,Diesel,Compressed Natural Gas,Throttle Body Injection,2019-01-01,Alternate Useful Life,Medium Heavy-Duty Diesel
highway,"International Motors, LLC",2019,KNVXH04020SA,KNVXH04020SA-002-R01,2018-12-17,Diesel,7-15 ppm ultra low sulfur diesel,Direct Injection,2019-02-02,"10 years / 110,000 miles",Light Heavy-Duty Diesel
highway,"International Motors, LLC",2019,KNVXH07570SA,KNVXH07570SA-001,2018-10-09,Diesel,7-15 ppm ultra low sulfur diesel,Direct Injection,2019-01-04,"10 years / 435,000 miles / 22,000 hours",Heavy Heavy-Duty Diesel
highway,PACCAR Inc,2019,KPCRH10.8M01,KPCRH10.8M01-003,2018-10-31,Diesel,7-15 ppm ultra low sulfur diesel,Direct Injection,2018-10-31,"10 years / 435,000 miles / 22,000 hours",Heavy Heavy-Duty Diesel
highway,PACCAR Inc,2019,KPCRH12.9M01,KPCRH12.9M01-001,2018-10-31,Diesel,7-15 ppm ultra low sulfur diesel,Direct Injection,2018-10-31,"10 years / 435,000 miles / 22,000 hours",Heavy Heavy-Duty Diesel
highway,PACCAR Inc,2019,KPCRH12.9M02,KPCRH12.9M02-002,2018-10-31,Diesel,7-15 ppm ultra low sulfur diesel,Direct Injection,2018-10-31,"10 years / 435,000 miles / 22,000 hours",Heavy Heavy-Duty Diesel
highway,"PARNELL USA, INC",2019,KPRLE06.05P9,KPRLE06.05P9-001,2019-05-29,Otto,"Gasoline, Liquefied Petroleum Gas",Sequential Fuel Injection,2019-06-01,"10 years / 110,000 miles","Light or Medium Heavy-Duty Otto Cycle engines for all vehicles regardless of GVWR (but below 33,000 lbs GVWR)"
highway,"Power Solutions International, Inc.",2019,KPSIE06.0GAS,KPSIE06.0GAS-003,2018-12-14,Otto,Gasoline,Sequential Fuel Injection,2019-06-18,"10 years / 110,000 miles","Light or Medium Heavy-Duty Otto Cycle engines for all vehicles (certified for vehicles between 14,001 lbs and 33,000 lbs GVWR inclusive)"
highway,"Power Solutions International, Inc.",2019,KPSIE08.8GAS,KPSIE08.8GAS-002,2018-12-14,Otto,Gasoline,Sequential Fuel Injection,2019-01-01,"10 years / 110,000 miles","Light or Medium Heavy-Duty Otto Cycle engines for all vehicles (certified for vehicles between 14,001 lbs and 33,000 lbs GVWR inclusive)"
highway,"Power Solutions International, Inc.",2019,KPSIE08.8LPG,KPSIE08.8LPG-001,2018-12-14,Otto,Liquefied Petroleum Gas,Sequential Fuel Injection,2019-01-01,"10 years / 110,000 miles","Light or Medium Heavy-Duty Otto Cycle engines for all vehicles (certified for vehicles between 14,001 lbs and 33,000 lbs GVWR inclusive)"
highway,"Roush Industries, Inc.",2019,KRIIE06.8BC1,KRIIE06.8BC1-003,2018-11-13,Otto,Compressed Natural Gas,Sequential Fuel Injection,2018-11-15,"10 years / 110,000 miles","Light or Medium Heavy-Duty Otto Cycle engines for all vehicles (certified for vehicles between 14,001 lbs and 33,000 lbs GVWR inclusive)"
highway,"Roush Industries, Inc.",2019,KRIIE06.8BC2,KRIIE06.8BC2-004,2018-11-13,Otto,Compressed Natural Gas,Sequential Fuel Injection,2018-11-15,"10 years / 110,000 miles","Light or Medium Heavy-Duty Otto Cycle engines for all vehicles (certified for vehicles between 14,001 lbs and 33,000 lbs GVWR inclusive)"
highway,"Roush Industries, Inc.",2019,KRIIE06.8BW2,KRIIE06.8BW2-002,2018-11-13,Otto,Liquefied Petroleum Gas,Sequential Fuel Injection,2019-12-27,"10 years / 110,000 miles","Light or Medium Heavy-Duty Otto Cycle engines for all vehicles (certified for vehicles between 14,001 lbs and 33,000 lbs GVWR inclusive)"
highway,"Roush Industries, Inc.",2019,KRIIE06.8BWL,KRIIE06.8BWL-001,2018-11-13,Otto,Liquefied Petroleum Gas,Sequential Fuel Injection,2019-12-27,"10 years / 110,000 miles","Light or Medium Heavy-Duty Otto Cycle engines for all vehicles (certified for vehicles between 14,001 lbs and 33,000 lbs GVWR inclusive)"
highway,"Roush Industries, Inc.",2019,KRIIE06.8BWZ,KRIIE06.8BWZ-005,2018-11-21,Otto,Liquefied Petroleum Gas,Sequential Fuel Injection,2019-12-20,"10 years / 110,000 miles","Light or Medium Heavy-Duty Otto Cycle engines for all vehicles (certified for vehicles between 14,001 lbs and 33,000 lbs GVWR inclusive)"
highway,Isuzu Motors Limited,2019,KSZXH05.23FA,KSZXH05.23FA-002,2018-10-18,Diesel,7-15 ppm ultra low sulfur diesel,Direct Injection,2019-01-02,"10 years / 110,000 miles",Light Heavy-Duty Diesel
highway,Isuzu Motors Limited,2019,KSZXH05.23FB,KSZXH05.23FB-001,2018-08-15,Diesel,7-15 ppm ultra low sulfur diesel,Direct Injection,2018-12-01,"10 years / 110,000 miles",Light Heavy-Duty Diesel
highway,"Volvo Group Trucks Technology, Powertrain Engineering, a Division of Mack Trucks",2019,KVPTH10.8G01,KVPTH10.8G01-001,2018-12-18,Diesel,7-15 ppm ultra low sulfur diesel,Direct Injection,2019-01-02,"10 years / 435,000 miles / 22,000 hours",Heavy Heavy-Duty Diesel
highway,"Volvo Group Trucks Technology, Powertrain Engineering, a Division of Mack Trucks",2019,KVPTH12.8G01,KVPTH12.8G01-002,2018-12-18,Diesel,7-15 ppm ultra low sulfur diesel,Direct Injection,2019-01-02,"10 years / 435,000 miles / 22,000 hours",Heavy Heavy-Duty Diesel
highway,"Volvo Group Trucks Technology, Powertrain Engineering, a Division of Mack Trucks",2019,KVPTH12.8G02,KVPTH12.8G02-003,2018-12-18,Diesel,7-15 ppm ultra low sulfur diesel,Direct Injection,2019-01-02,"10 years / 435,000 miles / 22,000 hours",Heavy Heavy-Duty Diesel
highway,"Agility Powertrain Systems, LLC",2018,JAGIE06.03RW,JAGIE06.03RW-002,2018-05-07,Otto,Compressed Natural Gas,Sequential Fuel Injection,2018-04-15,"10 years / 110,000 miles","Light or Medium Heavy-Duty Otto Cycle engines for all vehicles regardless of GVWR (but below 33,000 lbs GVWR)"
highway,"Agility Powertrain Systems, LLC",2018,JAGIE06.0584,JAGIE06.0584-003,2018-05-07,Otto,Compressed Natural Gas,Sequential Fuel Injection,2018-05-15,"10 years / 110,000 miles","Light or Medium Heavy-Duty Otto Cycle engines for all vehicles regardless of GVWR (but below 33,000 lbs GVWR)"
highway,"Agility Powertrain Systems, LLC",2018,JAGIE08.0LPG,JAGIE08.0LPG-001,2018-02-23,Otto,Liquefied Petroleum Gas,Sequential Fuel Injection,2018-02-12,"10 years / 110,000 miles","Light or Medium Heavy-Duty Otto Cycle engines for all vehicles (certified for vehicles between 14,001 lbs and 33,000 lbs GVWR inclusive)"
highway,"AGA Systems, LLC",2018,JAGTE06.0584,JAGTE06.0584-001,2018-05-07,Otto,"Compressed Natural Gas, Gasoline",Multi-port Injection,2018-03-01,"10 years / 110,000 miles","Light or Medium Heavy-Duty Otto Cycle engines for all vehicles regardless of GVWR (but below 33,000 lbs GVWR)"
highway,Wing Fuel Systems LLC.,2018,JBAFE06.8BW6,JBAFE06.8BW6-002,2017-12-20,Otto,Compressed Natural Gas,Sequential Fuel Injection,2017-12-15,"10 years / 110,000 miles","Light or Medium Heavy-Duty Otto Cycle engines for all vehicles (certified for vehicles between 14,001 lbs and 33,000 lbs GVWR inclusive)"
highway,Wing Fuel Systems LLC.,2018,JBAFE06.8BWZ,JBAFE06.8BWZ-001,2017-12-20,Otto,Compressed Natural Gas,Sequential Fuel Injection,2017-12-15,"10 years / 110,000 miles","Light or Medium Heavy-Duty Otto Cycle engines for all vehicles (certified for vehicles between 14,001 lbs and 33,000 lbs GVWR inclusive)"
highway,"Blossman Services, Inc.",2018,JBLME06.0584,JBLME06.0584-001,2018-02-14,Otto,"Gasoline, Liquefied Petroleum Gas",Sequential Fuel Injection,2018-01-30,"10 years / 110,000 miles","Light or Medium Heavy-Duty Otto Cycle engines for all vehicles regardless of GVWR (but below 33,000 lbs GVWR)"
highway,Cummins Inc.,2018,JCEXH0305VAA,JCEXH0305VAA-012,2017-12-07,Diesel,7-15 ppm ultra low sulfur diesel,Direct Injection,2018-12-31,"10 years / 185,000 miles",Medium Heavy-Duty Diesel
highway,Cummins Inc.,2018,JCEXH0408BAQ,JCEXH0408BAQ-001,2017-06-27,Diesel,7-15 ppm ultra low sulfur diesel,Direct Injection,2017-12-18,"10 years / 185,000 miles",Medium Heavy-Duty Diesel
highway,Cummins Inc.,2018,JCEXH0408BAS,JCEXH0408BAS-002,2017-06-27,Diesel,7-15 ppm ultra low sulfur diesel,Direct Injection,2017-12-18,"10 years / 185,000 miles",Medium Heavy-Duty Diesel
highway,Cummins Inc.,2018,JCEXH0408BAT,JCEXH0408BAT-005,2017-11-21,Diesel,7-15 ppm ultra low sulfur diesel,Direct Injection,2018-11-02,"10 years / 185,000 miles",Medium Heavy-Duty Diesel
highway,Cummins Inc.,2018,JCEXH0408BAV,JCEXH0408BAV-004,2017-11-21,Diesel,7-15 ppm ultra low sulfur diesel,Direct Injection,2018-11-02,Alternate Useful Life,Medium Heavy-Duty Diesel
highway,Cummins Inc.,2018,JCEXH0408BBB,JCEXH0408BBB-006,2017-11-29,Diesel,"Compressed Natural Gas, Liquefied Natural Gas",Throttle Body Injection,2018-01-01,"10 years / 185,000 miles",Medium Heavy-Duty Diesel
highway,Cummins Inc.,2018,JCEXH0540LAT,JCEXH0540LAT-015,2017-12-15,Diesel,7-15 ppm ultra low sulfur diesel,Direct Injection,2018-08-15,"10 years / 435,000 miles / 22,000 hours",Heavy Heavy-Duty Diesel
highway,Cummins Inc.,2018,JCEXH0540LAX,JCEXH0540LAX-013,2017-12-12,Diesel,7-15 ppm ultra low sulfur diesel,Direct Injection,2018-11-17,"10 years / 185,000 miles",Medium Heavy-Duty Diesel
highway,Cummins Inc.,2018,JCEXH0540LBL,JCEXH0540LBL-007,2017-11-29,Diesel,"Compressed Natural Gas, Liquefied Natural Gas",Throttle Body Injection,2018-01-01,"10 years / 185,000 miles",Medium Heavy-Duty Diesel
highway,Cummins Inc.,2018,JCEXH0540LBM,JCEXH0540LBM-008,2017-11-29,Diesel,"Compressed Natural Gas, Liquefied Natural Gas",Throttle Body Injection,2018-01-01,"10 years / 435,000 miles / 22,000 hours",Heavy Heavy-Duty Diesel
highway,Cummins Inc.,2018,JCEXH0540LBN,JCEXH0540LBN-009,2017-11-29,Diesel,"Compressed Natural Gas, Liquefied Natural Gas",Throttle Body Injection,2018-01-01,"10 years / 435,000 miles / 22,000 hours",Heavy Heavy-Duty Diesel
highway,Cummins Inc.,2018,JCEXH0721XAG,JCEXH0721XAG-016,2017-12-27,Diesel,7-15 ppm ultra low sulfur diesel,Direct Injection,2017-12-31,"10 years / 435,000 miles / 22,000 hours",Heavy Heavy-Duty Diesel
highway,Cummins Inc.,2018,JCEXH0729XAE,JCEXH0729XAE-003,2017-11-21,Diesel,7-15 ppm ultra low sulfur diesel,Direct Injection,2018-12-31,"10 years / 435,000 miles / 22,000 hours",Heavy Heavy-Duty Diesel
highway,Cummins Inc.,2018,JCEXH0729XBC,JCEXH0729XBC-014,2017-12-13,Diesel,"Compressed Natural Gas, Liquefied Natural Gas",Throttle Body Injection,2018-01-01,"10 years / 435,000 miles / 22,000 hours",Heavy Heavy-Duty Diesel
highway,Cummins Inc.,2018,JCEXH0912XAW,JCEXH0912XAW-010-R01,2017-12-05,Diesel,7-15 ppm ultra low sulfur diesel,Direct Injection,2017-12-31,"10 years / 435,000 miles / 22,000 hours",Heavy Heavy-Duty Diesel
highway,Cummins Inc.,2018,JCEXH0912XAX,JCEXH0912XAX-011,2017-12-05,Diesel,7-15 ppm ultra low sulfur diesel,Direct Injection,2017-12-31,"10 years / 435,000 miles / 22,000 hours",Heavy Heavy-Duty Diesel
highway,FCA US LLC,2018,JCRXE06.45Y6,JCRXE06.45Y6-001,2017-05-23,Otto,Gasoline,Sequential Fuel Injection,2017-07-04,"10 years / 110,000 miles","Light or Medium Heavy-Duty Otto Cycle engines for all vehicles regardless of GVWR (but below 33,000 lbs GVWR)"
highway,Detroit Diesel Corporation,2018,JDDXH07.7MDE,JDDXH07.7MDE-001-R01,2017-12-14,Diesel,7-15 ppm ultra low sulfur diesel,Direct Injection,2018-06-01,"10 years / 185,000 miles",Medium Heavy-Duty Diesel
highway,Detroit Diesel Corporation,2018,JDDXH12.8FED,JDDXH12.8FED-002-R01,2017-12-18,Diesel,7-15 ppm ultra low sulfur diesel,Direct Injection,2018-09-03,"10 years / 435,000 miles / 22,000 hours",Heavy Heavy-Duty Diesel
highway,Detroit Diesel Corporation,2018,JDDXH14.8EAD,JDDXH14.8EAD-003,2017-12-18,Diesel,7-15 ppm ultra low sulfur diesel,Direct Injection,2018-08-27,"10 years / 435,000 miles / 22,000 hours",Heavy Heavy-Duty Diesel
highway,Detroit Diesel Corporation,2018,JDDXH15.6GED,JDDXH15.6GED-004,2017-12-18,Diesel,7-15 ppm ultra low sulfur diesel,Direct Injection,2018-08-27,"10 years / 435,000 miles / 22,000 hours",Heavy Heavy-Duty Diesel
highway,Encore TEC LLC,2018,JEL3E06.0584,JEL3E06.0584-003,2018-01-23,Otto,Compressed Natural Gas,Sequential Fuel Injection,2018-01-01,"10 years / 110,000 miles","Light or Medium Heavy-Duty Otto Cycle engines for all vehicles regardless of GVWR (but below 33,000 lbs GVWR)"
highway,Encore TEC LLC,2018,JEL3E06.8BW6,JEL3E06.8BW6-002,2017-08-31,Otto,Compressed Natural Gas,Sequential Fuel Injection,2017-10-01,"10 years / 110,000 miles","Light or Medium Heavy-Duty Otto Cycle engines for all vehicles regardless of GVWR (but below 33,000 lbs GVWR)"
highway,Encore TEC LLC,2018,JEL3E06.8BWZ,JEL3E06.8BWZ-001,2017-08-23,Otto,Compressed Natural Gas,Sequential Fuel Injection,2017-10-01,"10 years / 110,000 miles","Light or Medium Heavy-Duty Otto Cycle engines for all vehicles regardless of GVWR (but below 33,000 lbs GVWR)"
highway,Ford Motor Company,2018,JFMXE06.8BW6,JFMXE06.8BW6-001,2017-08-29,Otto,Gasoline,Multi-port Injection,2018-08-07,"10 years / 110,000 miles","Light or Medium Heavy-Duty Otto Cycle engines for all vehicles (certified for vehicles between 14,001 lbs and 33,000 lbs GVWR inclusive)"
highway,Ford Motor Company,2018,JFMXE06.8BWZ,JFMXE06.8BWZ-002,2017-08-31,Otto,Gasoline,Multi-port Injection,2017-11-13,"10 years / 110,000 miles","Light or Medium Heavy-Duty Otto Cycle engines for all vehicles (certified for vehicles between 14,001 lbs and 33,000 lbs GVWR inclusive)"
highway,Ford Motor Company,2018,JFMXH06.7C45,JFMXH06.7C45-003,2017-09-20,Diesel,7-15 ppm ultra low sulfur diesel,Electronic Direct Injection,2017-10-12,"10 years / 185,000 miles",Medium Heavy-Duty Diesel
highway,Ford Motor Company,2018,JFMXH06.7P4A,JFMXH06.7P4A-004,2017-10-04,Diesel,7-15 ppm ultra low sulfur diesel,Electronic Direct Injection,2017-11-22,"10 years / 110,000 miles",Light Heavy-Duty Diesel
highway,Ford Motor Company,2018,JFMXH06.7P4B,JFMXH06.7P4B-005,2017-10-26,Diesel,7-15 ppm ultra low sulfur diesel,Electronic Direct Injection,2017-11-22,"10 years / 110,000 miles",Light Heavy-Duty Diesel
highway,Greenkraft Inc.,2018,JGKTE08.0GC8,JGKTE08.0GC8-002,2018-10-22,Otto,Compressed Natural Gas,Multi-port Injection,2018-10-17,"10 years / 110,000 miles","Light or Medium Heavy-Duty Otto Cycle engines for all vehicles (certified for vehicles between 14,001 lbs and 33,000 lbs GVWR inclusive)"
highway,Greenkraft Inc.,2018,JGKTE08.0GL8,JGKTE08.0GL8-003,2018-10-22,Otto,Propane,Multi-port Injection,2018-10-17,"10 years / 110,000 miles","Light or Medium Heavy-Duty Otto Cycle engines for all vehicles (certified for vehicles between 14,001 lbs and 33,000 lbs GVWR inclusive)"
highway,Greenkraft Inc.,2018,JGKTE08.0GS8,JGKTE08.0GS8-001,2018-10-22,Otto,Gasoline,Multi-port Injection,2018-10-17,"10 years / 110,000 miles","Light or Medium Heavy-Duty Otto Cycle engines for all vehicles (certified for vehicles between 14,001 lbs and 33,000 lbs GVWR inclusive)"
highway,General Motors LLC,2018,JGMXE06.0584,JGMXE06.0584-001,2017-09-28,Otto,Gasoline,Sequential Fuel Injection,2018-12-03,"10 years / 110,000 miles","Light or Medium Heavy-Duty Otto Cycle engines for all vehicles regardless of GVWR (but below 33,000 lbs GVWR)"
highway,Icom North America LLC,2018,JICME06.8B8D,JICME06.8B8D-001,2018-05-30,Otto,"Gasoline, Liquefied Petroleum Gas",Sequential Fuel Injection,2018-01-15,"10 years / 110,000 miles","Light or Medium Heavy-Duty Otto Cycle engines for all vehicles (certified for vehicles between 14,001 lbs and 33,000 lbs GVWR inclusive)"
highway,Icom North America LLC,2018,JICME06.8B8M,JICME06.8B8M-002,2018-05-30,Otto,Liquefied Petroleum Gas,Sequential Fuel Injection,2018-01-15,"10 years / 110,000 miles","Light or Medium Heavy-Duty Otto Cycle engines for all vehicles (certified for vehicles between 14,001 lbs and 33,000 lbs GVWR inclusive)"
highway,Landi Renzo USA Corporation,2018,JLDRE06.8B10,JLDRE06.8B10-002,2018-01-23,Otto,Compressed Natural Gas,Sequential Fuel Injection,2017-11-20,"10 years / 110,000 miles","Light or Medium Heavy-Duty Otto Cycle engines for all vehicles (certified for vehicles between 14,001 lbs and 33,000 lbs GVWR inclusive)"
highway,Landi Renzo USA Corporation,2018,JLDRE06.8C11,JLDRE06.8C11-001,2018-01-23,Otto,Compressed Natural Gas,Sequential Fuel Injection,2017-11-10,"10 years / 110,000 miles","Light or Medium Heavy-Duty Otto Cycle engines for all vehicles (certified for vehicles between 14,001 lbs and 33,000 lbs GVWR inclusive)"
highway,"NGV Motori, USA, LLC",2018,JNGCH0466AEA,JNGCH0466AEA-001,2017-12-19,Diesel,Compressed Natural Gas,Throttle Body Injection,2018-01-01,Alternate Useful Life,Medium Heavy-Duty Diesel
highway,"International Motors, LLC",2018,JNVXH07570SA,JNVXH07570SA-001-R01,2017-12-01,Diesel,7-15 ppm ultra low sulfur diesel,Direct Injection,2018-01-30,"10 years / 435,000 miles / 22,000 hours",Heavy Heavy-Duty Diesel
highway,PACCAR Inc,2018,JPCRH10.8M01,JPCRH10.8M01-002,2017-10-30,Diesel,7-15 ppm ultra low sulfur diesel,Direct Injection,2017-10-30,"10 years / 435,000 miles / 22,000 hours",Heavy Heavy-Duty Diesel
highway,PACCAR Inc,2018,JPCRH12.9M01,JPCRH12.9M01-001,2017-10-30,Diesel,7-15 ppm ultra low sulfur diesel,Direct Injection,2017-10-30,"10 years / 435,000 miles / 22,000 hours",Heavy Heavy-Duty Diesel
highway,PACCAR Inc,2018,JPCRH12.9M02,JPCRH12.9M02-003,2017-10-30,Diesel,7-15 ppm ultra low sulfur diesel,Direct Injection,2017-10-30,"10 years / 435,000 miles / 22,000 hours",Heavy Heavy-Duty Diesel
highway,"PARNELL USA, INC",2018,JPRLE06.05P7,JPRLE06.05P7-001,2017-08-23,Otto,"Gasoline, Liquefied Petroleum Gas",Sequential Fuel Injection,2017-09-01,"10 years / 110,000 miles","Light or Medium Heavy-Duty Otto Cycle engines for all vehicles (certified for vehicles between 14,001 lbs and 33,000 lbs GVWR inclusive)"
highway,"Power Solutions International, Inc.",2018,JPSIE06.0GAS,JPSIE06.0GAS-001-R01,2017-10-20,Otto,Gasoline,Sequential Fuel Injection,2018-01-01,"10 years / 110,000 miles","Light or Medium Heavy-Duty Otto Cycle engines for all vehicles (certified for vehicles between 14,001 lbs and 33,000 lbs GVWR inclusive)"
highway,"Power Solutions International, Inc.",2018,JPSIE08.8GAS,JPSIE08.8GAS-002,2017-10-20,Otto,Gasoline,Sequential Fuel Injection,2018-10-15,"10 years / 110,000 miles","Light or Medium Heavy-Duty Otto Cycle engines for all vehicles (certified for vehicles between 14,001 lbs and 33,000 lbs GVWR inclusive)"
highway,"Power Solutions International, Inc.",2018,JPSIE08.8LPG,JPSIE08.8LPG-003,2018-02-04,Otto,Liquefied Petroleum Gas,Sequential Fuel Injection,2018-10-15,"10 years / 110,000 miles","Light or Medium Heavy-Duty Otto Cycle engines for all vehicles (certified for vehicles between 14,001 lbs and 33,000 lbs GVWR inclusive)"
highway,"Roush Industries, Inc.",2018,JRIIE06.8BW2,JRIIE06.8BW2-003,2018-07-19,Otto,Liquefied Petroleum Gas,Sequential Fuel Injection,2018-10-31,"10 years / 110,000 miles","Light or Medium Heavy-Duty Otto Cycle engines for all vehicles (certified for vehicles between 14,001 lbs and 33,000 lbs GVWR inclusive)"
highway,"Roush Industries, Inc.",2018,JRIIE06.8BWL,JRIIE06.8BWL-001,2017-10-24,Otto,Liquefied Petroleum Gas,Sequential Fuel Injection,2018-12-06,"10 years / 110,000 miles","Light or Medium Heavy-Duty Otto Cycle engines for all vehicles (certified for vehicles between 14,001 lbs and 33,000 lbs GVWR inclusive)"
highway,"Roush Industries, Inc.",2018,JRIIE06.8BWZ,JRIIE06.8BWZ-002,2018-02-13,Otto,Liquefied Petroleum Gas,Sequential Fuel Injection,2018-10-31,"10 years / 110,000 miles","Light or Medium Heavy-Duty Otto Cycle engines for all vehicles (certified for vehicles between 14,001 lbs and 33,000 lbs GVWR inclusive)"
highway,Isuzu Motors Limited,2018,JSZXH05.23FA,JSZXH05.23FA-001,2017-09-20,Diesel,7-15 ppm ultra low sulfur diesel,Direct Injection,2018-01-02,"10 years / 110,000 miles",Light Heavy-Duty Diesel
highway,Isuzu Motors Limited,2018,JSZXH05.23FB,JSZXH05.23FB-002,2017-11-22,Diesel,7-15 ppm ultra low sulfur diesel,Direct Injection,2018-01-02,"10 years / 110,000 miles",Light Heavy-Duty Diesel
highway,"Volvo Group Trucks Technology, Powertrain Engineering, a Division of Mack Trucks",2018,JVPTH10.8G01,JVPTH10.8G01-002,2017-12-12,Diesel,7-15 ppm ultra low sulfur diesel,Direct Injection,2018-09-10,"10 years / 435,000 miles / 22,000 hours",Heavy Heavy-Duty Diesel
highway,"Volvo Group Trucks Technology, Powertrain Engineering, a Division of Mack Trucks",2018,JVPTH12.8G01,JVPTH12.8G01-001,2017-12-12,Diesel,7-15 ppm ultra low sulfur diesel,Direct Injection,2018-09-10,"10 years / 435,000 miles / 22,000 hours",Heavy Heavy-Duty Diesel
highway,"Volvo Group Trucks Technology, Powertrain Engineering, a Division of Mack Trucks",2018,JVPTH12.8G02,JVPTH12.8G02-003,2017-12-12,Diesel,7-15 ppm ultra low sulfur diesel,Direct Injection,2017-12-18,"10 years / 435,000 miles / 22,000 hours",Heavy Heavy-Duty Diesel
highway,"AGA Systems, LLC",2017,HAGTE06.0584,HAGTE06.0584-001,2016-12-16,Otto,"Compressed Natural Gas, Gasoline",Multi-port Injection,2016-11-01,"10 years / 110,000 miles","Light or Medium Heavy-Duty Otto Cycle engines for all vehicles regardless of GVWR (but below 33,000 lbs GVWR)"
highway,Wing Fuel Systems LLC.,2017,HBAFE06.8BW6,HBAFE06.8BW6-002,2017-08-14,Otto,Compressed Natural Gas,Sequential Fuel Injection,2017-07-17,"10 years / 110,000 miles","Light or Medium Heavy-Duty Otto Cycle engines for all vehicles (certified for vehicles between 14,001 lbs and 33,000 lbs GVWR inclusive)"
highway,Wing Fuel Systems LLC.,2017,HBAFE06.8BWZ,HBAFE06.8BWZ-001,2016-11-18,Otto,Compressed Natural Gas,Sequential Fuel Injection,2016-11-01,"10 years / 110,000 miles","Light or Medium Heavy-Duty Otto Cycle engines for all vehicles (certified for vehicles between 14,001 lbs and 33,000 lbs GVWR inclusive)"
highway,"Blossman Services, Inc.",2017,HBLME06.8BWZ,HBLME06.8BWZ-001,2017-08-07,Otto,"Gasoline, Liquefied Petroleum Gas",Sequential Fuel Injection,2017-07-31,"10 years / 110,000 miles","Light or Medium Heavy-Duty Otto Cycle engines for all vehicles (certified for vehicles between 14,001 lbs and 33,000 lbs GVWR inclusive)"
highway,Cummins Inc.,2017,HCEXH0305VAA,HCEXH0305VAA-016,2016-12-13,Diesel,7-15 ppm ultra low sulfur diesel,Direct Injection,2017-12-31,"10 years / 185,000 miles",Medium Heavy-Duty Diesel
highway,Cummins Inc.,2017,HCEXH0408BAQ,HCEXH0408BAQ-004,2016-06-08,Diesel,7-15 ppm ultra low sulfur diesel,Direct Injection,2017-06-26,"10 years / 185,000 miles",Medium Heavy-Duty Diesel
highway,Cummins Inc.,2017,HCEXH0408BAS,HCEXH0408BAS-003,2016-06-08,Diesel,7-15 ppm ultra low sulfur diesel,Direct Injection,2017-06-26,"10 years / 185,000 miles",Medium Heavy-Duty Diesel
highway,Cummins Inc.,2017,HCEXH0408BAT,HCEXH0408BAT-008,2016-09-22,Diesel,7-15 ppm ultra low sulfur diesel,Direct Injection,2017-12-15,"10 years / 185,000 miles",Medium Heavy-Duty Diesel
highway,Cummins Inc.,2017,HCEXH0408BAV,HCEXH0408BAV-017,2016-12-13,Diesel,7-15 ppm ultra low sulfur diesel,Direct Injection,2017-12-15,Alternate Useful Life,Medium Heavy-Duty Diesel
highway,Cummins Inc.,2017,HCEXH0408BBA,HCEXH0408BBA-002,2016-03-04,Diesel,"Compressed Natural Gas, Liquefied Natural Gas",Throttle Body Injection,2016-04-01,"10 years / 185,000 miles",Medium Heavy-Duty Diesel
highway,Cummins Inc.,2017,HCEXH0540LAT,HCEXH0540LAT-018,2016-12-27,Diesel,7-15 ppm ultra low sulfur diesel,Direct Injection,2017-11-15,"10 years / 435,000 miles / 22,000 hours",Heavy Heavy-Duty Diesel
highway,Cummins Inc.,2017,HCEXH0540LAX,HCEXH0540LAX-007,2016-09-22,Diesel,7-15 ppm ultra low sulfur diesel,Direct Injection,2017-12-31,"10 years / 185,000 miles",Medium Heavy-Duty Diesel
highway,Cummins Inc.,2017,HCEXH0540LBF,HCEXH0540LBF-009,2016-10-13,Diesel,"Compressed Natural Gas, Liquefied Natural Gas",Throttle Body Injection,2017-03-28,"10 years / 185,000 miles",Medium Heavy-Duty Diesel
highway,Cummins Inc.,2017,HCEXH0540LBG,HCEXH0540LBG-010,2016-10-13,Diesel,"Compressed Natural Gas, Liquefied Natural Gas",Throttle Body Injection,2017-03-28,"10 years / 435,000 miles / 22,000 hours",Heavy Heavy-Duty Diesel
highway,Cummins Inc.,2017,HCEXH0540LBH,HCEXH0540LBH-015,2016-11-17,Diesel,"Compressed Natural Gas, Liquefied Natural Gas",Throttle Body Injection,2016-11-21,"10 years / 435,000 miles / 22,000 hours",Heavy Heavy-Duty Diesel
highway,Cummins Inc.,2017,HCEXH0540LBI,HCEXH0540LBI-011,2016-10-13,Diesel,"Compressed Natural Gas, Liquefied Natural Gas",Throttle Body Injection,2017-03-28,"10 years / 435,000 miles / 22,000 hours",Heavy Heavy-Duty Diesel
highway,Cummins Inc.,2017,HCEXH0540LBJ,HCEXH0540LBJ-012,2016-10-13,Diesel,"Compressed Natural Gas, Liquefied Natural Gas",Throttle Body Injection,2017-03-28,"10 years / 185,000 miles",Medium Heavy-Duty Diesel
highway,Cummins Inc.,2017,HCEXH0540LBK,HCEXH0540LBK-001,2016-02-26,Diesel,"Compressed Natural Gas, Liquefied Natural Gas",Throttle Body Injection,2017-03-28,"10 years / 435,000 miles / 22,000 hours",Heavy Heavy-Duty Diesel
highway,Cummins Inc.,2017,HCEXH0729XAE,HCEXH0729XAE-014,2016-10-27,Diesel,7-15 ppm ultra low sulfur diesel,Direct Injection,2017-12-31,"10 years / 435,000 miles / 22,000 hours",Heavy Heavy-Duty Diesel
highway,Cummins Inc.,2017,HCEXH0729XBA,HCEXH0729XBA-013,2016-10-13,Diesel,"Compressed Natural Gas, Liquefied Natural Gas",Throttle Body Injection,2017-03-28,"10 years / 435,000 miles / 22,000 hours",Heavy Heavy-Duty Diesel
highway,Cummins Inc.,2017,HCEXH0912XAW,HCEXH0912XAW-005,2016-09-22,Diesel,7-15 ppm ultra low sulfur diesel,Direct Injection,2016-12-31,"10 years / 435,000 miles / 22,000 hours",Heavy Heavy-Duty Diesel
highway,Cummins Inc.,2017,HCEXH0912XAX,HCEXH0912XAX-006,2016-09-22,Diesel,7-15 ppm ultra low sulfur diesel,Direct Injection,2016-12-31,"10 years / 435,000 miles / 22,000 hours",Heavy Heavy-Duty Diesel
highway,CleanFuel USA Inc.,2017,HCLFE06.0LPG,HCLFE06.0LPG-002,2017-01-10,Otto,Liquefied Petroleum Gas,Sequential Fuel Injection,2017-01-17,"10 years / 110,000 miles","Light or Medium Heavy-Duty Otto Cycle engines for all vehicles (certified for vehicles between 14,001 lbs and 33,000 lbs GVWR inclusive)"
highway,CleanFuel USA Inc.,2017,HCLFE08.0LPG,HCLFE08.0LPG-001,2016-12-14,Otto,Liquefied Petroleum Gas,Sequential Fuel Injection,2016-09-06,"10 years / 110,000 miles","Light or Medium Heavy-Duty Otto Cycle engines for all vehicles (certified for vehicles between 14,001 lbs and 33,000 lbs GVWR inclusive)"
highway,FCA US LLC,2017,HCRXE06.45Y0,HCRXE06.45Y0-001,2016-07-29,Otto,Gasoline,Sequential Fuel Injection,2016-07-25,"10 years / 110,000 miles","Light or Medium Heavy-Duty Otto Cycle engines for all vehicles regardless of GVWR (but below 33,000 lbs GVWR)"
highway,Detroit Diesel Corporation,2017,HDDXH05.1MDE,HDDXH05.1MDE-001-R02,2016-07-13,Diesel,7-15 ppm ultra low sulfur diesel,Direct Injection,2016-12-28,"10 years / 185,000 miles",Medium Heavy-Duty Diesel
highway,Detroit Diesel Corporation,2017,HDDXH12.8FED,HDDXH12.8FED-002,2016-12-07,Diesel,7-15 ppm ultra low sulfur diesel,Direct Injection,2017-11-20,"10 years / 435,000 miles / 22,000 hours",Heavy Heavy-Duty Diesel
highway,Detroit Diesel Corporation,2017,HDDXH14.8EAD,HDDXH14.8EAD-003-R01,2016-12-07,Diesel,7-15 ppm ultra low sulfur diesel,Direct Injection,2017-11-20,"10 years / 435,000 miles / 22,000 hours",Heavy Heavy-Duty Diesel
highway,Detroit Diesel Corporation,2017,HDDXH15.6GED,HDDXH15.6GED-004,2016-12-07,Diesel,7-15 ppm ultra low sulfur diesel,Direct Injection,2017-12-11,"10 years / 435,000 miles / 22,000 hours",Heavy Heavy-Duty Diesel
highway,Encore TEC LLC,2017,HEL3E06.0760,HEL3E06.0760-001,2016-10-17,Otto,Compressed Natural Gas,Sequential Fuel Injection,2017-01-01,"10 years / 110,000 miles","Light or Medium Heavy-Duty Otto Cycle engines for all vehicles regardless of GVWR (but below 33,000 lbs GVWR)"
highway,Encore TEC LLC,2017,HEL3E06.076P,HEL3E06.076P-003,2017-04-28,Otto,Compressed Natural Gas,Sequential Fuel Injection,2017-04-28,"10 years / 110,000 miles","Light or Medium Heavy-Duty Otto Cycle engines for all vehicles regardless of GVWR (but below 33,000 lbs GVWR)"
highway,Encore TEC LLC,2017,HEL3E06.8BW6,HEL3E06.8BW6-002,2016-11-10,Otto,Compressed Natural Gas,Sequential Fuel Injection,2017-09-01,"10 years / 110,000 miles","Light or Medium Heavy-Duty Otto Cycle engines for all vehicles regardless of GVWR (but below 33,000 lbs GVWR)"
highway,Encore TEC LLC,2017,HEL3E06.8BWZ,HEL3E06.8BWZ-004,2017-08-02,Otto,Compressed Natural Gas,Sequential Fuel Injection,2017-07-13,"10 years / 110,000 miles","Light or Medium Heavy-Duty Otto Cycle engines for all vehicles regardless of GVWR (but below 33,000 lbs GVWR)"
highway,Ford Motor Company,2017,HFMXE06.8BW6,HFMXE06.8BW6-004,2016-12-06,Otto,Gasoline,Multi-port Injection,2016-12-19,"10 years / 110,000 miles","Light or Medium Heavy-Duty Otto Cycle engines for all vehicles (certified for vehicles between 14,001 lbs and 33,000 lbs GVWR inclusive)"
highway,Ford Motor Company,2017,HFMXE06.8BWZ,HFMXE06.8BWZ-005,2016-12-06,Otto,Gasoline,Multi-port Injection,2017-01-16,"10 years / 110,000 miles","Light or Medium Heavy-Duty Otto Cycle engines for all vehicles (certified for vehicles between 14,001 lbs and 33,000 lbs GVWR inclusive)"
highway,Ford Motor Company,2017,HFMXH06.7C45,HFMXH06.7C45-001,2016-10-18,Diesel,7-15 ppm ultra low sulfur diesel,Electronic Direct Injection,2016-11-21,"10 years / 185,000 miles",Medium Heavy-Duty Diesel
highway,Ford Motor Company,2017,HFMXH06.7P4A,HFMXH06.7P4A-002,2016-10-19,Diesel,7-15 ppm ultra low sulfur diesel,Electronic Direct Injection,2016-11-29,"10 years / 110,000 miles",Light Heavy-Duty Diesel
highway,Ford Motor Company,2017,HFMXH06.7P4B,HFMXH06.7P4B-003,2016-10-19,Diesel,7-15 ppm ultra low sulfur diesel,Electronic Direct Injection,2016-11-29,"10 years / 110,000 miles",Light Heavy-Duty Diesel
highway,FPT Industrial S.p.A.,2017,HFPXH03.0F1A,HFPXH03.0F1A-001,2017-08-31,Diesel,7-15 ppm ultra low sulfur diesel,Direct Injection,2017-09-20,"10 years / 110,000 miles",Light Heavy-Duty Diesel
highway,FPT Industrial S.p.A.,2017,HFPXH03.0F1B,HFPXH03.0F1B-002,2017-08-31,Diesel,7-15 ppm ultra low sulfur diesel,Direct Injection,2017-09-20,"10 years / 110,000 miles",Light Heavy-Duty Diesel
highway,Greenkraft Inc.,2017,HGKTE06.0GM2,HGKTE06.0GM2-001,2017-02-02,Otto,Compressed Natural Gas,Multi-port Injection,2017-02-01,"10 years / 110,000 miles","Light or Medium Heavy-Duty Otto Cycle engines for all vehicles (certified for vehicles between 14,001 lbs and 33,000 lbs GVWR inclusive)"
highway,Greenkraft Inc.,2017,HGKTE06.0PRO,HGKTE06.0PRO-002,2017-02-02,Otto,Propane,Multi-port Injection,2017-02-01,"10 years / 110,000 miles","Light or Medium Heavy-Duty Otto Cycle engines for all vehicles (certified for vehicles between 14,001 lbs and 33,000 lbs GVWR inclusive)"
highway,Greenkraft Inc.,2017,HGKTE08.0GC8,HGKTE08.0GC8-003,2017-04-21,Otto,Compressed Natural Gas,Multi-port Injection,2017-03-01,"10 years / 110,000 miles","Light or Medium Heavy-Duty Otto Cycle engines for all vehicles (certified for vehicles between 14,001 lbs and 33,000 lbs GVWR inclusive)"
highway,Greenkraft Inc.,2017,HGKTE08.0GL8,HGKTE08.0GL8-005,2017-04-21,Otto,Propane,Multi-port Injection,2017-03-01,"10 years / 110,000 miles","Light or Medium Heavy-Duty Otto Cycle engines for all vehicles (certified for vehicles between 14,001 lbs and 33,000 lbs GVWR inclusive)"
highway,Greenkraft Inc.,2017,HGKTE08.0GS8,HGKTE08.0GS8-004,2017-04-21,Otto,Gasoline,Multi-port Injection,2017-03-01,"10 years / 110,000 miles","Light or Medium Heavy-Duty Otto Cycle engines for all vehicles (certified for vehicles between 14,001 lbs and 33,000 lbs GVWR inclusive)"
highway,General Motors LLC,2017,HGMXE06.0584,HGMXE06.0584-001,2016-11-01,Otto,Gasoline,Sequential Fuel Injection,2016-12-01,"10 years / 110,000 miles","Light or Medium Heavy-Duty Otto Cycle engines for all vehicles regardless of GVWR (but below 33,000 lbs GVWR)"
highway,Icom North America LLC,2017,HICME06.8B6D,HICME06.8B6D-001,2017-04-28,Otto,"Gasoline, Liquefied Petroleum Gas",Sequential Fuel Injection,2017-04-20,"10 years / 110,000 miles","Light or Medium Heavy-Duty Otto Cycle engines for all vehicles (certified for vehicles between 14,001 lbs and 33,000 lbs GVWR inclusive)"
highway,Icom North America LLC,2017,HICME06.8B6M,HICME06.8B6M-003,2017-04-28,Otto,Liquefied Petroleum Gas,Sequential Fuel Injection,2017-04-20,"10 years / 110,000 miles","Light or Medium Heavy-Duty Otto Cycle engines for all vehicles (certified for vehicles between 14,001 lbs and 33,000 lbs GVWR inclusive)"
highway,Icom North America LLC,2017,HICME06.8B7D,HICME06.8B7D-002,2017-04-28,Otto,"Gasoline, Liquefied Petroleum Gas",Sequential Fuel Injection,2017-04-20,"10 years / 110,000 miles","Light or Medium Heavy-Duty Otto Cycle engines for all vehicles (certified for vehicles between 14,001 lbs and 33,000 lbs GVWR inclusive)"
highway,Icom North America LLC,2017,HICME06.8B7M,HICME06.8B7M-004,2017-04-28,Otto,Liquefied Petroleum Gas,Sequential Fuel Injection,2017-04-20,"10 years / 110,000 miles","Light or Medium Heavy-Duty Otto Cycle engines for all vehicles (certified for vehicles between 14,001 lbs and 33,000 lbs GVWR inclusive)"
highway,Landi Renzo USA Corporation,2017,HLDRE06.0C10,HLDRE06.0C10-001,2016-10-03,Otto,Compressed Natural Gas,Sequential Fuel Injection,2016-09-01,"10 years / 110,000 miles","Light or Medium Heavy-Duty Otto Cycle engines for all vehicles (certified for vehicles between 14,001 lbs and 33,000 lbs GVWR inclusive)"
highway,Landi Renzo USA Corporation,2017,HLDRE06.8B10,HLDRE06.8B10-002,2016-12-20,Otto,Compressed Natural Gas,Sequential Fuel Injection,2017-01-01,"10 years / 110,000 miles","Light or Medium Heavy-Duty Otto Cycle engines for all vehicles (certified for vehicles between 14,001 lbs and 33,000 lbs GVWR inclusive)"
highway,Landi Renzo USA Corporation,2017,HLDRE06.8C11,HLDRE06.8C11-003,2017-03-31,Otto,Compressed Natural Gas,Sequential Fuel Injection,2017-03-31,"10 years / 110,000 miles","Light or Medium Heavy-Duty Otto Cycle engines for all vehicles (certified for vehicles between 14,001 lbs and 33,000 lbs GVWR inclusive)"
highway,"NGV Motori, USA, LLC",2017,HNGCH0466AEA,HNGCH0466AEA-001,2016-07-22,Diesel,Compressed Natural Gas,Throttle Body Injection,2016-07-22,Alternate Useful Life,Medium Heavy-Duty Diesel
highway,"International Motors, LLC",2017,HNVXH05700SA,HNVXH05700SA-002,2017-05-16,Diesel,7-15 ppm ultra low sulfur diesel,Direct Injection,2017-09-26,"10 years / 185,000 miles",Medium Heavy-Duty Diesel
highway,"International Motors, LLC",2017,HNVXH07570SA,HNVXH07570SA-003,2017-06-27,Diesel,7-15 ppm ultra low sulfur diesel,Direct Injection,2017-09-26,"10 years / 435,000 miles / 22,000 hours",Heavy Heavy-Duty Diesel
highway,"International Motors, LLC",2017,HNVXH07570SB,HNVXH07570SB-001-R01,2017-03-07,Diesel,7-15 ppm ultra low sulfur diesel,Direct Injection,2017-09-26,"10 years / 435,000 miles / 22,000 hours",Heavy Heavy-Duty Diesel
highway,PACCAR Inc,2017,HPCRH10.8M01,HPCRH10.8M01-003,2016-11-09,Diesel,7-15 ppm ultra low sulfur diesel,Direct Injection,2016-11-09,"10 years / 435,000 miles / 22,000 hours",Heavy Heavy-Duty Diesel
highway,PACCAR Inc,2017,HPCRH12.9M01,HPCRH12.9M01-001,2016-11-09,Diesel,7-15 ppm ultra low sulfur diesel,Direct Injection,2016-11-09,"10 years / 435,000 miles / 22,000 hours",Heavy Heavy-Duty Diesel
highway,PACCAR Inc,2017,HPCRH12.9M02,HPCRH12.9M02-002,2016-11-09,Diesel,7-15 ppm ultra low sulfur diesel,Direct Injection,2016-11-09,"10 years / 435,000 miles / 22,000 hours",Heavy Heavy-Duty Diesel
highway,"Powertrain Integration, LLC",2017,HPITE06.0GAS,HPITE06.0GAS-001,2016-04-07,Otto,Gasoline,Sequential Fuel Injection,2016-03-16,"10 years / 110,000 miles","Light or Medium Heavy-Duty Otto Cycle engines for all vehicles (certified for vehicles between 14,001 lbs and 33,000 lbs GVWR inclusive)"
highway,"Power Solutions International, Inc.",2017,HPSIE06.0CNG,HPSIE06.0CNG-002,2016-11-18,Otto,Compressed Natural Gas,Sequential Fuel Injection,2016-08-29,"10 years / 110,000 miles","Light or Medium Heavy-Duty Otto Cycle engines for all vehicles (certified for vehicles between 14,001 lbs and 33,000 lbs GVWR inclusive)"
highway,"Power Solutions International, Inc.",2017,HPSIE06.0LPG,HPSIE06.0LPG-001,2016-11-18,Otto,Liquefied Petroleum Gas,Sequential Fuel Injection,2016-08-29,"10 years / 110,000 miles","Light or Medium Heavy-Duty Otto Cycle engines for all vehicles (certified for vehicles between 14,001 lbs and 33,000 lbs GVWR inclusive)"
highway,"Power Solutions International, Inc.",2017,HPSIE08.8CNG,HPSIE08.8CNG-004,2016-11-28,Otto,Compressed Natural Gas,Sequential Fuel Injection,2016-08-29,"10 years / 110,000 miles","Light or Medium Heavy-Duty Otto Cycle engines for all vehicles (certified for vehicles between 14,001 lbs and 33,000 lbs GVWR inclusive)"
highway,"Power Solutions International, Inc.",2017,HPSIE08.8LPG,HPSIE08.8LPG-003,2016-11-28,Otto,Liquefied Petroleum Gas,Sequential Fuel Injection,2016-08-29,"10 years / 110,000 miles","Light or Medium Heavy-Duty Otto Cycle engines for all vehicles (certified for vehicles between 14,001 lbs and 33,000 lbs GVWR inclusive)"
highway,"Roush Industries, Inc.",2017,HRIIE06.8BWC,HRIIE06.8BWC-003,2017-04-12,Otto,Compressed Natural Gas,Sequential Fuel Injection,2017-12-19,"10 years / 110,000 miles","Light or Medium Heavy-Duty Otto Cycle engines for all vehicles (certified for vehicles between 14,001 lbs and 33,000 lbs GVWR inclusive)"
highway,"Roush Industries, Inc.",2017,HRIIE06.8BWL,HRIIE06.8BWL-002,2017-04-12,Otto,Liquefied Petroleum Gas,Sequential Fuel Injection,2017-12-19,"10 years / 110,000 miles","Light or Medium Heavy-Duty Otto Cycle engines for all vehicles (certified for vehicles between 14,001 lbs and 33,000 lbs GVWR inclusive)"
highway,"Roush Industries, Inc.",2017,HRIIE06.8BWZ,HRIIE06.8BWZ-001,2017-04-11,Otto,Liquefied Petroleum Gas,Sequential Fuel Injection,2017-10-22,"10 years / 110,000 miles","Light or Medium Heavy-Duty Otto Cycle engines for all vehicles (certified for vehicles between 14,001 lbs and 33,000 lbs GVWR inclusive)"
highway,Isuzu Motors Limited,2017,HSZXH05.23FA,HSZXH05.23FA-001,2016-09-29,Diesel,7-15 ppm ultra low sulfur diesel,Direct Injection,2017-01-22,"10 years / 110,000 miles",Light Heavy-Duty Diesel
highway,Isuzu Motors Limited,2017,HSZXH05.23FB,HSZXH05.23FB-002,2017-01-24,Diesel,7-15 ppm ultra low sulfur diesel,Direct Injection,2017-02-01,"10 years / 110,000 miles",Light Heavy-Duty Diesel
highway,"Volvo Group Trucks Technology, Powertrain Engineering, a Division of Mack Trucks",2017,HVPTH10.8G01,HVPTH10.8G01-002-R02,2016-12-13,Diesel,7-15 ppm ultra low sulfur diesel,Direct Injection,2017-10-22,"10 years / 435,000 miles / 22,000 hours",Heavy Heavy-Duty Diesel
highway,"Volvo Group Trucks Technology, Powertrain Engineering, a Division of Mack Trucks",2017,HVPTH12.8G01,HVPTH12.8G01-001-R01,2016-10-24,Diesel,7-15 ppm ultra low sulfur diesel,Direct Injection,2017-10-23,"10 years / 435,000 miles / 22,000 hours",Heavy Heavy-Duty Diesel
highway,"Volvo Group Trucks Technology, Powertrain Engineering, a Division of Mack Trucks",2017,HVPTH12.8G02,HVPTH12.8G02-003-R01,2017-04-27,Diesel,7-15 ppm ultra low sulfur diesel,Direct Injection,2017-10-23,"10 years / 435,000 miles / 22,000 hours",Heavy Heavy-Duty Diesel
highway,"IMPCO Technologies, Inc.",2017,HZ9XE06.8DC2,HZ9XE06.8DC2-001-R01,2016-10-11,Otto,Compressed Natural Gas,Sequential Fuel Injection,2016-10-11,"10 years / 110,000 miles","Light or Medium Heavy-Duty Otto Cycle engines for all vehicles (certified for vehicles between 14,001 lbs and 33,000 lbs GVWR inclusive)"
highway,"IMPCO Technologies, Inc.",2017,HZ9XE06.8DC6,HZ9XE06.8DC6-002,2016-11-01,Otto,Compressed Natural Gas,Sequential Fuel Injection,2016-10-03,"10 years / 110,000 miles","Light or Medium Heavy-Duty Otto Cycle engines for all vehicles (certified for vehicles between 14,001 lbs and 33,000 lbs GVWR inclusive)"
highway,"AGA Systems, LLC",2016,GAGTE06.0584,GAGTE06.0584-001,2016-09-21,Otto,"Compressed Natural Gas, Gasoline",Multi-port Injection,2016-08-31,"10 years / 110,000 miles","Light or Medium Heavy-Duty Otto Cycle engines for all vehicles regardless of GVWR (but below 33,000 lbs GVWR)"
highway,Wing Fuel Systems LLC.,2016,GBAFE06.8BWZ,GBAFE06.8BWZ-001,2016-01-04,Otto,Compressed Natural Gas,Sequential Fuel Injection,2015-12-15,"10 years / 110,000 miles","Light or Medium Heavy-Duty Otto Cycle engines for all vehicles (certified for vehicles between 14,001 lbs and 33,000 lbs GVWR inclusive)"
highway,"Bi-Phase Technologies, LLC.",2016,GBPTE06.0G12,GBPTE06.0G12-001,2015-12-17,Otto,Liquefied Petroleum Gas,Sequential Fuel Injection,2015-11-13,"10 years / 110,000 miles","Light or Medium Heavy-Duty Otto Cycle engines for all vehicles (certified for vehicles between 14,001 lbs and 33,000 lbs GVWR inclusive)"
highway,Cummins Inc.,2016,GCEXH0540LBH,GCEXH0540LBH-002,2016-05-06,Diesel,"Compressed Natural Gas, Liquefied Natural Gas",Throttle Body Injection,2016-05-23,"10 years / 435,000 miles / 22,000 hours",Heavy Heavy-Duty Diesel
highway,Cummins Inc.,2016,GCEXH0912XAV,GCEXH0912XAV-001,2016-03-16,Diesel,7-15 ppm ultra low sulfur diesel,Direct Injection,2016-04-01,"10 years / 435,000 miles / 22,000 hours",Heavy Heavy-Duty Diesel
highway,CleanFuel USA Inc.,2016,GCLFE08.0LPG,GCLFE08.0LPG-001,2016-02-03,Otto,Liquefied Petroleum Gas,Sequential Fuel Injection,2016-01-01,"10 years / 110,000 miles","Light or Medium Heavy-Duty Otto Cycle engines for all vehicles (certified for vehicles between 14,001 lbs and 33,000 lbs GVWR inclusive)"
highway,Encore TEC LLC,2016,GEL3E06.0560,GEL3E06.0560-006,2016-07-05,Otto,Compressed Natural Gas,Sequential Fuel Injection,2016-05-13,"10 years / 110,000 miles","Light or Medium Heavy-Duty Otto Cycle engines for all vehicles regardless of GVWR (but below 33,000 lbs GVWR)"
highway,Encore TEC LLC,2016,GEL3E06.0660,GEL3E06.0660-005,2016-06-21,Otto,Compressed Natural Gas,Sequential Fuel Injection,2016-05-13,"10 years / 110,000 miles","Light or Medium Heavy-Duty Otto Cycle engines for all vehicles regardless of GVWR (but below 33,000 lbs GVWR)"
highway,Encore TEC LLC,2016,GEL3E06.8214,GEL3E06.8214-004,2016-05-09,Otto,Compressed Natural Gas,Sequential Fuel Injection,2016-03-25,"10 years / 110,000 miles","Light or Medium Heavy-Duty Otto Cycle engines for all vehicles regardless of GVWR (but below 33,000 lbs GVWR)"
highway,Encore TEC LLC,2016,GEL3E06.8215,GEL3E06.8215-003,2016-04-18,Otto,Compressed Natural Gas,Sequential Fuel Injection,2016-03-25,"10 years / 110,000 miles","Light or Medium Heavy-Duty Otto Cycle engines for all vehicles regardless of GVWR (but below 33,000 lbs GVWR)"
highway,Encore TEC LLC,2016,GEL3E06.8314,GEL3E06.8314-002,2016-03-29,Otto,Compressed Natural Gas,Sequential Fuel Injection,2016-03-22,"10 years / 110,000 miles","Light or Medium Heavy-Duty Otto Cycle engines for all vehicles regardless of GVWR (but below 33,000 lbs GVWR)"
highway,Encore TEC LLC,2016,GEL3E06.8315,GEL3E06.8315-001,2016-03-29,Otto,Compressed Natural Gas,Sequential Fuel Injection,2016-03-22,"10 years / 110,000 miles","Light or Medium Heavy-Duty Otto Cycle engines for all vehicles regardless of GVWR (but below 33,000 lbs GVWR)"
highway,Ford Motor Company,2016,GFMXE06.8BW6,GFMXE06.8BW6-001,2016-02-04,Otto,Gasoline,Multi-port Injection,2016-04-01,"10 years / 110,000 miles","Light or Medium Heavy-Duty Otto Cycle engines for all vehicles (certified for vehicles between 14,001 lbs and 33,000 lbs GVWR inclusive)"
highway,Ford Motor Company,2016,GFMXH06.7P4A,GFMXH06.7P4A-002-R01,2016-07-07,Diesel,7-15 ppm ultra low sulfur diesel,Electronic Direct Injection,2016-07-11,"10 years / 110,000 miles",Light Heavy-Duty Diesel
highway,Ford Motor Company,2016,GFMXH06.7P4B,GFMXH06.7P4B-003-R01,2016-07-07,Diesel,7-15 ppm ultra low sulfur diesel,Electronic Direct Injection,2016-07-11,"10 years / 110,000 miles",Light Heavy-Duty Diesel
highway,FPT Industrial S.p.A.,2016,GFPXH03.0F1A,GFPXH03.0F1A-001,2016-11-08,Diesel,7-15 ppm ultra low sulfur diesel,Direct Injection,2016-11-18,"10 years / 110,000 miles",Light Heavy-Duty Diesel
highway,FPT Industrial S.p.A.,2016,GFPXH03.0F1B,GFPXH03.0F1B-002,2016-11-08,Diesel,7-15 ppm ultra low sulfur diesel,Direct Injection,2016-11-18,"10 years / 110,000 miles",Light Heavy-Duty Diesel
highway,Greenkraft Inc.,2016,GGKTE06.0GM2,GGKTE06.0GM2-001,2016-01-04,Otto,Compressed Natural Gas,Multi-port Injection,2015-11-11,"10 years / 110,000 miles","Light or Medium Heavy-Duty Otto Cycle engines for all vehicles (certified for vehicles between 14,001 lbs and 33,000 lbs GVWR inclusive)"
highway,Greenkraft Inc.,2016,GGKTE06.0PRO,GGKTE06.0PRO-002,2016-01-19,Otto,Propane,Multi-port Injection,2015-12-04,"10 years / 110,000 miles","Light or Medium Heavy-Duty Otto Cycle engines for all vehicles (certified for vehicles between 14,001 lbs and 33,000 lbs GVWR inclusive)"
highway,Greenkraft Inc.,2016,GGKTE08.0GM8,GGKTE08.0GM8-003,2016-02-17,Otto,Compressed Natural Gas,Multi-port Injection,2015-12-26,"10 years / 110,000 miles","Light or Medium Heavy-Duty Otto Cycle engines for all vehicles (certified for vehicles between 14,001 lbs and 33,000 lbs GVWR inclusive)"
highway,Greenkraft Inc.,2016,GGKTE08.0PR8,GGKTE08.0PR8-004,2016-02-17,Otto,Propane,Multi-port Injection,2016-01-20,"10 years / 110,000 miles","Light or Medium Heavy-Duty Otto Cycle engines for all vehicles (certified for vehicles between 14,001 lbs and 33,000 lbs GVWR inclusive)"
highway,Landi Renzo USA Corporation,2016,GLDRE06.0C10,GLDRE06.0C10-001,2016-01-19,Otto,Compressed Natural Gas,Sequential Fuel Injection,2016-01-04,"10 years / 110,000 miles","Light or Medium Heavy-Duty Otto Cycle engines for all vehicles (certified for vehicles between 14,001 lbs and 33,000 lbs GVWR inclusive)"
highway,Landi Renzo USA Corporation,2016,GLDRE06.8C10,GLDRE06.8C10-003,2016-07-29,Otto,Compressed Natural Gas,Sequential Fuel Injection,2016-05-02,"10 years / 110,000 miles","Light or Medium Heavy-Duty Otto Cycle engines for all vehicles (certified for vehicles between 14,001 lbs and 33,000 lbs GVWR inclusive)"
highway,Landi Renzo USA Corporation,2016,GLDRE06.8C11,GLDRE06.8C11-002,2016-03-17,Otto,Compressed Natural Gas,Sequential Fuel Injection,2016-02-01,"10 years / 110,000 miles","Light or Medium Heavy-Duty Otto Cycle engines for all vehicles (certified for vehicles between 14,001 lbs and 33,000 lbs GVWR inclusive)"
highway,"Roush Industries, Inc.",2016,GRIIE06.8BWC,GRIIE06.8BWC-002,2016-08-04,Otto,Compressed Natural Gas,Sequential Fuel Injection,2016-07-29,"10 years / 110,000 miles","Light or Medium Heavy-Duty Otto Cycle engines for all vehicles (certified for vehicles between 14,001 lbs and 33,000 lbs GVWR inclusive)"
highway,"Roush Industries, Inc.",2016,GRIIE06.8BWL,GRIIE06.8BWL-001,2016-03-21,Otto,Liquefied Petroleum Gas,Sequential Fuel Injection,2016-12-31,"10 years / 110,000 miles","Light or Medium Heavy-Duty Otto Cycle engines for all vehicles (certified for vehicles between 14,001 lbs and 33,000 lbs GVWR inclusive)"
highway,Isuzu Motors Limited,2016,GSZXH05.23FA,GSZXH05.23FA-001,2015-12-02,Diesel,7-15 ppm ultra low sulfur diesel,Direct Injection,2015-12-21,"10 years / 110,000 miles",Light Heavy-Duty Diesel
highway,"IMPCO Technologies, Inc.",2016,GZ9XE06.8DC3,GZ9XE06.8DC3-001,2016-03-21,Otto,Compressed Natural Gas,Sequential Fuel Injection,2016-03-21,"10 years / 110,000 miles","Light or Medium Heavy-Duty Otto Cycle engines for all vehicles (certified for vehicles between 14,001 lbs and 33,000 lbs GVWR inclusive)"
highway,"IMPCO Technologies, Inc.",2016,GZ9XE06.8DC6,GZ9XE06.8DC6-002,2016-03-21,Otto,Compressed Natural Gas,Sequential Fuel Injection,2016-03-21,"10 years / 110,000 miles","Light or Medium Heavy-Duty Otto Cycle engines for all vehicles (certified for vehicles between 14,001 lbs and 33,000 lbs GVWR inclusive)"
highway,"Blossman Services, Inc.",2015,FBLME06.0584,FBLME06.0584-001,2015-12-07,Otto,"Gasoline, Liquefied Petroleum Gas",Sequential Fuel Injection,2015-12-01,"10 years / 110,000 miles","Light or Medium Heavy-Duty Otto Cycle engines for all vehicles regardless of GVWR (but below 33,000 lbs GVWR)"
highway,"Blossman Services, Inc.",2015,FBLME06.8BW5,FBLME06.8BW5-002,2015-12-17,Otto,"Gasoline, Liquefied Petroleum Gas",Sequential Fuel Injection,2015-12-17,"10 years / 110,000 miles","Light or Medium Heavy-Duty Otto Cycle engines for all vehicles (certified for vehicles between 14,001 lbs and 33,000 lbs GVWR inclusive)"
highway,"NGV Motori, USA, LLC",2015,FNGCH0466AEA,FNGCH0466AEA-001-R02,2015-11-18,Diesel,Compressed Natural Gas,Throttle Body Injection,2015-12-21,Alternate Useful Life,Medium Heavy-Duty Diesel
